symbol,name,cik,market_category,financial_status
AACG,"ATA Creativity Global - American Depositary Shares, each representing two common shares",,S,D
AACI,Armada Acquisition Corp. III - Class A Ordinary Share,,G,N
AACO,Abony Acquisition Corp. I - Class A Ordinary Share,,G,N
AACP,Apogee Acquisition Corp - Class A Ordinary Shares,,G,N
AAL,"American Airlines Group, Inc. - Common Stock",,Q,N
AAME,Atlantic American Corporation - Common Stock,,G,E
AAOI,"Applied Optoelectronics, Inc. - Common Stock",,G,N
AAON,"AAON, Inc. - Common Stock",,Q,N
AAPG,Ascentage Pharma Group International - American Depository Shares,,G,N
AAPL,Apple Inc. - Common Stock,,Q,N
AARD,"Aardvark Therapeutics, Inc. - Common Stock",,Q,N
ABAT,American Battery Technology Company - Common Stock,,S,N
ABCL,AbCellera Biologics Inc. - Common Shares,,Q,N
ABEO,Abeona Therapeutics Inc. - Common Stock,,S,N
ABLV,Able View Global Inc. - Class B Ordinary Shares,,S,N
ABNB,"Airbnb, Inc. - Class A Common Stock",,Q,N
ABOS,"Acumen Pharmaceuticals, Inc. - Common Stock",,Q,N
ABSI,Absci Corporation - Common Stock,,Q,N
ABTC,American Bitcoin Corp. - Class A Common Stock,,S,N
ABTS,Abits Group Inc - Ordinary Shares,,S,N
ABUS,Arbutus Biopharma Corporation - Common Stock,,Q,N
ABVC,"ABVC BioPharma, Inc. - Common Stock",,S,N
ABVX,Abivax SA - American Depositary Shares,,G,N
ACAA,Averin Capital Acquisition Corp. - Class A Ordinary Shares,,G,N
ACAD,ACADIA Pharmaceuticals Inc. - Common Stock,,Q,N
ACB,Aurora Cannabis Inc. - Common Shares,,S,N
ACCL,Acco Group Holdings Limited - Class A Ordinary Shares,,S,N
ACCV,Accelevation Holdings Corp. - Class A ordinary shares,,Q,N
ACDC,ProFrac Holding Corp. - Class A Common Stock,,Q,N
ACET,"Adicet Bio, Inc. - Common Stock",,S,N
ACFN,"Acorn Energy, Inc. - Common Stock",,S,N
ACGC,ACP Holdings Acquisition Corp. - Class A Ordinary Shares,,G,N
ACGL,Arch Capital Group Ltd. - Common Stock,,Q,N
ACHC,"Acadia Healthcare Company, Inc. - Common Stock",,Q,N
ACHV,"Achieve Life Sciences, Inc.  - Common Shares",,S,N
ACIC,American Coastal Insurance Corporation - Common Stock,,S,N
ACIU,AC Immune SA - Common Stock,,G,N
ACIW,"ACI Worldwide, Inc. - Common Stock",,Q,N
ACLS,"Axcelis Technologies, Inc. - Common Stock",,Q,N
ACMR,"ACM Research, Inc. - Class A Common Stock",,G,N
ACNB,ACNB Corporation - Common Stock,,S,N
ACNT,Ascent Industries Co. - Common Stock,,G,N
ACOG,Alpha Cognition Inc. - Common Stock,,S,N
ACON,"Aclarion, Inc. - Common Stock",,S,N
ACRS,"Aclaris Therapeutics, Inc. - Common Stock",,Q,N
ACRV,"Acrivon Therapeutics, Inc. - Common Stock",,G,N
ACT,"Enact Holdings, Inc. - Common Stock",,Q,N
ACTG,Acacia Research Corporation - Common Stock,,Q,N
ACTU,"Actuate Therapeutics, Inc. - Common stock",,G,D
ACXP,"Acurx Pharmaceuticals, Inc. - Common Stock",,S,N
ADAC,American Drive Acquisition Company - Class A Ordinary Shares,,G,N
ADAG,"Adagene Inc. - ADS, each representing 1.25 ordinary shares",,G,N
ADAM,"Adamas Trust, Inc. - Common Stock",,Q,N
ADBE,Adobe Inc. - Common Stock,,Q,N
ADBT,"Advasa Holdings, Inc. - Common stock",,G,N
ADEA,Adeia Inc.  - Common Stock,,Q,N
ADGM,"Adagio Medical Holdings, Inc - Common Stock",,S,D
ADI,"Analog Devices, Inc. - Common Stock",,Q,N
ADIL,"Adial Pharmaceuticals, Inc - Common Stock",,S,D
ADMA,ADMA Biologics Inc - Common Stock,,G,N
ADP,"Automatic Data Processing, Inc. - Common Stock",,Q,N
ADPT,Adaptive Biotechnologies Corporation - Common Stock,,Q,N
ADRX,"ADARx Pharmaceuticals, Inc. - Common stock",,Q,N
ADSE,ADS-TEC ENERGY PLC - Ordinary Shares,,S,N
ADSK,"Autodesk, Inc. - Common Stock",,Q,N
ADTN,"ADTRAN Holdings, Inc. - Common Stock",,Q,N
ADUR,Aduro Clean Technologies Inc. - Common Stock,,S,N
ADUS,Addus HomeCare Corporation - Common Stock,,Q,N
ADV,Advantage Solutions Inc.  - Class A Common Stock,,Q,N
ADVB,Advanced Biomed Inc. - Common Stock,,S,N
ADXN,Addex Therapeutics Ltd - American Depositary Shares,,S,N
AEAQ,Activate Energy Acquisition Corp. - Class A Ordinary Share,,G,N
AEBI,Aebi Schmidt Holding AG - Common Stock,,Q,N
AEC,Anfield Energy Inc. - Common Shares,,S,N
AEHL,Antelope Enterprise Holdings Limited - Class A Ordinary Shares,,S,N
AEHR,Aehr Test Systems - Common Stock,,S,N
AEI,Alset Inc. - Common Stock,,S,N
AEIS,"Advanced Energy Industries, Inc. - Common Stock",,Q,N
AEMD,"Aethlon Medical, Inc. - Common Stock",,S,N
AENT,Alliance Entertainment Holding Corporation - common stock,,S,N
AEP,"American Electric Power Company, Inc. - Common Stock",,Q,N
AERT,"Aeries Technology, Inc. - Class A Ordinary Share",,S,N
AESP,Aeon Acquisition I Corp. - Class A Ordinary Shares,,G,N
AEVA,"Aeva Technologies, Inc. - Common Stock",,Q,N
AEYE,"AudioEye, Inc. - Common Stock",,S,N
AFCG,Advanced Flower Capital Inc. - Common Stock,,G,N
AFJK,"Aimei Health Technology Co., Ltd - Ordinary Share",,G,D
AFRI,Forafric Global PLC - Ordinary Shares,,S,N
AFRM,"Affirm Holdings, Inc. - Class A Common Stock",,Q,N
AFYA,Afya Limited - Class A Common Shares,,Q,N
AGCC,Agencia Comercial Spirits Ltd - Class A Ordinary Share,,S,N
AGEN,Agenus Inc. - Common Stock,,S,N
AGIO,"Agios Pharmaceuticals, Inc. - Common Stock",,Q,N
AGMB,AgomAb Therapeutics NV - ADRs representing one common share.,,Q,N
AGMH,AGM Group Holdings Inc. - Class A Ordinary Shares,,S,N
AGNC,AGNC Investment Corp. - Common Stock,,Q,N
AGNT,"AGNT, Inc. - Common Stock",,G,N
AGPU,Axe Compute Inc. - Common Stock,,S,N
AGRZ,Agroz Inc. - Class A Ordinary Shares,,S,H
AGYS,"Agilysys, Inc. - Common Stock",,Q,N
AHCO,AdaptHealth Corp.  - Common Stock,,S,N
AHG,Akso Health Group - American Depositary Shares,,S,N
AHMA,Ambitions Enterprise Management Co. L.L.C - Class A Ordinary Shares,,S,N
AIAI,AIAI Holdings Corporation - Class A common stock,,G,N
AIBZ,Bitzero Holdings Inc. - Common Shares,,S,N
AIDX,"20/20 Biolabs, Inc. - Common Stock",,S,D
AIFA,"All In FutureTech Alliance, Inc. - Common Stock",,S,N
AIFC,AI Financial Corporation - Common Stock,,S,D
AIFF,"Firefly Neuroscience, Inc.  - Common Stock",,S,N
AIFU,AIFU Inc. - Class A Ordinary Share,,Q,N
AIIO,Robo.ai Inc. - Class B Ordinary Shares,,S,N
AIIR,Air Global PLC - Ordinary shares,,S,N
AIMD,"Ainos, Inc. - Common Stock",,S,N
AIOK,AI OKTO CORP. - Common Stock,,S,N
AIOS,AIOS Tech Inc. - Class A Common Shares,,S,N
AIOT,"PowerFleet, Inc. - Common Stock",,G,N
AIP,"Arteris, Inc.  - Common Stock",,G,N
AIRE,reAlpha Tech Corp. - Common Stock,,S,N
AIRG,"Airgain, Inc. - Common Stock",,S,N
AIRJ,AirJoule Technologies Corporation - Class A Common Stock,,S,N
AIRO,"AIRO Group Holdings, Inc. - Common Stock",,G,N
AIRS,"AirSculpt Technologies, Inc. - Common Stock",,G,N
AIRT,"Air T, Inc. - Common Stock",,S,N
AISP,"Airship AI Holdings, Inc - Class A Common Stock",,G,N
AIXI,XIAO-I Corporation - American Depositary Shares,,G,D
AKAM,"Akamai Technologies, Inc. - Common Stock",,Q,N
AKAN,Akanda Corp. - Common Shares,,S,D
AKBA,"Akebia Therapeutics, Inc. - Common Stock",,S,N
AKTS,"Aktis Oncology, Inc. - Common stock",,Q,N
AKTX,Akari Therapeutics Plc - American Depositary Shares,,S,N
ALAB,"Astera Labs, Inc. - Common Stock",,Q,N
ALAR,Alarum Technologies Ltd. - American Depositary Shares,,S,N
ALCO,"Alico, Inc. - Common Stock",,Q,N
ALDF,Aldel Financial II Inc. - Class A Ordinary Shares,,G,D
ALDX,"Aldeyra Therapeutics, Inc. - Common Stock",,S,N
ALEC,"Alector, Inc. - Common Stock",,Q,N
ALF,Centurion Acquisition Corp. - Class A Ordinary Shares,,G,N
ALGM,"Allegro MicroSystems, Inc. - Common Stock",,Q,N
ALGN,"Align Technology, Inc. - Common Stock",,Q,N
ALGS,"Aligos Therapeutics, Inc. - Common stock",,S,N
ALGT,Allegiant Travel Company - Common Stock,,Q,N
ALHC,"Alignment Healthcare, Inc. - Common Stock",,Q,N
ALIS,Calisa Acquisition Corp - Ordinary shares,,G,D
ALKS,Alkermes plc - Ordinary Shares,,Q,N
ALKT,"Alkami Technology, Inc. - Common Stock",,Q,N
ALLO,"Allogene Therapeutics, Inc. - Common Stock",,Q,N
ALLR,"Allarity Therapeutics, Inc. - Common stock",,S,N
ALLT,Allot Ltd. - Ordinary Shares,,Q,N
ALM,Almonty Industries Inc. - Common Shares,,S,N
ALMR,"Alamar Biosciences, Inc. - Class A common stock",,Q,N
ALMS,Alumis Inc. - Common Stock,,Q,N
ALMU,"Aeluma, Inc. - Common Stock",,S,N
ALNT,Allient Inc. - Common Stock,,G,N
ALNY,"Alnylam Pharmaceuticals, Inc. - Common Stock",,Q,N
ALOV,"Aldabra 4 Liquidity Opportunity Vehicle, Inc. - Class A Ordinary Shares",,G,N
ALOY,REalloys Inc. - Common Stock,,S,N
ALP,Alpha Compute Corp  - Ordinary Shares,,S,N
ALPS,ALPS Group Inc - Ordinary Share,,G,D
ALPX,Alpex Acquisition Corporation - Class A Ordinary Shares,,G,N
ALRM,"Alarm.com Holdings, Inc. - Common Stock",,Q,N
ALRS,Alerus Financial Corporation - Common Stock,,S,N
ALT,"Altimmune, Inc. - Common Stock",,G,N
ALTI,"AlTi Global, Inc. - Class A Common Stock",,S,N
ALTO,"Alto Ingredients, Inc. - Common Stock",,S,N
ALVO,Alvotech - Ordinary Shares,,G,N
ALXO,ALX Oncology Holdings Inc. - Common Stock,,Q,N
ALZN,"Alzamend Neuro, Inc. - Common Stock",,S,D
AMAC,AMR Resources Acquisition Corp - Class A Ordinary Shares,,G,N
AMAL,Amalgamated Financial Corp. - Common Stock,,G,N
AMAN,Amanat Acquisition Corp - Class A Ordinary Shares,,S,N
AMAT,"Applied Materials, Inc. - Common Stock",,Q,N
AMBA,"Ambarella, Inc. - Ordinary Shares",,Q,N
AMBR,Amber International Holding Limited - American Depositary Shares,,G,N
AMCI,AMC Robotics Corporation - Common Stock,,S,N
AMCX,AMC Global Media Inc. - Class A Common Stock,,Q,N
AMD,"Advanced Micro Devices, Inc. - Common Stock",,Q,N
AMGN,Amgen Inc. - Common Stock,,Q,N
AMIX,"Autonomix Medical, Inc. - Common Stock",,S,N
AMKR,"Amkor Technology, Inc. - Common Stock",,Q,N
AMLX,"Amylyx Pharmaceuticals, Inc. - Common Stock",,Q,N
AMOD,"Alpha Modus Holdings, Inc. - Class A Common Stock",,S,N
AMPG,"Amplitech Group, Inc. - Common Stock",,S,N
AMPH,"Amphastar Pharmaceuticals, Inc. - Common Stock",,Q,N
AMPL,"Amplitude, Inc. - Class A Common Stock",,S,N
AMRN,Amarin Corporation plc - American Depositary Shares,,S,N
AMRX,"Amneal Pharmaceuticals, Inc. - Class A Common Stock",,Q,N
AMSC,American Superconductor Corporation - Common Stock,,Q,N
AMSF,"AMERISAFE, Inc. - Common Stock",,Q,N
AMSS,AMASS Brands Inc. - Common Stock,,G,D
AMST,Amesite Inc. - Common Stock,,S,N
AMTX,"Aemetis, Inc - Common Stock",,G,N
AMZN,"Amazon.com, Inc. - Common Stock",,Q,N
ANAB,"AnaptysBio, Inc. - Common Stock",,Q,N
ANDE,"The Andersons, Inc. - Common Stock",,Q,N
ANGH,Anghami Inc. - Ordinary Shares,,S,N
ANGI,Angi Inc. - Class A Common Stock,,Q,N
ANGO,"AngioDynamics, Inc. - Common Stock",,Q,N
ANIK,Anika Therapeutics Inc. - Common Stock,,Q,N
ANIP,"ANI Pharmaceuticals, Inc. - Common Stock",,G,N
ANIX,"Anixa Biosciences, Inc. - Common Stock",,S,N
ANL,Adlai Nortye Group Ltd. - American Depositary Shares,,G,N
ANNA,"AleAnna, Inc. - Class A Common Stock",,S,N
ANNX,"Annexon, Inc. - common stock",,Q,N
ANPA,Rich Sparkle Holdings Limited - Ordinary Shares,,S,N
ANTA,Antalpha Platform Holding Company - Class A Ordinary Shares,,G,N
ANTX,"AN2 Therapeutics, Inc. - Common Stock",,Q,N
AOSL,Alpha and Omega Semiconductor Limited - Common Shares,,Q,N
AOUT,"American Outdoor Brands, Inc. - Common Stock",,Q,N
APA,APA Corporation - Common Stock,,Q,N
APAC,StoneBridge Acquisition II Corporation - Class A Ordinary Shares,,S,N
APC,ARKO Petroleum Corp. - Class A Common Stock,,S,N
APEI,"American Public Education, Inc. - Common Stock",,Q,N
API,"Agora, Inc. - ADS",,Q,N
APLD,Applied Digital Corporation - Common Stock,,Q,N
APLM,Apollomics Inc. - Class A Ordinary Shares,,S,N
APMC,AmperCap Acquisition Company - Ordinary Shares,,G,N
APMD,"Apnimed, Inc. - Common Stock",,Q,N
APOG,"Apogee Enterprises, Inc. - Common Stock",,Q,N
APP,Applovin Corporation - Class A Common Stock,,Q,N
APPF,"AppFolio, Inc. - Class A Common Stock",,G,N
APPN,Appian Corporation - Class A Common Stock,,G,N
APPS,"Digital Turbine, Inc. - Common Stock",,S,N
APRE,"Aprea Therapeutics, Inc. - Common Stock",,S,D
APUR,Aperture AC - Class A Ordinary Shares,,S,N
APVO,Aptevo Therapeutics Inc. - Common Stock,,S,N
APWC,"Asia Pacific Wire & Cable Corporation Limited  - Common shares, Par value .01 per share",,S,N
APXT,Apex Treasury Corporation - Class A Ordinary Share,,G,N
APYX,Apyx Medical Corporation - Common Stock,,Q,N
AQB,"AquaBounty Technologies, Inc. - Common Stock",,S,N
AQMS,"Aqua Metals, Inc. - Common Stock",,S,N
AQST,"Aquestive Therapeutics, Inc. - Common Stock",,G,N
ARAI,Arrive AI Inc. - Common Stock,,G,D
ARAY,Accuray Incorporated - Common Stock,,S,D
ARBB,ARB IOT Group Limited - Ordinary Shares,,S,N
ARBE,Arbe Robotics Ltd. - Ordinary Shares,,S,D
ARBK,Argo Blockchain plc - American Depositary Shares,,S,N
ARCB,ArcBest Corporation - Common Stock,,Q,N
ARCC,Ares Capital Corporation - Closed End Fund,,Q,N
ARCI,Archimedes Tech SPAC Partners III Co. - Ordinary Share,,G,N
ARCL,ARC Group Acquisition I Corp - Class A Ordinary Shares,,G,N
ARCT,Arcturus Therapeutics Holdings Inc. - Common Stock,,G,N
ARDX,"Ardelyx, Inc. - Common Stock",,G,N
AREC,American Resources Corporation - Class A Common Stock,,S,E
ARGX,argenx SE - American Depositary Shares,,Q,N
ARHS,"Arhaus, Inc. - Class A Common Stock",,Q,N
ARKO,ARKO Corp. - Common Stock,,S,N
ARKR,Ark Restaurants Corp. - Common Stock,,G,N
ARM,Arm Holdings plc - American Depositary Shares,,Q,N
AROW,Arrow Financial Corporation - Common Stock,,Q,N
ARQ,"Arq, Inc. - Common Stock",,G,N
ARQQ,Arqit Quantum Inc. - Ordinary Shares,,S,N
ARQT,"Arcutis Biotherapeutics, Inc. - Common stock",,Q,N
ARRY,"Array Technologies, Inc. - Common Stock",,G,N
ARTC,Art Technology Acquisition Corp. - Class A Ordinary Shares,,G,N
ARTL,"Artelo Biosciences, Inc. - Common Stock",,S,N
ARTNA,Artesian Resources Corporation - Class A Non-Voting Common Stock,,Q,N
ARTV,"Artiva Biotherapeutics, Inc. - Common Stock",,G,N
ARTW,"Art's-Way Manufacturing Co., Inc. - Common Stock",,S,N
ARVN,"Arvinas, Inc. - Common Stock",,Q,N
ARWR,"Arrowhead Pharmaceuticals, Inc. - Common Stock",,Q,N
ARXS,"Arxis, Inc. - Class A Common Stock",,Q,N
ASBP,"Aspire-Lakewood Holdings, Inc. - Common Stock",,S,N
ASLE,AerSale Corporation - Common Stock,,S,N
ASMB,"Assembly Biosciences, Inc. - Common Stock",,Q,N
ASML,ASML Holding N.V. - New York Registry Shares,,Q,N
ASND,Ascendis Pharma A/S - Ordinary Share,,Q,N
ASO,"Academy Sports and Outdoors, Inc. - Common Stock",,Q,N
ASPC,A SPAC III Acquisition Corp. - Class A Ordinary Shares,,S,D
ASPI,ASP Isotopes Inc. - Common Stock,,S,N
ASPS,Altisource Portfolio Solutions S.A. - Common Stock,,Q,N
ASRV,AmeriServ Financial Inc. - Common Stock,,G,N
ASST,"Strive, Inc. - Class A Common Stock",,G,N
ASTC,Astrotech Corporation - Common Stock,,S,N
ASTE,"Astec Industries, Inc. - Common Stock",,Q,N
ASTH,Astrana Health Inc. - Common Stock,,S,N
ASTI,"Ascent Solar Technologies, Inc - Common Stock",,S,N
ASTL,Algoma Steel Group Inc. - Common Shares,,G,N
ASTS,"AST SpaceMobile, Inc. - Class A Common Stock",,Q,N
ASUR,Asure Software Inc - Common Stock,,S,N
ASYS,"Amtech Systems, Inc. - Common Stock",,Q,N
ATAT,Atour Lifestyle Holdings Limited - American Depositary Shares,,Q,N
ATCX,Atlas Critical Minerals Corporation - Common Stock,,S,N
ATEC,"Alphatec Holdings, Inc. - Common Stock",,Q,N
ATER,"Aterian, Inc. - Common Stock",,S,D
ATEX,Anterix Inc. - Common Stock,,S,N
ATGL,Alpha Technology Group Limited - Class A Ordinary Shares,,S,N
ATHE,Alterity Therapeutics Limited - American Depositary Shares,,S,N
ATHR,"Aether Holdings, Inc. - Common Stock",,S,N
ATII,Archimedes Tech SPAC Partners II Co. - Ordinary Shares,,G,N
ATLC,Atlanticus Holdings Corporation - Common Stock,,Q,N
ATLO,Ames National Corporation - Common Stock,,S,N
ATLQ,JAB Acquisition Corp I - Class A Ordinary Shares,,G,N
ATLX,Atlas Lithium Corporation - Common Stock,,S,N
ATNI,"ATN International, Inc. - Common Stock",,Q,N
ATOM,Atomera Incorporated - Common Stock,,S,N
ATOS,"Atossa Therapeutics, Inc. - Common Stock",,S,N
ATPC,Agape ATP Corporation - Common Stock,,S,N
ATRA,"Atara Biotherapeutics, Inc. - Common Stock",,Q,N
ATRC,"AtriCure, Inc. - Common Stock",,G,N
ATRO,Astronics Corporation - Common Stock,,Q,N
ATTO,"Attovia Therapeutics, Inc. - Common Stock",,G,N
ATTT,Atlas Trinity Tech Limited - Ordinary Shares,,S,N
ATXG,Addentax Group Corp. - Common Stock,,S,N
ATYR,"aTyr Pharma, Inc. - Common Stock",,S,D
AUBN,"Auburn National Bancorporation, Inc. - Common Stock",,G,N
AUC,ATIF Holdings Limited - Ordinary Shares,,S,N
AUDC,AudioCodes Ltd. - Ordinary Shares,,Q,N
AUGO,Aura Minerals Inc. - Common Shares,,Q,N
AUID,authID Inc. - Common Stock,,S,D
AUPH,Aurinia Pharmaceuticals Inc - Common Shares,,G,N
AUR,"Aurora Innovation, Inc.  - Class A Common Stock",,Q,N
AURA,"Aura Biosciences, Inc. - Common Stock",,G,N
AURE,Aurelion Inc.  - Class A Ordinary Shares,,S,N
AUTL,Autolus Therapeutics plc - American Depositary Shares,,Q,N
AUUD,Auddia Inc. - Common Stock,,S,D
AVAH,Aveanna Healthcare Holdings Inc. - Common Stock,,Q,N
AVAT,Avalanche Treasury Corporation - Class A Common Stock,,S,N
AVAV,"AeroVironment, Inc. - Common Stock",,Q,N
AVBH,"Avidbank Holdings, Inc. - Common Stock",,Q,N
AVBP,"ArriVent BioPharma, Inc. - Common Stock",,G,N
AVGO,Broadcom Inc. - Common Stock,,Q,N
AVIR,"Atea Pharmaceuticals, Inc. - common stock",,Q,N
AVLN,Avalyn Pharma Inc. - common stock,,Q,N
AVNW,"Aviat Networks, Inc. - Common Stock",,Q,N
AVO,"Mission Produce, Inc. - Common Stock",,Q,N
AVPT,"AvePoint, Inc. - Class A Common Stock",,Q,N
AVR,Anteris Technologies Global Corp. - Common Stock,,G,N
AVT,"Avnet, Inc. - Common Stock",,Q,N
AVTX,"Avalo Therapeutics, Inc. - Common Stock",,S,N
AVX,Avax One Technology Ltd. - Common Shares,,S,N
AVXL,Anavex Life Sciences Corp. - Common Stock,,Q,N
AWRE,"Aware, Inc. - Common Stock",,G,N
AXG,Solowin Holdings - Class A Ordinary Share,,S,N
AXGN,"Axogen, Inc. - Common Stock",,S,N
AXIN,Axiom Intelligence Acquisition Corp 1 - Class A Ordinary Shares,,G,N
AXON,"Axon Enterprise, Inc. - Common Stock",,Q,N
AXSM,"Axsome Therapeutics, Inc. - Common Stock",,G,N
AXTI,AXT Inc - Common Stock,,Q,N
AYA,Aya Gold & Silver Inc. - Common Shares,,Q,N
AYTU,"Aytu BioPharma, Inc.  - Common Stock",,S,N
AZ,A2Z Cust2Mate Solutions Corp. - Common Shares,,S,N
AZI,Autozi Internet Technology (Global) Ltd. - Class A Ordinary Shares,,S,N
AZIO,"Azio AI Holdings, Inc. - Common stock",,S,D
AZTA,"Azenta, Inc. - Common Stock",,Q,N
BACC,Blue Acquisition Corp. - Class A Ordinary Shares,,G,N
BAER,"Bridger Aerospace Group Holdings, Inc. - Common Stock",,G,N
BAFN,BayFirst Financial Corp. - Common Stock,,S,N
BAND,Bandwidth Inc. - Class A Common Stock,,Q,N
BANF,BancFirst Corporation - Common Stock,,Q,N
BANL,CBL International Limited - Class B Ordinary Shares,,S,N
BANR,Banner Corporation - Common Stock,,Q,N
BANX,ArrowMark Financial Corp. - Closed End Fund,,Q,N
BAOS,Baosheng Media Group Holdings Limited - Ordinary shares,,S,D
BATRA,"Atlanta Braves Holdings, Inc. - Series A Common Stock",,Q,N
BATRK,"Atlanta Braves Holdings, Inc. - Series C Common Stock",,Q,N
BBCI,Bradbury Capital Inc. - Ordinary Shares,,G,N
BBCP,"Concrete Pumping Holdings, Inc.  - Common Stock",,S,N
BBGI,"Beasley Broadcast Group, Inc. - Class A Common Stock",,S,D
BBIO,"BridgeBio Pharma, Inc. - Common Stock",,Q,N
BBLG,Bone Biologics Corp - Common Stock,,S,D
BBNX,"Beta Bionics, Inc. - Common Stock",,G,N
BBOT,"BridgeBio Oncology Therapeutics, Inc. - Common Stock",,G,N
BBSI,"Barrett Business Services, Inc. - Common Stock",,Q,N
BCAL,California BanCorp - Common Stock,,S,N
BCAX,Bicara Therapeutics Inc. - Common Stock,,G,N
BCBP,"BCB Bancorp, Inc. (NJ) - Common Stock",,G,N
BCCQ,Bleichroeder Acquisition Corp. III - Class A Ordinary Shares,,G,N
BCDA,"BioCardia, Inc. - Common Stock",,S,N
BCG,"Binah Capital Group, Inc. - Common Stock",,G,N
BCIC,BCP Investment Corporation - Closed End Fund,,Q,N
BCML,BayCom Corp - Common Stock,,Q,N
BCPC,Balchem Corporation - Common Stock,,Q,N
BCRX,"BioCryst Pharmaceuticals, Inc. - Common Stock",,Q,N
BCTX,BriaCell Therapeutics Corp. - Common Shares,,S,N
BCYC,Bicycle Therapeutics plc - American Depositary Shares,,Q,N
BDAI,"Biddance AI Systems, Inc. - Class A Ordinary Share",,S,N
BDCI,BTC Development Corp. - Class A Ordinary Shares,,G,N
BDMD,Baird Medical Investment Holdings Ltd - Ordinary Share,,S,N
BDRX,Biodexa Pharmaceuticals plc - American Depositary Shares,,S,N
BDSX,"Biodesix, Inc. - Common Stock",,G,N
BDTX,"Black Diamond Therapeutics, Inc. - Common Stock",,Q,N
BEAG,Bold Eagle Acquisition Corp. - Class A Ordinary Shares,,G,N
BEAM,Beam Therapeutics Inc. - Common Stock,,Q,N
BEAT,"Heartbeam, Inc. - Common Stock",,S,D
BEEM,Beam Global - Common Stock,,S,N
BEEP,Mobile Infrastructure Corporation - Common Stock,,G,N
BELFA,Bel Fuse Inc. - Class A Common Stock,,Q,N
BELFB,Bel Fuse Inc. - Class B Common Stock,,Q,N
BENF,Beneficient - Class A Common Stock,,S,N
BETR,Better Home & Finance Holding Company - Class A Common Stock,,G,N
BFC,Bank First Corporation - Common Stock,,S,N
BFRG,"Bullfrog AI Holdings, Inc. - Common Stock",,S,D
BFRI,Biofrontera Inc. - Common Stock,,S,N
BFST,"Business First Bancshares, Inc. - Common Stock",,Q,N
BGC,"BGC Group, Inc. - Class A Common Stock",,Q,N
BGDE,"Big Digital Energy, Inc. - Common Stock",,S,N
BGIN,Bgin Blockchain Limited - Class A Ordinary Shares,,G,N
BGL,Blue Gold Limited - Class A ordinary shares,,G,D
BGLC,BioNexus Gene Lab Corp - Common stock,,S,N
BGM,BGM Group Ltd. - Class A Ordinary Shares,,S,D
BGMS,"Bio Green Med Solution, Inc. - Common Stock",,S,N
BHAV,BHAV Acquisition Corp - Class A Ordinary Shares,,G,N
BHF,"Brighthouse Financial, Inc. - Common Stock",,Q,N
BHRB,Burke & Herbert Financial Services Corp. - Common Stock,,S,N
BHST,BioHarvest Sciences Inc. - Common Stock,,G,N
BIAF,"bioAffinity Technologies, Inc. - Common Stock",,S,N
BID,Tribeca Strategic Acquisition Corp. - Class A Ordinary Shares,,G,N
BIDU,"Baidu, Inc. - American Depositary Shares, each representing 8 ordinary share",,Q,N
BIIB,Biogen Inc. - Common Stock,,Q,N
BILI,Bilibili Inc. - American Depositary Shares,,Q,N
BIOA,"BioAge Labs, Inc. - Common Stock",,Q,N
BIOT,Instinct Bio Technical Company Holdings Inc. - Common stock,,G,D
BIOX,Bioceres Crop Solutions Corp. - Ordinary Shares,,S,D
BIRD,"Smartbird, Inc. - Class A Common Stock",,Q,N
BIVI,BioVie Inc. - Common stock,,S,N
BIXI,Bitcoin Infrastructure Acquisition Corp Ltd. - Class A Ordinary Shares,,G,N
BIYA,Baiya International Group Inc.  - Ordinary Shares,,S,N
BJDX,"Bluejay Diagnostics, Inc. - Common Stock",,S,N
BJRI,"BJ's Restaurants, Inc. - Common Stock",,Q,N
BKHA,Black Hawk Acquisition Corporation - Class A Ordinary Shares,,G,N
BKNG,Booking Holdings Inc. - Common Stock,,Q,N
BKR,Baker Hughes Company - Common Stock,,Q,N
BKYI,"BIO-key International, Inc. - Common Stock",,S,N
BL,"BlackLine, Inc. - Common Stock",,Q,N
BLBD,Blue Bird Corporation - Common Stock,,G,N
BLDP,"Ballard Power Systems, Inc. - Common Shares",,G,N
BLIN,"Bridgeline Digital, Inc. - Common Stock",,S,N
BLIV,BeLive Holdings - ordinary shares,,S,N
BLKB,"Blackbaud, Inc. - Common Stock",,Q,N
BLLN,"BillionToOne, Inc. - Class A common stock",,Q,N
BLMN,"Bloomin' Brands, Inc. - Common Stock",,Q,N
BLNE,"Beeline Holdings, Inc. - Common Stock",,S,N
BLNK,Blink Charging Co. - Common Stock,,S,D
BLRK,Bluerock Acquisition Corp. - Class A Ordinary Shares,,G,N
BLRX,BioLineRx Ltd. - American Depositary Shares,,S,N
BLSM,"BlossomHill Therapeutics, Inc. - Common Stock",,Q,N
BLTE,"Belite Bio, Inc - American Depositary Shares",,S,N
BLUW,Blue Water Acquisition Corp. III - Class A Ordinary Shares,,G,N
BLZE,"Backblaze, Inc. - Common Stock",,G,N
BLZR,Trailblazer Acquisition Corp. - Class A Ordinary Shares,,G,N
BMBL,Bumble Inc. - common stock,,Q,N
BMEA,"Biomea Fusion, Inc. - Common Stock",,Q,N
BMGL,Basel Medical Group Ltd - ordinary shares,,S,N
BMHL,Bluemount Holdings Limited - Class B Ordinary Shares,,S,N
BMM,Blue Moon Metals Inc. - Common Shares,,S,N
BMR,Beamr Imaging Ltd. - Ordinary Share,,S,N
BMRA,"Biomerica, Inc. - Common Stock",,S,N
BMRC,Bank of Marin Bancorp - Common Stock,,Q,N
BMRN,BioMarin Pharmaceutical Inc. - Common Stock,,Q,N
BNAI,Brand Engagement Network Inc. - Common Stock,,S,N
BNC,BNB Standard Corporation - Common Stock,,S,N
BNGO,"Bionano Genomics, Inc. - Common Stock",,S,N
BNKK,"Bonk, Inc. - Common Stock",,S,N
BNR,Burning Rock Biotech Limited - American Depositary Shares,,G,N
BNTC,Benitec Biopharma Inc. - Common Stock,,S,N
BNTX,BioNTech SE - American Depositary Shares,,Q,N
BODI,"The Beachbody Company, Inc. - Class A Common Stock",,S,N
BOF,BranchOut Food Inc. - Common Stock,,S,N
BOKF,BOK Financial Corporation - Common Stock,,Q,N
BOLD,"Boundless Bio, Inc. - Common Stock",,Q,N
BOLT,"Bolt Biotherapeutics, Inc. - Common Stock",,S,N
BON,Bon Natural Life Limited - Class A Ordinary Shares,,S,N
BOOM,DMC Global Inc. - Common Stock,,Q,N
BOSC,B.O.S. Better Online Solutions - Ordinary Shares,,S,N
BOT,"RoboStrategy, Inc. - Common Stock",,G,N
BOTJ,"Bank of the James Financial Group, Inc. - Common Stock",,S,N
BOXL,Boxlight Corporation - Class A Common Stock,,S,N
BPAC,Blueport Acquisition Ltd - Class A Ordinary Shares,,S,N
BPOP,"Popular, Inc. - Common Stock",,Q,N
BPRN,"Princeton Bancorp, Inc. - Common Stock",,Q,N
BRAG,Bragg Gaming Group Inc. - Common Shares,,Q,N
BRAI,Braiin Limited - Common Stock,,G,N
BRBI,BRBI BR Partners S.A. - ADSs,,S,N
BRCB,"Black Rock Coffee Bar, Inc. - Class A Common Stock",,G,N
BREZ,Breeze Acquisition Corp. II - Ordinary Shares,,G,E
BRFH,Barfresh Food Group Inc. - Common Stock,,S,D
BRID,Bridgford Foods Corporation - Common Stock,,G,N
BRKH,Burtech Acquisition Corp II - Class A Ordinary Shares,,S,N
BRKR,Bruker Corporation - Common Stock,,Q,N
BRLS,Borealis Foods Inc. - Class A Common Shares,,S,H
BRLT,"Brilliant Earth Group, Inc. - Class A Common Stock",,G,N
BRNX,BrenX Ltd. - Ordinary Shares,,S,N
BRTM,B&R Technology Merger Corp. - Class A Ordinary Shares,,G,N
BRTX,"BioRestorative Therapies, Inc. - Common Stock",,S,E
BRUN,Boost Run Inc. - Class A Common Stock,,G,N
BRVE,"Braveheart Bio, Inc. - Common Stock",,G,N
BRZE,"Braze, Inc. - Class A Common Stock",,Q,N
BSAA,BEST SPAC I Acquisition Corp. - Class A Ordinary Shares,,S,D
BSBK,Bogota Financial Corp. - Common Stock,,S,N
BSEM,"BioStem Technologies, Inc. - Common Stock",,S,N
BSET,"Bassett Furniture Industries, Incorporated - Common Stock",,Q,N
BSIN,Big Sky Industrial Inc. - Common Stock,,S,N
BSP,Bending Spoons S.p.A. - Ordinary Shares,,Q,N
BSRR,Sierra Bancorp - Common Stock,,Q,N
BSVN,Bank7 Corp. - Common stock,,Q,N
BSY,"Bentley Systems, Incorporated - Class B Common Stock",,Q,N
BTBD,"BT Brands, Inc. - Common Stock",,S,N
BTBT,"Bit Digital, Inc. - Ordinary Share",,S,N
BTCS,BTCS Inc. - Common Stock,,S,N
BTCT,BTC Digital Ltd. - Ordinary Shares,,S,N
BTDR,Bitdeer Technologies Group - Ordinary Shares,,S,N
BTLN,"Brightline Interactive, Inc. - Common Stock",,S,D
BTMD,Biote Corp. - Class A common stock,,G,N
BTOC,Armlogi Holding Corp. - common stock,,S,D
BTQ,BTQ Technologies Corp. - Common Stock,,G,N
BTSG,"BrightSpring Health Services, Inc. - Common Stock",,Q,N
BTTC,Black Titan Corp - Ordinary Shares,,S,D
BULL,Webull Corporation - Class A Ordinary Shares,,S,N
BUSE,First Busey Corporation - Common Stock,,Q,N
BUUU,BUUU Group Limited - Class A Ordinary Share,,S,N
BVC,BitVentures Limited - Ordinary Share,,S,N
BVFL,"BV Financial, Inc. - Common Stock",,S,N
BVS,Bioventus Inc. - Class A Common Stock,,Q,N
BWAY,BrainsWay Ltd. - American Depositary Shares,,G,N
BWB,"Bridgewater Bancshares, Inc. - Common Stock",,S,N
BWEN,"Broadwind, Inc. - Common Stock",,S,N
BWFG,"Bankwell Financial Group, Inc. - Common Stock",,G,N
BWIN,"The Baldwin Insurance Group, Inc. - Class A Common Stock",,Q,N
BWMN,Bowman Consulting Group Ltd. - Common Stock,,G,N
BXBL,"BOXABL, Inc.  - Common stock",,G,N
BYAH,"Park Ha Biological Technology Co., Ltd. - Class A Ordinary Shares",,S,N
BYFC,Broadway Financial Corporation - Class A Common Stock,,S,N
BYND,"Beyond Meat, Inc. - Common stock",,Q,N
BYRN,"Byrna Technologies, Inc. - Common Stock",,S,N
BYSI,"BeyondSpring, Inc. - Ordinary Shares",,S,D
BZ,KANZHUN LIMITED - American Depository Shares,,Q,N
BZAI,"Blaize Holdings, Inc. - Common Stock",,G,D
BZFD,"BuzzFeed, Inc. - Class A Common Stock",,S,N
BZUN,Baozun Inc. - American Depositary Shares,,Q,N
CAAS,"China Automotive Systems, Inc. - Ordinary Share",,S,N
CABA,"Cabaletta Bio, Inc. - Common Stock",,Q,N
CABR,"Caring Brands, Inc. - Common Stock",,S,D
CAC,Camden National Corporation - Common Stock,,Q,N
CACC,Credit Acceptance Corporation - Common Stock,,Q,N
CADL,"Candel Therapeutics, Inc. - Common Stock",,G,N
CAE,CAE Inc - Common Shares,,Q,N
CAES,"Cantor Equity Partners VII, Inc. - Class A Ordinary Shares",,G,N
CAI,"Caris Life Sciences, Inc. - Common Stock",,Q,N
CAII,Collective Acquisition Corp. II - Class A Ordinary Shares,,G,N
CAKE,The Cheesecake Factory Incorporated - Common Stock,,Q,N
CALC,"CalciMedica, Inc. - Common Stock",,S,N
CALM,"Cal-Maine Foods, Inc. - Common Stock",,Q,N
CAMP,CAMP4 Therapeutics Corporation - Common Stock,,G,N
CAMT,Camtek Ltd. - Ordinary Shares,,G,N
CAN,Canaan Inc. - American Depositary Shares,,S,D
CAPN,Cayson Acquisition Corp - Ordinary Shares,,G,D
CAPR,"Capricor Therapeutics, Inc. - Common Stock",,Q,N
CAPS,Capstone Holding Corp. - Common Stock,,S,D
CAQ,Cambridge Acquisition Corp. - Class A Ordinary Shares,,G,N
CAR,"Avis Budget Group, Inc. - Common Stock",,Q,N
CARE,"Carter Bankshares, Inc. - Common Stock",,Q,N
CARG,"CarGurus, Inc. - Class A Common Stock",,Q,N
CARL,"Carlsmed, Inc. - Common Stock",,Q,N
CART,Maplebear Inc. - Common Stock,,Q,N
CASH,"Pathward Financial, Inc. - Common Stock",,Q,N
CASS,"Cass Information Systems, Inc - Common Stock",,Q,N
CAST,"FreeCast, Inc. - Class A common stock",,G,N
CASY,"Caseys General Stores, Inc. - Common Stock",,Q,N
CATL,Catalyst Acquisition Corp. - Class A Ordinary Share,,G,N
CATY,Cathay General Bancorp - Common Stock,,Q,N
CBAT,CBAK Energy Technology Limited - Ordinary Shares,,S,N
CBC,"Central Bancompany, Inc. - Class A Common Stock",,Q,N
CBFV,"CB Financial Services, Inc. - Common Stock",,G,N
CBIO,"Crescent Biopharma, Inc. - Common Stock",,S,N
CBK,"Commercial Bancgroup, Inc. - Common Stock",,S,N
CBLL,"CeriBell, Inc. - Common Stock",,Q,N
CBNK,"Capital Bancorp, Inc. - Common Stock",,Q,N
CBRL,"Cracker Barrel Old Country Store, Inc. - Common Stock",,Q,N
CBRS,Cerebras Systems Inc. - Class A Common Stock,,Q,N
CBSH,"Commerce Bancshares, Inc. - Common Stock",,Q,N
CBUS,"Cibus, Inc. - Class A Common Stock",,S,N
CCAP,"Crescent Capital BDC, Inc. - Common Stock",,G,N
CCAQ,Collective Acquisition Corp. - Class A ordinary shares,,G,N
CCB,Coastal Financial Corporation - Common Stock,,Q,N
CCBG,Capital City Bank Group - Common Stock,,Q,N
CCC,CCC Intelligent Solutions Holdings Inc. - Common Stock,,Q,N
CCCC,"C4 Therapeutics, Inc. - Common Stock",,Q,N
CCCT,Columbus Circle Capital Corp III - Class A Ordinary Shares,,G,N
CCD,Calamos Dynamic Convertible & Income Fund - Closed End Fund,,Q,N
CCEC,Capital Clean Energy Carriers Corp. - Common Share,,Q,N
CCEP,Coca-Cola Europacific Partners plc - Ordinary Shares,,Q,N
CCG,Cheche Group Inc. - Class A Ordinary Shares,,S,N
CCHH,CCH Holdings Ltd - Class A Ordinary Shares,,S,N
CCII,Cohen Circle Acquisition Corp. II - Class A Ordinary Shares,,G,N
CCLD,"CareCloud, Inc. - Common Stock",,G,N
CCNE,CNB Financial Corporation - Common Stock,,Q,N
CCOI,"Cogent Communications Holdings, Inc. - Common Stock",,Q,N
CCSI,"Consensus Cloud Solutions, Inc. - Common Stock",,Q,N
CCTG,CCSC Technology International Holdings Limited - Class A Ordinary Shares,,S,D
CCXI,Churchill Capital Corp XI - Class A Ordinary Shares,,G,N
CD,Chaince Digital Holdings Inc. - American Ordinary Shares,,G,N
CDIO,Cardio Diagnostics Holdings Inc. - Common stock,,S,N
CDLX,"Cardlytics, Inc. - Common Stock",,G,N
CDNA,"CareDx, Inc. - Common Stock",,G,N
CDNL,Cardinal Infrastructure Group Inc. - Class A Common Stock,,Q,N
CDNS,"Cadence Design Systems, Inc. - Common Stock",,Q,N
CDRO,"Codere Online Luxembourg, S.A. - Ordinary Shares",,S,N
CDT,CDT Equity Inc. - Common Stock,,S,N
CDTG,CDT Environmental Technology Investment Holdings Limited - ordinary shares,,S,N
CDW,CDW Corporation - Common Stock,,Q,N
CDXS,"Codexis, Inc. - Common Stock",,Q,N
CDZI,"Cadiz, Inc. - Common Stock",,G,N
CDZIP,"Cadiz, Inc. - Depositary Shares",,G,N
CECO,CECO Environmental Corp. - Common Stock,,Q,N
CEG,Constellation Energy Corporation - Common Stock When-Issued,,Q,N
CELC,Celcuity Inc. - Common Stock,,S,N
CELH,"Celsius Holdings, Inc. - Common Stock",,S,N
CELU,Celularity Inc. - Class A Common Stock,,S,E
CELZ,"Creative Medical Technology Holdings, Inc. - Common Stock",,S,N
CENN,Cenntro Inc. - Common Stock,,S,N
CENT,Central Garden & Pet Company - Common Stock,,Q,N
CENTA,Central Garden & Pet Company - Class A Common Stock Nonvoting,,Q,N
CENX,Century Aluminum Company - Common Stock,,Q,N
CEPF,"Cantor Equity Partners IV, Inc. - Class A Ordinary Shares",,G,N
CEPL,"Capstone Energy Plus, Inc. - Common Stock",,G,N
CEPO,"Cantor Equity Partners I, Inc. - Class A Ordinary Shares",,G,N
CEPS,"Cantor Equity Partners VI, Inc. - Class A Ordinary Shares",,G,N
CEPV,"Cantor Equity Partners V, Inc. - Class A Ordinary Shares",,G,N
CERS,Cerus Corporation - Common Stock,,G,N
CERT,"Certara, Inc. - Common Stock",,Q,N
CETX,Cemtrex Inc. - Common Stock,,S,N
CETY,"Clean Energy Technologies, Inc. - Common Stock",,S,N
CEVA,"CEVA, Inc. - Common Stock",,Q,N
CFBK,CF Bankshares Inc. - Common Stock,,S,N
CFFI,C&F Financial Corporation - Common Stock,,Q,N
CFFN,"Capitol Federal Financial, Inc. - Common Stock",,Q,N
CG,The Carlyle Group Inc. - Common Stock,,Q,N
CGBD,"Carlyle Secured Lending, Inc. - Closed End Fund",,Q,N
CGC,Canopy Growth Corporation - Common Shares,,Q,N
CGCF,Cartesian Growth Corporation IV - Class A Ordinary Shares,,G,N
CGEM,"Cullinan Therapeutics, Inc. - Common Stock",,Q,N
CGEN,Compugen Ltd. - Ordinary Shares,,S,N
CGNT,Cognyte Software Ltd. - Ordinary Shares,,Q,N
CGNX,Cognex Corporation - Common Stock,,Q,N
CGO,Calamos Global Total Return Fund - Closed End Fund,,Q,N
CGON,"CG Oncology, Inc. - Common stock",,Q,N
CGTL,Creative Global Technology Holdings Limited - Class A Ordinary Shares,,S,N
CGTX,"Cognition Therapeutics, Inc. - Common Stock",,S,N
CHA,"Chagee Holdings Limited - American Depositary Shares, each representing 1 Class A ordinary share",,Q,N
CHAI,"Core AI Holdings, Inc. - Common Shares",,S,D
CHAR,Charlton Aria Acquisition Corporation - Class A Ordinary Shares,,G,N
CHCI,"Comstock Holding Companies, Inc. - Class A Common Stock",,S,N
CHCO,City Holding Company - Common Stock,,Q,N
CHDN,"Churchill Downs, Incorporated - Common Stock",,Q,N
CHEC,Chenghe Acquisition III Co. - Class A Ordinary Shares,,G,N
CHEF,"The Chefs' Warehouse, Inc. - Common Stock",,Q,N
CHGA,Change Agents Corporation  - Common Stock,,S,N
CHI,Calamos Convertible Opportunities and Income Fund - Closed End Fund,,Q,N
CHKP,Check Point Software Technologies Ltd. - Ordinary Shares,,Q,N
CHMG,Chemung Financial Corp  - Common Stock,,Q,N
CHNR,"China Natural Resources, Inc. - Common Shares",,S,N
CHPG,ChampionsGate Acquisition Corporation - Class A Ordinary Share,,G,N
CHR,"Cheer Holding, Inc.  - Class A Ordinary Share",,S,N
CHRD,Chord Energy Corporation - Common Stock,,Q,N
CHRN,ChronoScale Holdings Corporation - Common Stock,,S,N
CHRS,"Coherus Oncology, Inc. - Common Stock",,G,N
CHRW,"C.H. Robinson Worldwide, Inc. - Common Stock",,Q,N
CHSN,Chanson International Holding - Class A Ordinary Shares,,S,N
CHTR,"Charter Communications, Inc. - Class A Common Stock",,Q,N
CHW,Calamos Global Dynamic Income Fund - Closed End Fund,,Q,N
CHWM,Chilwa Minerals Limited - American Depository Shares,,S,N
CHY,Calamos Convertible and High Income Fund - Closed End Fund,,Q,N
CHYM,"Chime Financial, Inc. - Class A Common Stock",,Q,N
CIFR,Cipher Digital Inc. - Common Stock,,Q,N
CIGI,Colliers International Group Inc.  - Subordinate Voting Shares,,Q,N
CIGL,Concorde International Group Ltd - Class A Ordinary Shares,,S,D
CIIT,"Tianci International, Inc. - Common Stock",,S,N
CINF,Cincinnati Financial Corporation - Common Stock,,Q,N
CING,Cingulate Inc. - Common Stock,,S,N
CIRC,"Circle8 Group, Inc. - Common Stock",,G,D
CISO,"CISO Global, Inc. - Common Stock",,S,D
CISS,C3is Inc. - Common Stock,,S,N
CIVB,"Civista Bancshares, Inc.  - Common Stock",,S,N
CJMB,Callan JMB Inc. - Common Stock,,S,D
CLAR,Clarus Corporation - Common Stock,,Q,N
CLBK,"Columbia Financial, Inc. - Common Stock",,Q,N
CLBT,Cellebrite DI Ltd. - Ordinary Shares,,Q,N
CLDX,"Celldex Therapeutics, Inc. - Common Stock",,S,N
CLFD,"Clearfield, Inc. - Common Stock",,G,N
CLGN,CollPlant Biotechnologies Ltd. - Ordinary Shares,,S,N
CLIK,Click Holdings Limited - Ordinary Share,,S,N
CLIR,ClearSign Technologies Corporation - Common Stock,,S,N
CLLS,Cellectis S.A. - American Depositary Shares,,G,N
CLMB,"Climb Global Solutions, Inc. - Common Stock",,G,N
CLMT,"Calumet, Inc - Common Stock",,Q,N
CLNE,Clean Energy Fuels Corp. - Common Stock,,Q,N
CLNN,Clene Inc. - Common Stock,,S,N
CLOV,"Clover Health Investments, Corp.  - Class A Common stock",,Q,N
CLPS,CLPS Incorporation - Common Stock,,G,N
CLPT,ClearPoint Neuro Inc. - Common Stock,,S,N
CLRB,"Cellectar Biosciences, Inc. - Common Stock",,S,N
CLRO,"ClearOne, Inc. - Common Stock",,S,D
CLSK,"CleanSpark, Inc. - Common Stock",,S,N
CLST,"Catalyst Bancorp, Inc. - common stock",,S,N
CLWT,Euro Tech Holdings Company Limited - Ordinary Shares,,S,N
CLYM,"Climb Bio, Inc. - Common Stock",,G,N
CMCO,Columbus McKinnon Corporation - Common Stock,,Q,N
CMCSA,Comcast Corporation - Class A Common Stock,,Q,N
CMCT,Creative Media  - Common Stock,,S,N
CME,CME Group Inc. - Class A Common Stock,,Q,N
CMMB,Chemomab Therapeutics Ltd.  - American Depositary Shares,,S,N
CMND,Clearmind Medicine Inc. - Common Shares,,S,N
CMPR,Cimpress plc - Ordinary Shares,,Q,N
CMPS,COMPASS Pathways Plc - American Depository Shares,,Q,N
CMPX,"Compass Therapeutics, Inc. - Common Stock",,S,N
CMRC,"Commerce.com, Inc. - Series 1 Common Stock",,G,N
CMTL,Comtech Telecommunications Corp. - Common Stock,,Q,N
CMTV,Community Bancorp.  - Common stock,,S,N
CNCK,Coincheck Group N.V. - Ordinary Shares,,G,N
CNDT,Conduent Incorporated - Common Stock,,Q,N
CNET,ZW Data Action Technologies Inc. - Common Stock,,S,N
CNEY,CN Energy Group Inc. - Class A Ordinary Shares,,S,D
CNL,Collective Mining Ltd. - Common Stock,,Q,N
CNOB,"ConnectOne Bancorp, Inc. - Common Stock",,Q,N
CNSP,"CNS Pharmaceuticals, Inc. - Common Stock",,S,N
CNSY,"Cerenome, Inc. - Common Stock",,S,N
CNTB,Connect Biopharma Holdings Limited - Ordinary Shares,,G,N
CNTN,"Canton Strategic Holdings, Inc. - Common Stock",,S,N
CNTX,Context Therapeutics Inc. - Common Stock,,S,D
CNTY,"Century Casinos, Inc. - Common Stock",,S,N
CNVS,Cineverse Corp. - Class A Common Stock,,S,N
CNXC,Concentrix Corporation - Common Stock,,Q,N
CNXN,"PC Connection, Inc. - Common Stock",,Q,N
CNXU,Conexeu Sciences Inc. - Common Stock,,S,N
COAG,"Hemab Therapeutics Holdings, Inc. - Common Stock",,Q,N
COCH,"Envoy Medical, Inc. - Class A Common Stock",,S,D
COCO,"The Vita Coco Company, Inc. - Common Stock",,Q,N
COCP,"Cocrystal Pharma, Inc. - Common Stock",,S,N
CODA,"Coda Octopus Group, Inc. - Common stock",,S,N
CODX,"Co-Diagnostics, Inc. - Common Stock",,S,N
COFS,"ChoiceOne Financial Services, Inc. - Common Stock",,S,N
COGT,"Cogent Biosciences, Inc. - Common Stock",,Q,N
COHU,"Cohu, Inc. - Common Stock",,Q,N
COIN,"Coinbase Global, Inc. - Class A Common Stock",,Q,N
COKE,"Coca-Cola Consolidated, Inc. - Common Stock",,Q,N
COLB,"Columbia Banking System, Inc. - Common Stock",,Q,N
COLL,"Collegium Pharmaceutical, Inc. - Common Stock",,Q,N
COLM,Columbia Sportswear Company - Common Stock,,Q,N
COO,"The Cooper Companies, Inc.  - Common Stock",,Q,N
COOT,Australian Oilseeds Holdings Limited - Ordinary Shares,,S,D
CORT,Corcept Therapeutics Incorporated - Common Stock,,S,N
CORZ,"Core Scientific, Inc. - Common Stock",,Q,N
COSM,Cosmos Health Inc. - Common Stock,,S,D
COST,Costco Wholesale Corporation - Common Stock,,Q,N
COYA,"Coya Therapeutics, Inc. - Common Stock",,S,N
CPB,The Campbell's Company - Common Stock,,Q,N
CPBI,"Central Plains Bancshares, Inc. - Common Stock",,S,N
CPHC,Canterbury Park Holding Corporation - Common Stock,,G,N
CPIX,Cumberland Pharmaceuticals Inc. - Common Stock,,Q,N
CPOP,"Pop Culture Group Co., Ltd - Class A Ordinary Shares",,S,N
CPRT,"Copart, Inc. - Common Stock",,Q,N
CPSH,CPS Technologies Corp. - Common Stock,,S,N
CPSS,"Consumer Portfolio Services, Inc. - Common Stock",,G,N
CPZ,Calamos Long/Short Equity & Dynamic Income Trust - Closed End Fund,,Q,N
CRAC,Crown Reserve Acquisition Corp. I - Class A Ordinary Shares,,G,N
CRAI,"CRA International,Inc. - Common Stock",,Q,N
CRAN,Crane Harbor Acquisition Corp. II - Class A Ordinary Shares,,G,N
CRAQ,Cal Redwood Acquisition Corp. - Class A Ordinary Shares,,G,N
CRBP,"Corbus Pharmaceuticals Holdings, Inc. - Common Stock",,S,N
CRBU,"Caribou Biosciences, Inc. - Common Stock",,Q,N
CRCT,"Cricut, Inc. - Class A common stock",,Q,N
CRDF,"Cardiff Oncology, Inc. - Common Stock",,S,N
CRDL,Cardiol Therapeutics Inc. - Class A Common Shares,,S,N
CRDO,Credo Technology Group Holding Ltd - Ordinary Shares,,Q,N
CRE,Cre8 Enterprise Limited - Class A Ordinary Shares,,S,N
CRESY,"Cresud S.A.C.I.F. y A. - American Depositary Shares, each representing ten shares of Common Stock",,Q,N
CREX,"Creative Realities, Inc. - Common Stock",,S,N
CRGO,Freightos Limited - Ordinary shares,,S,N
CRIS,"Curis, Inc. - Common Stock",,S,N
CRMD,CorMedix Inc. - Common Stock,,G,N
CRML,Critical Metals Corp. - Ordinary Shares,,G,N
CRMT,"America's Car-Mart, Inc. - Common Stock",,Q,N
CRNC,Cerence Inc. - Common Stock,,Q,N
CRNT,Ceragon Networks Ltd. - Ordinary Shares,,Q,N
CRON,Cronos Group Inc. - Common Share,,G,N
CROX,"Crocs, Inc. - Common Stock",,Q,N
CRSP,CRISPR Therapeutics AG - Common Shares,,G,N
CRSR,"Corsair Gaming, Inc. - Common Stock",,Q,N
CRTO,Criteo S.A. - Ordinary Shares,,Q,N
CRUS,"Cirrus Logic, Inc. - Common Stock",,Q,N
CRVL,CorVel Corp. - Common Stock,,Q,N
CRVO,CervoMed Inc. - Common Stock,,S,N
CRVS,"Corvus Pharmaceuticals, Inc. - Common Stock",,G,N
CRWD,"CrowdStrike Holdings, Inc. - Class A Common Stock",,Q,N
CRWS,"Crown Crafts, Inc. - Common Stock",,S,N
CRWV,"CoreWeave, Inc. - Class A Common Stock",,Q,N
CSAI,"Cloudastructure, Inc. - Class A Common Stock",,S,N
CSBR,"Champions Oncology, Inc. - Common Stock",,S,N
CSCO,"Cisco Systems, Inc. - Common Stock",,Q,N
CSGP,"CoStar Group, Inc. - Common Stock",,Q,N
CSHR,CoinShares PLC - Ordinary Shares,,Q,N
CSIQ,Canadian Solar Inc. - Common Shares,,Q,N
CSPI,CSP Inc. - Common Stock,,G,N
CSQ,Calamos Strategic Total Return Fund - Closed End Fund,,Q,N
CSTE,Caesarstone Ltd. - Ordinary Shares,,Q,N
CSTL,"Castle Biosciences, Inc. - Common stock",,G,N
CSWC,Capital Southwest Corporation - Common Stock,,Q,N
CSX,CSX Corporation - Common Stock,,Q,N
CTAA,ClearThink 1 Acquisition Corp. - Class A Ordinary Shares,,G,N
CTAS,Cintas Corporation - Common Stock,,Q,N
CTBI,"Community Trust Bancorp, Inc. - Common Stock",,Q,N
CTKB,"Cytek Biosciences, Inc. - Common Stock",,Q,N
CTMX,"CytomX Therapeutics, Inc. - Common Stock",,Q,N
CTNM,"Contineum Therapeutics, Inc. - Common stock",,Q,N
CTNT,Cheetah Net Supply Chain Service Inc. - Class A Common Stock,,S,N
CTOR,"Citius Oncology, Inc.  - Common Stock",,S,D
CTRM,Castor Maritime Inc. - Common Shares,,S,N
CTRN,"Citi Trends, Inc. - Common Stock",,Q,N
CTSH,Cognizant Technology Solutions Corporation - Class A Common Stock,,Q,N
CTSO,Cytosorbents Corporation - Common Stock,,S,D
CTW,CTW - Class A Ordinary Shares,,S,N
CTXR,"Citius Pharmaceuticals, Inc. - Common Stock",,S,D
CUB,Lionheart Holdings - Class A Ordinary Shares,,G,N
CUE,"Cue Biopharma, Inc. - Common Stock",,S,N
CULP,"Culp, Inc. - Common Shares",,S,N
CUPR,Cuprina Holdings (Cayman) Limited - Class A Ordinary shares,,S,N
CURI,CuriosityStream Inc.  - Class A Common Stock,,S,N
CURR,Currenc Group Inc. - Ordinary Shares,,G,N
CURX,Curanex Pharmaceuticals Inc - Common Stock,,S,N
CUVL,Clinuvel Pharmaceuticals Limited - American Depositary Shares,,Q,N
CV,"CapsoVision, Inc. - Common Stock",,S,N
CVBF,CVB Financial Corporation - Common Stock,,Q,N
CVCO,"Cavco Industries, Inc. - Common Stock",,Q,N
CVGI,"Commercial Vehicle Group, Inc. - Common Stock",,Q,N
CVKD,"Cadrenal Therapeutics, Inc. - Common Stock",,S,N
CVLT,"Commvault Systems, Inc. - Common Stock",,Q,N
CVRX,"CVRx, Inc. - Common Stock",,Q,N
CVV,CVD Equipment Corporation - Common Stock,,S,N
CWBC,Community West Bancshares - Common Stock,,S,N
CWCO,Consolidated Water Co. Ltd. - Ordinary Shares,,Q,N
CWD,CaliberCos Inc. - Class A Common Stock,,S,D
CWST,"Casella Waste Systems, Inc. - Class A Common Stock",,Q,N
CXAI,CXApp Inc. - Class A Common Stock,,S,N
CXDO,"Crexendo, Inc. - Common Stock",,S,N
CXII,Churchill Capital Corp XII - Class A Ordinary Shares,,G,N
CYAB,"Cyabra, Inc. - Common Stock",,G,D
CYCU,"Cycurion, Inc. - Common Stock",,G,N
CYN,Cyngn Inc. - Common stock,,S,N
CYPH,Cypherpunk Technologies Inc. - Common Stock,,S,N
CYRX,"CryoPort, Inc. - Common Stock",,S,N
CYTK,"Cytokinetics, Incorporated - Common Stock",,Q,N
CZFS,"Citizens Financial Services, Inc. - Common Stock",,S,N
CZNC,Citizens & Northern Corp - Common Stock,,S,N
CZR,"Caesars Entertainment, Inc. - Common Stock",,Q,N
CZWI,"Citizens Community Bancorp, Inc. - Common Stock",,G,N
DAAQ,Digital Asset Acquisition Corp. - Class A Ordinary shares,,G,N
DAIC,"CID HoldCo, Inc. - Common Stock",,G,H
DAIO,Data I/O Corporation - Common Stock,,S,N
DAKT,"Daktronics, Inc. - Common Stock",,Q,N
DARE,"Dare Bioscience, Inc. - Common Stock",,S,D
DASH,"DoorDash, Inc. - Common Stock",,Q,N
DAVE,Dave Inc.  - Class A Common Stock,,G,N
DBCA,D. Boral Acquisition I Corp. - Class A Ordinary Shares,,G,N
DBGI,"Digital Brands Group, Inc. - Common Stock",,S,N
DBVT,DBV Technologies S.A. - American Depositary Shares,,S,N
DBX,"Dropbox, Inc. - Class A Common Stock",,Q,N
DCBO,Docebo Inc. - Common Shares,,Q,N
DCGO,DocGo Inc. - Common Stock,,S,D
DCOY,Decoy Therapeutics Inc. - Common Stock,,S,N
DCTH,"Delcath Systems, Inc. - Common Stock",,S,N
DCX,Digital Currency X Technology Inc. - Class A Ordinary Shares,,S,N
DDI,"DoubleDown Interactive Co., Ltd. - American Depository Shares",,Q,N
DDOG,"Datadog, Inc. - Class A Common Stock",,Q,N
DEFT,"Defi Technologies, Inc. - Common Stock",,S,D
DERM,Journey Medical Corporation - Common Stock,,S,N
DETX,"Liberty Defense Holdings, Ltd. - Common Shares",,S,N
DFDV,DeFi Development Corp. - Common Stock,,S,N
DFLI,Dragonfly Energy Holdings Corp - Common Stock,,S,D
DFNS,T3 Defense Inc. - Common Stock,,G,D
DFSC,"DEFSEC Technologies Inc. - common stock, no R/S concurrent with offering",,S,N
DFTX,"Definium Therapeutics, Inc.  - Common Shares",,Q,N
DGICA,"Donegal Group, Inc. - Class A Common Stock",,Q,N
DGICB,"Donegal Group, Inc. - Class B Common Stock",,Q,N
DGII,Digi International Inc. - Common Stock,,Q,N
DGNX,Diginex Limited - Ordinary Shares,,S,N
DGXX,Digi Power X Inc. - Common Subordinate Voting Shares,,S,N
DH,Definitive Healthcare Corp. - Class A Common Stock,,Q,D
DHC,Diversified Healthcare Trust  - Common Shares of Beneficial Interest,,Q,N
DIBS,"1stdibs.com, Inc. - Common Stock",,G,N
DIOD,Diodes Incorporated - Common Stock,,Q,N
DJCO,Daily Journal Corp. (S.C.) - Common Stock,,S,N
DJT,Trump Media & Technology Group Corp. - Common Stock,,G,N
DKI,DarkIris Inc. - Class A Ordinary Shares,,S,N
DKNG,DraftKings Inc. - Class A Common Stock,,Q,N
DLHC,DLH Holdings Corp. - Common Stock,,S,N
DLO,DLocal Limited - Class A Common Shares,,Q,N
DLPN,"Dolphin Entertainment, Inc. - Common Stock",,S,N
DLTH,Duluth Holdings Inc. - Class B Common Stock,,Q,N
DLTR,"Dollar Tree, Inc. - Common Stock",,Q,N
DLXY,Delixy Holdings Limited - Class A Ordinary Shares,,S,D
DMAA,Drugs Made In America Acquisition Corp. - Ordinary Shares,,G,N
DMAC,DiaMedica Therapeutics Inc. - Common Stock,,S,N
DMII,Drugs Made In America Acquisition II Corp. - Ordinary Shares,,G,N
DMRA,"Damora Therapeutics, Inc. - Ordinary Shares",,S,N
DMRC,Digimarc Corporation - Common Stock,,Q,N
DNLI,Denali Therapeutics Inc. - Common Stock,,Q,N
DNMX,Dynamix Corporation III - Class A Ordinary Shares,,G,N
DNTH,"Dianthus Therapeutics, Inc. - Common Stock",,S,N
DNUT,"Krispy Kreme, Inc. - Common Stock",,Q,N
DOCU,"DocuSign, Inc. - Common Stock",,Q,N
DOGZ,Dogness (International) Corporation - Class A Common Stock,,S,N
DOMH,Dominari Holdings Inc. - Common Stock,,S,N
DOO,BRP Inc. - Common Subordinate Voting Shares,,Q,N
DORM,"Dorman Products, Inc. - Common Stock",,Q,N
DOX,Amdocs Limited - Ordinary Shares,,Q,N
DOYU,DouYu International Holdings Limited - American Depositary Shares,,Q,N
DPRO,Draganfly Inc. - Common Shares,,S,N
DPU,Nexpu Ltd. - Class A Ordinary Shares,,S,N
DPZ,Domino's Pizza Inc - Common Stock,,Q,N
DRDB,Roman DBDR Acquisition Corp. II - Ordinary shares,,G,D
DRH,Diamondrock Hospitality Company - Common Stock,,Q,N
DRIO,DarioHealth Corp. - Common Stock,,S,N
DRK,DarkHorse Technologies Inc. - Common Shares,,S,N
DRMA,"Dermata Therapeutics, Inc. - Common Stock",,S,N
DRS,"Leonardo DRS, Inc. - Common Stock",,Q,N
DRTS,Alpha Tau Medical Ltd. - Ordinary Shares,,S,N
DRUG,Bright Minds Biosciences Inc. - common stock,,S,N
DRVN,Driven Brands Holdings Inc. - Common Stock,,Q,N
DSAC,Daedalus Special Acquisition Corp. - Class A Ordinary Shares,,G,N
DSC,DSC Holdings Ltd. - American Depositary Shares,,G,N
DSGN,"Design Therapeutics, Inc. - Common Stock",,Q,N
DSGR,"Distribution Solutions Group, Inc. - Common Stock",,Q,N
DSGX,The Descartes Systems Group Inc. - Common Stock,,Q,N
DSP,Viant Technology Inc. - common stock,,Q,N
DSWL,"Deswell Industries, Inc. - Common Shares",,G,N
DSY,Big Tree Cloud Holdings Limited - Class A Ordinary Shares,,S,N
DTCX,"Datacentrex, Inc. - Common Stock",,S,N
DTI,Drilling Tools International Corporation  - Common Stock,,S,N
DTIL,"Precision BioSciences, Inc. - Common Stock",,S,N
DTSQ,DT Cloud Star Acquisition Corporation - Ordinary Shares,,S,N
DTSS,Datasea Intelligent Technology Ltd. - Class A Ordinary Shares,,S,D
DTST,Data Storage Corporation - Common Stock,,S,N
DUKR,DUKE Robotics Corp. - Common Stock,,S,N
DUO,Fangdd Network Group Ltd. - Class A Ordinary Shares,,S,D
DUOL,"Duolingo, Inc. - Class A Common Stock",,Q,N
DUOT,"Duos Technologies Group, Inc. - Common Stock",,S,N
DVLT,Datavault AI Inc. - Common Stock,,S,D
DWSN,Dawson Geophysical Company - Common Stock,,Q,N
DWTX,"Dogwood Therapeutics, Inc.  - Common Stock",,S,N
DXCM,"DexCom, Inc. - Common Stock",,Q,N
DXLG,"Destination XL Group, Inc. - Common Stock",,S,D
DXPE,"DXP Enterprises, Inc. - Common Stock",,Q,N
DXR,Daxor Corporation - Closed End Fund,,S,N
DXST,Decent Holding Inc. - Class A Ordinary Shares,,S,N
DYAI,"Dyadic International, Inc. - Common Stock",,S,D
DYN,"Dyne Therapeutics, Inc. - Common Stock",,Q,N
DYNC,Dynamix Corporation - Class A Ordinary Share,,G,N
DYOR,Insight Digital Partners II - Class A Ordinary Shares,,G,N
EBAY,eBay Inc. - Common Stock,,Q,N
EBC,"Eastern Bankshares, Inc. - Common Stock",,Q,N
EBMT,"Eagle Bancorp Montana, Inc. - Common Stock",,G,N
EBON,Ebang International Holdings Inc. - Class A Ordinary Shares,,Q,N
ECBK,"ECB Bancorp, Inc. - Common Stock",,S,N
ECHO,EchoStar Corporation - Common stock,,Q,N
ECOR,"electroCore, Inc. - Common Stock",,S,N
ECPG,Encore Capital Group Inc - Common Stock,,Q,N
ECX,ECARX Holdings Inc. - Class A Ordinary shares,,G,N
EDBL,Edible Garden AG Incorporated - Common Stock,,S,N
EDHL,Everbright Digital Holding Limited - Ordinary Shares,,S,N
EDIT,"Editas Medicine, Inc. - Common Stock",,Q,N
EDRY,EuroDry Ltd. - Common Shares,,S,N
EDSA,"Edesa Biotech, Inc. - Common Shares",,S,N
EDTK,Skillful Craftsman Education Technology Limited - Ordinary Share,,S,N
EDUC,Educational Development Corporation - Common Stock,,G,N
EEFT,"Euronet Worldwide, Inc. - Common Stock",,Q,N
EEIQ,EpicQuest Education Group International Limited - Common Stock,,S,N
EFOI,"Energy Focus, Inc. - Common Stock",,S,N
EFSC,Enterprise Financial Services Corporation - Common Stock,,Q,N
EFSI,Eagle Financial Services Inc - Common Stock,,S,N
EFTY,"Etoiles Capital Group Co., Ltd. - Class A Ordinary Shares",,S,N
EGAN,eGain Corporation - Common Stock,,S,N
EGBN,"Eagle Bancorp, Inc. - Common Stock",,S,N
EGHA,EGH Acquisition Corp. - Class A ordinary shares,,G,N
EGHT,8x8 Inc - Common stock,,Q,N
EH,EHang Holdings Limited - ADS,,G,N
EHGO,Eshallgo Inc. - Class A Ordinary Shares,,S,N
EHLD,Euroholdings Ltd. - Common Stock,,S,N
EHTH,"eHealth, Inc. - Common Stock",,Q,N
EIKN,"Eikon Therapeutics, Inc. - Common Stock",,Q,N
EJH,E-Home Household Service Holdings Limited - Ordinary shares,,S,N
ELAB,PMGC Holdings Inc. - Common Stock,,S,N
ELBM,Electra Battery Materials Corporation - Common Stock,,S,D
ELDN,"Eledon Pharmaceuticals, Inc. - Common Stock",,S,N
ELE,Elemental Royalty Corporation - Common Stock,,S,N
ELMT,The Elmet Group Co. - Common Stock,,S,N
ELOG,Eastern International Ltd. - Ordinary Shares,,S,D
ELOX,"Eloxx Pharmaceuticals, Inc. - Common Stock",,S,N
ELPW,Elong Power Holding Limited - Class A Ordinary Shares,,S,N
ELTK,Eltek Ltd. - Ordinary Shares,,S,N
ELTX,"Elicio Therapeutics, Inc. - Common Stock",,S,N
ELUT,"Elutia, Inc. - Class A Common Stock",,S,D
ELVA,Electrovaya Inc. - Common Shares,,S,N
ELVN,"Enliven Therapeutics, Inc.  - Common Stock",,Q,N
ELVR,Elevra Lithium Limited - American Depository Shares,,S,N
ELWT,"Elauwit Connection, Inc. - Common Stock",,S,N
EMAT,Evolution Metals & Technologies Corp. - Common Stock,,G,N
EMBC,Embecta Corp. - Common Stock,,Q,N
EMIS,Emmis Acquisition Corp. - Class A Ordinary Share,,G,N
EML,Eastern Company (The) - Common Stock,,G,N
EMPD,Empery Digital Inc. - Common stock,,Q,N
ENGN,enGene Therapeutics Inc. - Common Stock,,S,N
ENGS,Energys Group Limited - Ordinary Shares,,S,N
ENLT,Enlight Renewable Energy Ltd. - Ordinary Shares,,Q,N
ENLV,Enlivex Ltd. - Ordinary Shares,,S,N
ENPH,"Enphase Energy, Inc. - Common Stock",,G,N
ENRD,Einride AB - American Depositary Shares,,G,N
ENSC,"Ensysce Biosciences, Inc. - Common Stock",,S,D
ENSG,"The Ensign Group, Inc. - Common Stock",,Q,N
ENTA,"Enanta Pharmaceuticals, Inc. - Common Stock",,Q,N
ENTG,"Entegris, Inc. - Common Stock",,Q,N
ENTX,Entera Bio Ltd. - Ordinary Shares,,S,N
ENVB,"Enveric Biosciences, Inc.  - Common Stock",,S,N
ENVX,Enovix Corporation - Common Stock,,Q,N
EOCN,Eocene Ltd. - Ordinary Shares,,S,N
EOLS,"Evolus, Inc. - Common Stock",,G,N
EOSE,"Eos Energy Enterprises, Inc. - Common Stock",,S,N
EPOW,E-Power Inc. - Class A Ordinary Shares,,S,N
EPRX,Eupraxia Pharmaceuticals Inc. - Common Stock,,Q,N
EPSM,Epsium Enterprise Limited - Class A Ordinary Shares,,S,N
EPSN,Epsilon Energy Ltd. - Common Shares,,G,N
EQ,"Equillium, Inc. - Common Stock",,S,N
EQIX,"Equinix, Inc. - Common Stock",,Q,N
EQPT,EquipmentShare.com Inc - Class A Common Stock,,Q,N
ERAS,"Erasca, Inc. - Common Stock",,Q,N
ERIC,Ericsson - American Depositary Shares each representing 1 underlying Class B share,,Q,N
ERIE,Erie Indemnity Company - Class A Common Stock,,Q,N
ERII,"Energy Recovery, Inc. - Common Stock",,Q,N
ERNA,Ernexa Therapeutics Inc. - Common Stock,,S,N
ESCA,"Escalade, Incorporated - Common Stock",,G,N
ESEA,Euroseas Ltd. - Common Stock,,S,N
ESLA,"Estrella Immunopharma, Inc. - Common Stock",,S,D
ESLT,Elbit Systems Ltd. - Ordinary Shares,,Q,N
ESOA,Energy Services of America Corporation - Common Stock,,S,N
ESQ,"Esquire Financial Holdings, Inc. - Common Stock",,S,N
ESTA,Establishment Labs Holdings Inc. - Common Shares,,S,N
ESYN,EnerSyn Global Inc. - Common Stock,,S,N
ETON,"Eton Pharmaceuticals, Inc. - Common Stock",,G,N
ETOR,eToro Group Ltd. - Class A Common Shares,,Q,N
ETRA,"Electra Therapeutics, Inc. - Common stock",,Q,N
ETS,Elite Express Holding Inc. - Class A Common Stock,,S,N
EU,enCore Energy Corp. - Common Stock,,S,N
EUDA,Euda Health Holdings Limited - Ordinary Shares,,S,N
EURK,Eureka Acquisition Corp - Class A Ordinary Share,,S,D
EVAX,Evaxion A/S - American Depositary Share,,S,N
EVCM,EverCommerce Inc. - Common Stock,,Q,N
EVER,"EverQuote, Inc. - Class A Common Stock",,G,N
EVGN,Evogene Ltd. - Ordinary Shares,,S,D
EVGO,EVgo Inc. - Common Stock,,Q,N
EVLV,"Evolv Technologies Holdings, Inc. - Class A Common Stock",,S,N
EVO,Evotec SE - American Depositary Shares each representing 1/2 of one ordinary share,,Q,N
EVOX,Evolution Global Acquisition Corp - Class A Ordinary Shares,,G,N
EVRG,"Evergy, Inc. - Common Stock",,Q,N
EWAV,East West Ave Acquisition Corp. - Common Stock,,G,N
EWBC,"East West Bancorp, Inc. - Common Stock",,Q,N
EWTX,"Edgewise Therapeutics, Inc. - Common Stock",,Q,N
EXC,Exelon Corporation - Common Stock,,Q,N
EXE,Expand Energy Corporation - Common Stock,,Q,N
EXEL,"Exelixis, Inc. - Common Stock",,Q,N
EXFY,"Expensify, Inc. - Class A Common Stock",,Q,N
EXLS,"ExlService Holdings, Inc. - Common Stock",,Q,N
EXOZ,eXoZymes Inc. - Common Stock,,S,N
EXPE,"Expedia Group, Inc. - Common Stock",,Q,N
EXPO,"Exponent, Inc. - Common Stock",,Q,N
EXTR,"Extreme Networks, Inc. - Common Stock",,Q,N
EXYN,"Exyn Technologies, Inc. - Common Stock",,S,N
EYE,"National Vision Holdings, Inc. - Common Stock",,Q,N
EYPT,"EyePoint, Inc. - Common Stock",,G,N
EZGO,EZGO Technologies Ltd. - Ordinary Shares,,S,N
EZPW,"EZCORP, Inc. - Class A Non-Voting Common Stock",,Q,N
EZRA,"Reliance Global Group, Inc. - Common Stock",,S,N
FA,First Advantage Corporation - Common Stock,,Q,N
FABC,"Fabric.AI, Inc. - Common Stock",,S,N
FAC,Factorial Energy Inc. - Class A Common Stock,,G,N
FACT,FACT II Acquisition Corp. - Class A Ordinary Shares,,G,N
FAMI,"Farmmi, Inc. - Class A Ordinary Shares",,S,D
FANG,"Diamondback Energy, Inc. - Common Stock",,Q,N
FAST,Fastenal Company - Common Stock,,Q,N
FATE,"Fate Therapeutics, Inc. - Common Stock",,G,N
FATN,"FatPipe, Inc. - common stock",,S,N
FBDT,First Breach Inc. - Common Stock,,S,N
FBGL,FBS Global Limited - Ordinary Shares,,S,D
FBIO,"Fortress Biotech, Inc. - Common Stock",,S,N
FBIZ,"First Business Financial Services, Inc. - Common Stock",,Q,N
FBLA,"FB Bancorp, Inc. - Common Stock",,S,N
FBLG,"FibroBiologics, Inc. - Common Stock",,S,N
FBNC,First Bancorp - Common Stock,,Q,N
FBYD,"Falcon's Beyond Global, Inc. - Class A Common Stock",,G,N
FCAP,"First Capital, Inc. - Common Stock",,S,N
FCBC,"First Community Bankshares, Inc. - Common Stock",,Q,N
FCCO,First Community Corporation - Common Stock,,S,N
FCEL,"FuelCell Energy, Inc. - Common Stock",,G,N
FCFS,"FirstCash Holdings, Inc. - Common Stock",,Q,N
FCHL,Fitness Champs Holdings Limited - Ordinary Shares,,S,D
FCNCA,"First Citizens BancShares, Inc. - Class A Common Stock",,Q,N
FCUV,Focus Universal Inc. - Common Stock,,S,N
FDBC,"Fidelity D & D Bancorp, Inc. - Common Stock",,G,N
FDMM,Freedom Metals Acquisition Corp. - Class A Ordinary Shares,,G,N
FDMT,"4D Molecular Therapeutics, Inc. - Common Stock",,Q,N
FDSB,"Fifth District Bancorp, Inc. - Common Stock",,S,N
FDUS,Fidus Investment Corporation - Closed End Fund,,Q,N
FEAM,"5E Advanced Materials, Inc. - Common Stock",,Q,N
FEBO,Fenbo Holdings Limited - Class A Ordinary Shares,,S,D
FEIM,"Frequency Electronics, Inc. - Common Stock",,G,N
FELE,"Franklin Electric Co., Inc. - Common Stock",,Q,N
FEMY,Femasys Inc. - Common Stock,,S,N
FENC,Fennec Pharmaceuticals Inc. - Common Stock,,S,N
FER,Ferrovial N.V. - Ordinary Shares,,Q,N
FERA,Fifth Era Acquisition Corp I - Class A Ordinary Shares,,G,D
FFAI,Faraday Future Intelligent Electric Inc. - Class A Common Stock,,S,N
FFBC,First Financial Bancorp. - Common Stock,,Q,N
FFIN,"First Financial Bankshares, Inc. - Common Stock",,Q,N
FFIV,"F5, Inc. - Common Stock",,Q,N
FFR,FF EAI Robotics Ecosystem Inc. - Common Stock,,S,N
FGBI,"First Guaranty Bancshares, Inc. - Common Stock",,G,N
FGC,FG Communities Holdings Inc. - Common Stock,,G,N
FGI,FGI Industries Ltd. - Ordinary Shares,,S,N
FGII,FG Imperii Acquisition Corp. - Class A Ordinary Shares,,G,N
FGL,Founder Group Limited - Class A Ordinary Shares,,S,D
FHB,"First Hawaiian, Inc. - Common Stock",,Q,N
FHTX,Foghorn Therapeutics Inc. - Common Stock,,G,N
FIBK,"First Interstate BancSystem, Inc. - Common Stock",,Q,N
FIEE,"FiEE, Inc - Common Stock",,S,N
FIGR,"Figure Technology Solutions, Inc. - Class A Common Stock",,Q,N
FIGX,FIGX Capital Acquisition Corp. - Class A ordinary share,,G,N
FINW,FinWise Bancorp - Common Stock,,G,N
FIP,FTAI Infrastructure Inc. - Common Stock,,Q,N
FISI,"Financial Institutions, Inc. - Common Stock",,Q,N
FISN,"Deep Fission, Inc. - Common Stock",,G,N
FISV,"Fiserv, Inc. - Common Stock",,Q,N
FIVE,"Five Below, Inc. - Common Stock",,Q,N
FIVN,"Five9, Inc. - Common Stock",,G,N
FIZZ,National Beverage Corp. - Common Stock,,Q,N
FJDI,ARC Group Securities Acquisition I - Class A Ordinary Shares,,G,N
FKWL,Franklin Wireless Corp. - common stock,,S,N
FLD,"Fold Holdings, Inc. - Class A Common Stock",,S,D
FLEX,Flex Ltd. - Ordinary Shares,,Q,N
FLGT,"Fulgent Genetics, Inc. - Common Stock",,G,N
FLL,"Full House Resorts, Inc. - Common Stock",,S,N
FLNA,"Filana Therapeutics, Inc. - Common Stock",,S,D
FLNC,"Fluence Energy, Inc. - Class A Common Stock",,Q,N
FLNT,"Fluent, Inc. - Common Stock",,S,N
FLUX,"Flux Power Holdings, Inc. - Common Stock",,S,D
FLWS,"1-800-FLOWERS.COM, Inc. - Class A Common Stock",,Q,N
FLX,BingEx Limited - American Depositary Shares,,Q,N
FLXS,"Flexsteel Industries, Inc. - Common Stock",,Q,N
FLY,Firefly Aerospace Inc. - Common Stock,,G,N
FLYE,"Fly-E Group, Inc. - Common Stock",,S,N
FLYW,Flywire Corporation - Voting Common Stock,,Q,N
FMAC,Future Money Acquisition Corporation - Ordinary Shares,,G,E
FMAO,"Farmers & Merchants Bancorp, Inc. - Common Stock",,S,N
FMBH,"First Mid Bancshares, Inc. - Common Stock",,G,N
FMFC,Kandal M Venture Limited - Class A ordinary Shares,,S,D
FMNB,Farmers National Banc Corp. - Common Stock,,S,N
FMST,Foremost Clean Energy Ltd. - Common Shares,,S,N
FNGR,"FingerMotion, Inc. - common stock",,S,D
FNKO,"Funko, Inc. - Class A Common Stock",,Q,N
FNLC,"First Bancorp, Inc (ME) - Common Stock",,Q,N
FNRN,First Northern Community Bancorp - Common stock,,S,N
FNUC,Frontier Nuclear and Minerals Inc. - Common Shares,,S,E
FNWB,First Northwest Bancorp - Common Stock,,G,N
FNWD,Finward Bancorp - common stock,,S,N
FOCL,"EDAP TMS S.A. - American Depositary Shares, each representing One Ordinary Share",,G,N
FOFO,"Hang Feng Technology Innovation Co., Ltd. - Ordinary Shares",,S,N
FORM,"FormFactor, Inc. - Common Stock",,Q,N
FORR,"Forrester Research, Inc. - Common Stock",,Q,N
FORTY,Formula Systems (1985) Ltd. - American Depositary Shares,,Q,N
FOSL,"Fossil Group, Inc. - Common Stock",,Q,N
FOX,Fox Corporation - Class B Common Stock,,Q,N
FOXA,Fox Corporation - Class A Common Stock,,Q,N
FOXF,Fox Factory Holding Corp. - Common Stock,,Q,N
FOXX,Foxx Development Holdings Inc. - Common Stock,,S,D
FRAF,Franklin Financial Services Corporation - Common Stock,,S,N
FRBA,First Bank  - Common Stock,,G,N
FRBT,"Forbright, Inc. - Class A Common Stock",,Q,N
FRD,Friedman Industries Inc. - Common Stock,,Q,N
FRGT,"Freight Technologies, Inc. - Ordinary Shares",,S,N
FRHC,Freedom Holding Corp. - Common Stock,,S,N
FRME,First Merchants Corporation - Common Stock,,Q,N
FRMI,Fermi Inc. - Common Stock,,Q,N
FRMM,"Forum Markets, Incorporated - Common Stock",,S,N
FRNM,"Freenome, Inc. - Common stock",,S,N
FROG,JFrog Ltd. - Ordinary shares,,Q,N
FRPH,"FRP Holdings, Inc. - Common Stock",,Q,N
FRPT,"Freshpet, Inc. - Common Stock",,G,N
FRSH,Freshworks Inc. - Class A Common Stock,,Q,N
FRST,Primis Financial Corp. - Common Stock,,G,N
FRSX,Foresight Autonomous Holdings Ltd. - American Depositary Shares,,S,N
FRTT,Fort Technology Inc. - Common Shares,,S,N
FRVO,Fervo Energy Company - Class A common stock,,Q,N
FSBC,Five Star Bancorp - Common Stock,,Q,N
FSBW,"FS Bancorp, Inc. - Common Stock",,S,N
FSHP,Flag Ship Acquisition Corp. - Ordinary Shares,,S,N
FSLR,"First Solar, Inc. - Common Stock",,Q,N
FSLY,"Fastly, Inc. - Class A Common Stock",,Q,N
FSTR,L.B. Foster Company - Common Stock,,Q,N
FSUN,FirstSun Capital Bancorp - Common Stock,,Q,N
FSV,FirstService Corporation - Common Shares,,Q,N
FTAI,FTAI Aviation Ltd. - Common Stock,,Q,N
FTCI,"FTC Solar, Inc. - Common Stock",,S,N
FTDR,"Frontdoor, Inc. - Common Stock",,Q,N
FTEK,"Fuel Tech, Inc. - Common Stock",,S,N
FTFT,Future FinTech Group Inc. - Common Stock,,S,N
FTH,"Faeth Therapeutics, Inc.  - Common Stock",,S,N
FTHA,Forefront Tech Holdings Acquisition Corp - Class A Ordinary Shares,,G,N
FTHM,Fathom Holdings Inc. - Common Stock,,S,D
FTLF,"FitLife Brands, Inc. - Common Stock",,S,N
FTNT,"Fortinet, Inc. - Common Stock",,Q,N
FTRE,Fortrea Holdings Inc. - Common Stock,,Q,N
FUFU,BitFuFu Inc. - Class A Ordinary Shares,,S,N
FULC,"Fulcrum Therapeutics, Inc. - Common Stock",,G,N
FULT,Fulton Financial Corporation - Common Stock,,Q,N
FUNC,First United Corporation - Common Stock,,Q,N
FUND,"Sprott Focus Trust, Inc. - Closed End Fund",,Q,N
FUSB,"First US Bancshares, Inc. - Common Stock",,S,N
FUSE,Fusemachines Inc. - Common stock,,G,D
FUTU,Futu Holdings Limited - American Depositary Shares,,G,N
FVAV,Fortress Value Acquisition Corp. V - Class A Ordinary Shares,,G,N
FVCB,"FVCBankcorp, Inc. - Common Stock",,S,N
FVN,Future Vision II Acquisition Corporation - Ordinary Shares,,S,D
FWAC,Futurewave Acquisition Corporation - Ordinary Shares,,S,N
FWDI,"Forward Industries, Inc. - Common Stock",,S,N
FWONA,Liberty Media Corporation - Series A Common Stock,,Q,N
FWONK,Liberty Media Corporation - Series C Common Stock,,Q,N
FWRD,Forward Air Corporation - Common Stock,,Q,N
FWRG,"First Watch Restaurant Group, Inc. - Common Stock",,Q,N
FXAC,FortuneX Acquisition Corporation - Ordinary shares,,G,N
FXHO,UTime Limited - Class A Ordinary Shares,,S,N
FXNC,First National Corporation - Common Stock,,S,N
GABC,"German American Bancorp, Inc. - Common Stock",,Q,N
GAIA,"Gaia, Inc. - Class A Common Stock",,G,N
GAIN,Gladstone Investment Corporation - Business Development Company,,Q,N
GALT,Galectin Therapeutics Inc. - Common Stock,,S,N
GAME,"GameSquare Holdings, Inc. - Common stock",,S,N
GANX,"Gain Therapeutics, Inc. - Common Stock",,G,N
GASS,"StealthGas, Inc. - common stock",,Q,N
GAUZ,Gauzy Ltd. - Ordinary Shares,,G,E
GBDC,"Golub Capital BDC, Inc. - Closed End Fund",,Q,N
GBFH,GBank Financial Holdings Inc. - Common Stock,,S,N
GBLI,"Global Indemnity Group, LLC - Class A Common Shares",,Q,N
GCBC,"Greene County Bancorp, Inc. - Common Stock",,S,N
GCGR,General Catalyst Global Resilience Merger Corp. - Class A Ordinary Shares,,G,N
GCL,GCL Global Holdings Ltd - Ordinary Shares,,S,D
GCMG,GCM Grosvenor Inc. - Class A Common Stock,,G,N
GCT,GigaCloud Technology Inc - Class A Ordinary Shares,,G,N
GCTK,"GlucoTrack, Inc. - Common Stock",,S,D
GDC,GD Culture Group Limited - Common Stock,,S,N
GDEV,GDEV Inc. - Ordinary Shares,,G,N
GDHG,Golden Heaven Group Holdings Ltd.  - Class A Ordinary Shares,,S,N
GDRX,"GoodRx Holdings, Inc. - Class A Common Stock",,Q,N
GDS,GDS Holdings Limited - American Depositary Shares,,G,N
GDTC,CytoMed Therapeutics Limited - Ordinary Shares,,S,N
GDYN,"Grid Dynamics Holdings, Inc. - Class A Common Stock",,S,N
GECC,Great Elm Capital Corp. - Closed End Fund,,G,N
GEG,"Great Elm Group, Inc.  - Common Stock",,Q,N
GEHC,GE HealthCare Technologies Inc. - Common Stock,,Q,N
GELS,Gelteq Limited - Ordinary Shares,,S,D
GEMI,"Gemini Space Station, Inc. - Class A Common Stock",,Q,N
GEN,Gen Digital Inc. - Common Stock,,Q,N
GENB,"Generate Biomedicines, Inc. - Common Stock",,Q,N
GENK,"GEN Restaurant Group, Inc. - Class A Common Stock",,G,N
GEOS,Geospace Technologies Corporation - Common Stock,,Q,N
GERN,Geron Corporation - Common Stock,,Q,N
GEVO,"Gevo, Inc. - Common Stock",,S,N
GFAI,"Guardforce AI Co., Limited - Ordinary Shares",,S,D
GFS,GlobalFoundries Inc. - Ordinary Share,,Q,N
GFUZ,General Fusion Group Ltd. - Common Shares,,G,N
GGAL,"Grupo Financiero Galicia S.A. - American Depositary Shares, Class B Shares underlying",,S,N
GGR,Gogoro Inc. - Ordinary Shares,,S,N
GH,"Guardant Health, Inc. - Common Stock",,Q,N
GHRS,GH Research PLC - Ordinary Shares,,G,N
GHXI,"Gores Holdings XI, Inc. - Class A Ordinary Shares",,G,N
GIBO,GIBO Holdings Limited - Class A Ordinary Shares,,S,N
GIFT,"Giftify, Inc. - Common Stock",,S,D
GIGM,GigaMedia Limited - Ordinary Shares,,S,N
GIII,"G-III Apparel Group, LTD. - Common Stock",,Q,N
GILD,"Gilead Sciences, Inc. - Common Stock",,Q,N
GILT,Gilat Satellite Networks Ltd. - Ordinary Shares,,Q,N
GIPR,Generation Income Properties Inc. - Common stock,,S,D
GITS,"Global Interactive Technologies, Inc. Common Stock - Common Stock",,S,N
GIW,GigCapital8 Corp. - Class A Ordinary Shares,,G,N
GIX,GigCapital9 Corp. - Class A Ordinary Share,,G,N
GIXI,Gix Internet Ltd. - Ordinary Shares,,S,N
GLAD,Gladstone Capital Corporation - Closed End Fund,,Q,N
GLBE,Global-E Online Ltd. - ordinary shares,,Q,N
GLBS,Globus Maritime Limited - Common Stock,,S,N
GLE,Global Engine Group Holding Limited - Class A Ordinary Shares,,S,D
GLIBA,Liberty Capital Corporation - Series A GCI Group Common Stock,,Q,N
GLIBK,Liberty Capital Corporation - Series C GCI Group Common Stock,,Q,N
GLND,Greenland Energy Company - Common Stock,,G,N
GLNG,Golar LNG Limited - Common Shares,,Q,N
GLOO,"Gloo Holdings, Inc. - Common Stock",,Q,N
GLPI,"Gaming and Leisure Properties, Inc. - Common Stock",,Q,N
GLRE,"Greenlight Reinsurance, Ltd. - Class A Ordinary Shares",,Q,N
GLSI,"Greenwich LifeSciences, Inc. - Common stock",,S,N
GLUE,"Monte Rosa Therapeutics, Inc. - Common Stock",,Q,N
GLXG,Galaxy Payroll Group Limited - Class A Ordinary Shares,,S,N
GLXY,Galaxy Digital Inc. - Class A common stock,,Q,N
GMAB,Genmab A/S - American Depositary Shares,,Q,N
GMEX,GMEX ROBOTICS CORPORATION - Class A Ordinary Shares,,S,N
GMHS,Gamehaus Holdings Inc. - Class A Ordinary Shares,,S,D
GMM,Global Mofy AI Limited  - Class A Ordinary Shares,,S,N
GNLN,"Greenlane Holdings, Inc. - Class A Common Stock",,S,N
GNLX,Genelux Corporation - Common Stock,,S,N
GNPX,"Genprex, Inc. - Common Stock",,S,N
GNSS,Genasys Inc. - Common Stock,,S,N
GNTA,Genenta Science S.p.A. - American Depositary Shares,,S,N
GNTX,Gentex Corporation - Common Stock,,Q,N
GO,Grocery Outlet Holding Corp. - Common Stock,,Q,N
GOAI,Eva Live Inc. - Common Stock,,S,N
GOGO,Gogo Inc. - Common Stock,,Q,N
GOOD,Gladstone Commercial Corporation - Real Estate Investment Trust,,Q,N
GOOG,Alphabet Inc. - Class C Capital Stock,,Q,N
GOOGL,Alphabet Inc. - Class A Common Stock,,Q,N
GOSS,"Gossamer Bio, Inc. - Common Stock",,Q,N
GOVX,"GeoVax Labs, Inc. - Common Stock",,S,D
GOW,GOWell Energy Technology - Ordinary shares,,G,N
GP,GreenPower Motor Company Inc. - Common Shares,,S,N
GPAC,General Purpose Acquisition Corp. - Class A Ordinary Shares,,G,N
GPAT,GP-Act III Acquisition Corp. - Class A Ordinary Share,,G,N
GPCR,Structure Therapeutics Inc. - American Depositary Shares,,G,N
GPRE,"Green Plains, Inc. - Common Stock",,Q,N
GPRO,"GoPro, Inc. - Class A Common Stock",,Q,N
GRAB,Grab Holdings Limited - Class A Ordinary Shares,,Q,N
GRAL,"GRAIL, Inc. - Common Stock",,Q,N
GRAN,Grande Group Limited - Class A Ordinary Shares,,S,N
GRCE,"Grace Therapeutics, Inc. - Common Stock",,S,N
GRDX,GridAI Technologies Corp.  - Common Stock,,S,N
GRFS,"Grifols, S.A. - American Depositary Shares",,Q,N
GRI,"GRI Bio, Inc. - Common Stock",,S,N
GRML,Greenland Mines Ltd - Common Stock,,S,N
GRNQ,Greenpro Capital Corp. - Common Stock,,S,N
GROW,"U.S. Global Investors, Inc. - Class A Common Stock",,S,N
GRPN,"Groupon, Inc. - Common Stock",,Q,N
GRRR,Gorilla Technology Group Inc. - Ordinary shares,,S,N
GRSD,Grandstand Limited - Ordinary Shares,,G,N
GRVY,"GRAVITY Co., Ltd. - American depositary shares, each representing one common share.",,G,N
GRWG,GrowGeneration Corp. - Common Stock,,S,N
GSAT,"Globalstar, Inc. - Common Stock",,Q,N
GSBC,"Great Southern Bancorp, Inc. - Common Stock",,Q,N
GSHD,"Goosehead Insurance, Inc. - Class A Common Stock",,Q,N
GSHR,Gesher Acquisition Corp. II - Class A Ordinary Shares,,G,N
GSIT,"GSI Technology, Inc. - Common Stock",,Q,N
GSIW,Garden Stage Limited - Class A Ordinary Shares,,S,N
GSM,Ferroglobe PLC - Ordinary Shares,,S,N
GSRF,GSR IV Acquisition Corp. - Class A ordinary share,,G,N
GSRV,GSR V Acquisition Corp. - Class A ordinary shares,,G,N
GSUN,Golden Sun Technology Group Limited - Class A Ordinary Shares,,S,D
GT,The Goodyear Tire & Rubber Company - Common Stock,,Q,N
GTBP,"GT Biopharma, Inc. - Common Stock",,S,N
GTEC,Greenland Technologies Holding Corporation - Class A Ordinary Shares,,S,N
GTEN,"Gores Holdings X, Inc. - Class A ordinary shares",,G,N
GTERA,Globa Terra Acquisition Corporation - Class A Ordinary Shares,,G,N
GTIM,Good Times Restaurants Inc. - Common Stock,,S,N
GTLB,GitLab Inc. - Class A Common Stock,,Q,N
GTM,ZoomInfo Technologies Inc. - Common Stock,,Q,N
GTX,Garrett Motion Inc. - Common Stock,,Q,N
GUAC,Berto Acquisition Corp. II - Ordinary Shares,,G,N
GURE,"Gulf Resources, Inc. - Common Stock",,S,N
GUTS,"Fractyl Health, Inc. - Common Stock",,G,D
GVH,Globavend Holdings Limited - Ord Shares,,S,N
GWAV,"Greenwave Technology Solutions, Inc. - Common Stock",,S,N
GWRS,"Global Water Resources, Inc. - common stock",,G,N
GXAI,Gaxos.ai Inc. - Common Stock,,S,D
GYGY,"Game Your Game, Inc. - Common Stock",,S,N
GYRE,"Gyre Therapeutics, Inc. - Common Stock",,S,N
GYRO,"Gyrodyne , LLC - Common Stock",,S,N
HACQ,HCM IV Acquisition Corp. - Class A Ordinary Share,,G,N
HAFC,Hanmi Financial Corporation - Common Stock,,Q,N
HAIN,"The Hain Celestial Group, Inc. - Common Stock",,S,D
HALO,"Halozyme Therapeutics, Inc. - Common Stock",,Q,N
HAO,Haoxi Health Technology Limited - Class A Ord Share,,S,N
HAPN,"Happen, Inc. - Common Stock",,Q,N
HAS,"Hasbro, Inc. - Common Stock",,Q,N
HAVA,Harvard Ave Acquisition Corporation - Class A Ordinary Share,,G,N
HBAN,Huntington Bancshares Incorporated - Common Stock,,Q,N
HBCP,"Home Bancorp, Inc. - Common Stock",,Q,N
HBIO,"Harvard Bioscience, Inc. - Common Stock",,S,N
HBNB,Hotel101 Global Holdings Corp. - Class A Ordinary Shares,,S,N
HBNC,"Horizon Bancorp, Inc. - Common Stock",,Q,N
HBT,"HBT Financial, Inc. - Common Stock",,Q,N
HCAC,Hall Chadwick Acquisition Corp. - Class A Ordinary Shares,,G,N
HCAI,"Huachen AI Parking Management Technology Holding Co., Ltd. - Class A Ordinary Shares",,S,N
HCAT,"Health Catalyst, Inc - Common stock",,Q,N
HCHL,Happy City Holdings Limited - Class A Ordinary shares,,S,N
HCIC,Hennessy Capital Investment Corp. VIII - Class A Ordinary Shares,,G,N
HCKT,"The Hackett Group, Inc. - Common Stock",,Q,N
HCM,HUTCHMED (China) Limited - American Depositary Shares,,Q,N
HCMA,HCM III Acquisition Corp. - Class A Ordinary Share,,G,N
HCSG,"Healthcare Services Group, Inc. - Common Stock",,Q,N
HCTI,"Healthcare Triangle, Inc. - Common Stock",,S,D
HCWB,HCW Biologics Inc. - Common Stock,,S,N
HDL,SUPER HI INTERNATIONAL HOLDING LTD. - American Depositary Shares,,G,N
HDRN,"Hadron Energy, Inc. - Common Stock",,S,N
HDSN,"Hudson Technologies, Inc. - Common Stock",,S,N
HELE,Helen of Troy Limited - Common Stock,,Q,N
HELP,Helus Pharma Inc.  - Common Stock,,G,N
HEPS,D-Market Electronic Services & Trading - American Depositary Shares,,Q,N
HERE,Here Group Limited - American Depositary Shares,,G,N
HERZ,"Herzfeld Credit Income Fund, Inc.  - Closed End Fund",,S,N
HFBL,"Home Federal Bancorp, Inc. of Louisiana - Common Stock",,S,N
HFFG,HF Foods Group Inc. - Common Stock,,S,N
HFWA,Heritage Financial Corporation - Common Stock,,Q,N
HGBL,Heritage Global Inc. - Common Stock,,S,N
HHS,"Harte Hanks, Inc. - Common Stock",,G,N
HIFS,Hingham Institution for Savings - Common Stock,,G,N
HIHO,Highway Holdings Limited - Common Stock,,S,D
HIMX,"Himax Technologies, Inc. - American depositary shares, each of which represents two ordinary shares.",,Q,N
HIND,"Vyome Holdings, Inc. - Common Stock",,S,N
HIT,"Health In Tech, Inc. - Class A Common Stock",,S,N
HITI,High Tide Inc. - Common Shares,,S,N
HIVE,HIVE Digital Technologies Ltd - Common Shares,,S,N
HKPD,"Cellyan Biotechnology Co., Ltd  - Class A Ordinary Shares",,S,D
HLIT,Harmonic Inc. - Common Stock,,Q,N
HLMN,Hillman Solutions Corp. - Common Stock,,G,N
HLNE,Hamilton Lane Incorporated - Class A Common Stock,,Q,N
HLP,Hongli Group Inc. - Class A Ordinary Shares,,S,N
HLXC,Helix Acquisition Corp. III - Class A Ordinary Shares,,G,D
HMH,HMH Holding Inc. - Common Stock,,Q,N
HMR,Heidmar Maritime Holdings Corp. - Common Stock,,S,N
HNNA,"Hennessy Advisors, Inc. - Common Stock",,G,N
HNRG,Hallador Energy Company - Common Stock,,S,N
HNST,"The Honest Company, Inc. - Common Stock",,Q,N
HNVR,"Hanover Bancorp, Inc. - Common Stock",,Q,N
HODO,House of Doge Inc. - Common Stock,,S,D
HOFT,Hooker Furnishings Corporation - Common Stock,,Q,N
HOLO,MicroCloud Hologram Inc. - Ordinary Shares,,S,N
HON,Honeywell International Inc. - Common Stock,,Q,N
HONA,Honeywell Aerospace Inc. - Common Stock,,Q,N
HOOD,"Robinhood Markets, Inc. - Class A Common Stock",,Q,N
HOPE,"Hope Bancorp, Inc. - Common Stock",,Q,N
HOUR,"Hour Loop, Inc. - common stock",,S,N
HOVR,New Horizon Aircraft Ltd. - Class A Ordinary Shares,,S,N
HOWL,"Werewolf Therapeutics, Inc. - Common Stock",,S,D
HPAI,Helport AI Limited - Ordinary Shares,,S,D
HPK,"HighPeak Energy, Inc. - Common Stock",,G,N
HQ,Horizon Quantum Holdings Ltd. - Class A Ordinary Shares,,S,N
HQI,"HireQuest, Inc. - Common Stock",,S,N
HQY,"HealthEquity, Inc. - Common Stock",,Q,N
HRMY,"Harmony Biosciences Holdings, Inc. - Common Stock",,G,N
HROW,"Harrow, Inc. - Common Stock",,G,N
HRTX,"Heron Therapeutics, Inc.   - Common Stock",,S,D
HRZN,Horizon Technology Finance Corporation - Common Stock,,Q,N
HSAI,Hesai Group - American Depositary Share,,Q,N
HSCS,HeartSciences Inc. - Common Stock,,S,D
HSDT,Solana Company - Class A Common Stock,,S,N
HSIC,"Henry Schein, Inc. - Common Stock",,Q,N
HST,"Host Hotels & Resorts, Inc. - Common Stock",,Q,N
HSTM,"HealthStream, Inc. - Common Stock",,Q,N
HTCO,High-Trend International Group - Class A Ordinary Shares,,S,N
HTCR,"Heartcore Enterprises, Inc. - Common Stock",,S,N
HTFL,"Heartflow, Inc. - Common Stock",,Q,N
HTHT,H World Group Limited - American Depositary Shares,,Q,N
HTLD,"Heartland Express, Inc. - Common Stock",,Q,N
HTLM,HomesToLife Ltd - Ordinary Shares,,S,N
HTO,H2O America  - Common Stock,,Q,N
HTOO,Fusion Fuel Green PLC - Ordinary Shares,,S,N
HTZ,"Hertz Global Holdings, Inc - Common Stock",,Q,N
HUBC,Hub Cyber Security Ltd. - Ordinary Shares,,S,D
HUBG,"Hub Group, Inc. - Class A Common Stock",,Q,E
HUCK,"Huckleberry.ai, Inc. - Class B Common Stock",,G,N
HUDI,"Huadi International Group Co., Ltd. - Ordinary Shares",,S,D
HUHU,HUHUTECH International Group Inc. - Ordinary Shares,,S,N
HUIZ,Huize Holding Limited - American Depositary Shares,,G,N
HUMA,"Humacyte, Inc. - Common Stock",,Q,D
HURA,"TuHURA Biosciences, Inc. - Common Stock",,S,N
HURC,"Hurco Companies, Inc. - Common Stock",,Q,N
HURN,Huron Consulting Group Inc. - Common Stock,,Q,N
HUT,Hut 8 Corp. - Common Stock,,Q,N
HVMC,Highview Merger Corp. - Class A Ordinary Share,,G,N
HWBK,"Hawthorn Bancshares, Inc. - Common Stock",,Q,N
HWC,Hancock Whitney Corporation - Common Stock,,Q,N
HWKN,"Hawkins, Inc. - Common Stock",,Q,N
HXHX,Haoxin Holdings Limited - Class A Ordinary Shares,,S,D
HYFM,"Hydrofarm Holdings Group, Inc. - Common Stock",,S,D
HYFT,MindWalk Holdings Corp. - Common Stock,,S,N
HYMC,Hycroft Mining Holding Corporation - Class A Common Stock,,S,N
HYNE,"Hoyne Bancorp, Inc. - Common Stock",,S,N
HYPD,"Hyperion DeFi, Inc. - Common Stock",,S,N
HYPR,"Hyperfine, Inc.  - Class A Common Stock",,G,D
IA,"Innovative Solutions and Support, Inc. - Common Stock",,Q,N
IACO,Idea Acquisition Corp. - Class A Ordinary Shares,,G,N
IACQ,Irenic Acquisition Corp. - Class A Ordinary Shares,,G,N
IART,Integra LifeSciences Holdings Corporation - Common Stock,,Q,N
IBAC,IB Acquisition Corp. - Common Stock,,S,N
IBCP,Independent Bank Corporation - Common Stock,,Q,N
IBEX,IBEX Limited - Common Share,,G,N
IBG,Innovation Beverage Group Limited - Ordinary Shares,,S,D
IBIO,"iBio, Inc. - Common Stock",,S,N
IBKR,"Interactive Brokers Group, Inc. - Class A Common Stock",,Q,N
IBOC,International Bancshares Corporation - Common Stock,,Q,N
IBRX,"ImmunityBio, Inc. - Common Stock",,Q,N
ICCC,ImmuCell Corporation - Common Stock,,S,N
ICCM,IceCure Medical Ltd. - Ordinary Shares,,S,N
ICFI,"ICF International, Inc. - Common Stock",,Q,N
ICG,Intchains Group Limited - American Depositary Shares,,S,N
ICHR,Ichor Holdings - Ordinary Shares,,Q,N
ICLR,ICON plc - Ordinary Shares,,Q,N
ICMB,"Investcorp Credit Management BDC, Inc. - Common Stock",,Q,D
ICON,Icon Energy Corp. - Common stock,,S,N
ICU,SeaStar Medical Holding Corporation - Common Stock,,S,N
ICUI,"ICU Medical, Inc. - Common Stock",,Q,N
IDAC,Iron Dome Acquisition I Corp. - Class A Ordinary Shares,,G,N
IDAI,T Stamp Inc. - Class A Common Stock,,S,N
IDCC,"InterDigital, Inc. - Common Stock",,Q,N
IDN,"Intellicheck, Inc. - Common Stock",,G,N
IDXX,"IDEXX Laboratories, Inc. - Common Stock",,Q,N
IDYA,"IDEAYA Biosciences, Inc. - Common Stock",,Q,N
IEAG,Infinite Eagle Acquisition Corp. - Class A Ordinary Shares,,G,N
IESC,"IES Holdings, Inc. - Common Stock",,G,N
IFBD,"Infobird Co., Ltd - Ordinary Shares",,S,N
IFRX,InflaRx N.V. - Common Stock,,Q,N
IGAC,Invest Green Acquisition Corporation - Class A Ordinary Shares,,G,N
IGIC,International General Insurance Holdings Ltd. - Ordinary Shares,,S,N
IHRT,"iHeartMedia, Inc. - Class A Common Stock",,Q,N
III,"Information Services Group, Inc. - Common Stock",,G,N
IIIV,"i3 Verticals, Inc. - Common Stock",,Q,N
IKT,"Inhibikase Therapeutics, Inc. - Common Stock",,S,N
ILAG,Intelligent Living Application Group Inc. - Ordinary Shares,,S,N
ILLU,Illumination Acquisition Corp I - Class A Ordinary Shares,,G,N
ILMN,"Illumina, Inc. - Common Stock",,Q,N
ILPT,Industrial Logistics Properties Trust - Common Shares of Beneficial Interest,,Q,N
IMA,"ImageneBio, Inc. - Common Stock",,S,N
IMCC,IM Cannabis Corp. - Common Shares,,S,N
IMCR,Immunocore Holdings plc - American Depositary Shares,,Q,N
IMDX,Insight Molecular Diagnostics Inc. - Common Stock,,S,N
IMKTA,"Ingles Markets, Incorporated - Class A Common Stock",,Q,N
IMMP,Immutep Limited - American Depositary Shares,,G,D
IMMR,Immersion Corporation - Common Stock,,Q,N
IMMX,"Immix Biopharma, Inc. - Common Stock",,S,N
IMNM,"Immunome, Inc. - Common Stock",,S,N
IMNN,"Imunon, Inc. - Common Stock",,S,N
IMOS,ChipMOS TECHNOLOGIES INC. - American Depositary Shares,,Q,N
IMPP,Imperial Petroleum Inc. - Common Shares,,S,N
IMRN,Immuron Limited - American Depositary Shares,,S,N
IMRX,Immuneering Corporation - Class A Common Stock,,G,N
IMSR,Terrestrial Energy Inc. - Common Stock,,Q,N
IMTE,Integrated Media Technology Limited - Ordinary Shares,,S,D
IMTX,Immatics N.V. - Ordinary Shares,,S,N
IMUX,"Immunic, Inc.  - Common Stock",,S,N
IMVT,"Immunovant, Inc.  - Common Stock",,Q,N
IMXI,"International Money Express, Inc. - Common Stock",,S,N
INAB,"IN8bio, Inc. - Common Stock",,S,N
INAC,Indigo Acquisition Corp. - Ordinary Shares,,G,N
INBK,First Internet Bancorp - Common Stock,,Q,N
INBS,Intelligent Bio Solutions Inc.  - Common Stock,,S,N
INBX,"Inhibrx Biosciences, Inc. - Common Stock",,Q,N
INCR,Intercure Ltd. - ordinary shares,,G,N
INCY,Incyte Corporation - Common Stock,,Q,N
INDB,Independent Bank Corp. - Common Stock,,Q,N
INDI,"indie Semiconductor, Inc. - Class A Common Stock",,S,N
INDP,"Indaptus Therapeutics, Inc. - Common Stock",,S,N
INDV,"Indivior Pharmaceuticals, Inc.  - Common Stock",,Q,N
INEO,INNEOVA Holdings Limited - Class A Ordinary Shares,,S,D
INGN,"Inogen, Inc - Common Stock",,Q,N
INHD,Inno Holdings Inc. - Common Stock,,S,N
INIO,INNIO N.V. - Ordinary Shares,,Q,N
INKT,"MiNK Therapeutics, Inc. - Common Stock",,S,N
INLF,INLIF LIMITED - Class A Ordinary shares,,S,N
INM,InMed Pharmaceuticals Inc. - Common Shares,,S,D
INMB,INmune Bio Inc. - Common stock,,S,N
INMD,InMode Ltd.  - Ordinary Shares,,Q,N
INNV,InnovAge Holding Corp. - Common Stock,,Q,N
INO,"Inovio Pharmaceuticals, Inc. - Common Stock",,S,N
INOD,Innodata Inc. - Common Stock,,G,N
INSE,"Inspired Entertainment, Inc. - Common Stock",,S,N
INSG,Inseego Corp. - Common Stock,,Q,N
INSM,Insmed Incorporated - Common Stock,,Q,N
INTA,"Intapp, Inc. - Common Stock",,Q,N
INTC,Intel Corporation - Common Stock,,Q,N
INTG,The Intergroup Corporation - Common Stock,,S,N
INTJ,Intelligent Group Limited - Class A Ordinary Shares,,S,N
INTR,Inter & Co. Inc. - Class A Common Shares,,Q,N
INTS,"Intensity Therapeutics, Inc. - Common Stock",,S,N
INTU,Intuit Inc. - Common Stock,,Q,N
INTZ,Intrusion Inc. - Common Stock,,S,D
INV,"Innventure, Inc. - Common Stock",,G,N
INVA,"Innoviva, Inc. - Common Stock",,Q,N
INVE,"INVE Technologies, Inc. - Common Stock",,S,N
INVZ,Innoviz Technologies Ltd. - Ordinary shares,,S,D
IOND,Ionic Digital Inc. - Class A Common Stock,,Q,N
IONR,ioneer Ltd - American Depositary Shares,,S,N
IONS,"Ionis Pharmaceuticals, Inc. - Common Stock",,Q,N
IOSP,Innospec Inc. - Common Stock,,Q,N
IOTR,iOThree Limited - Ordinary Shares,,S,N
IOVA,"Iovance Biotherapeutics, Inc. - Common Stock",,G,N
IPAR,"Interparfums, Inc. - Common Stock",,Q,N
IPDN,"Professional Diversity Network, Inc. - Common Stock",,S,N
IPFX,Inflection Point Acquisition Corp. VI - Class A Ordinary Shares,,G,N
IPGP,IPG Photonics Corporation - Common Stock,,Q,N
IPHA,Innate Pharma S.A. - American Depositary Shares,,Q,N
IPHX,Inflection Point Acquisition Corp. VIII - Class A Ordinary Shares,,G,N
IPM,Intelligent Protection Management Corp.  - Common Stock,,S,N
IPSC,"Century Therapeutics, Inc. - Common Stock",,S,N
IPST,"IP Strategy Holdings, Inc. - Common Stock",,S,E
IPVV,"InterPrivate Investment Partners V, Inc. - Class A Ordinary Shares",,G,N
IPW,iPower Inc. - Common Stock,,S,N
IPWR,Ideal Power Inc. - Common Stock,,S,N
IPX,IperionX Limited - American Depositary Share,,S,N
IPXG,Inection Point Acquisition Corp. VII  - Class A Ordinary Shares,,G,N
IQ,"iQIYI, Inc. - American Depositary Shares",,Q,N
IQMX,IQM Quantum Computers Oyj - American Depositary Shares,,Q,N
IQST,iQSTEL Inc. - Common Stock,,S,N
IRD,"Opus Genetics, Inc. - Common Stock",,S,N
IRDM,Iridium Communications Inc - Common Stock,,Q,N
IREN,IREN Limited - Ordinary Shares,,Q,N
IRHO,Iron Horse Acquisitions II Corp. - Common Stock,,G,N
IRIX,IRIDEX Corporation - Common Stock,,S,D
IRMD,iRadimed Corporation - Common Stock,,G,N
IRON,"Disc Medicine, Inc. - Common Stock",,G,N
IRTC,"iRhythm Holdings, Inc.  - Common Stock",,Q,N
IRWD,"Ironwood Pharmaceuticals, Inc. - Class A Common Stock",,Q,N
ISBA,Isabella Bank Corporation - Common stock,,S,N
ISNR,Snow Rothschild Acquisition Corp. - Class A Ordinary Shares,,G,N
ISPC,iSpecimen Inc. - Common Stock,,S,D
ISPR,Ispire Technology Inc. - Common Stock,,S,N
ISRG,"Intuitive Surgical, Inc. - Common Stock",,Q,N
ISTR,Investar Holding Corporation - Common Stock,,G,N
ITG,"ITG, Inc. - Class A Common Stock",,Q,N
ITHA,ITHAX Acquisition Corp III - Class A Ordinary Shares,,G,N
ITIC,Investors Title Company - Common Stock,,Q,N
ITOC,iTonic Holdings Ltd - Class A Ordinary Shares,,S,D
ITRI,"Itron, Inc. - Common Stock",,Q,N
ITRN,Ituran Location and Control Ltd. - Ordinary Shares,,Q,N
IVA,Inventiva S.A. - American Depository Shares,,G,N
IVDA,"Iveda Solutions, Inc. - Common Stock",,S,D
IVF,"INVO Fertility, Inc. - Common Stock",,S,N
IVVD,"Invivyd, Inc. - Common Stock",,G,D
IXHL,Incannex Healthcare Inc. - Common Stock,,S,N
IZEA,"IZEA Worldwide, Inc. - Common Stock",,S,N
IZM,ICZOOM Group Inc. - Class A Ordinary Shares,,S,E
JACK,Jack In The Box Inc. - Common Stock,,Q,N
JAGX,"Jaguar Health, Inc. - Common Stock",,S,N
JAKK,"JAKKS Pacific, Inc. - Common Stock",,Q,N
JANX,"Janux Therapeutics, Inc. - Common Stock",,G,N
JATT,JATT II Acquisition Corp - Ordinary Shares,,G,N
JAZZ,Jazz Pharmaceuticals plc - Ordinary Shares,,Q,N
JBDI,JBDI Holdings Limited - Ordinary Shares,,S,N
JBHT,"J.B. Hunt Transport Services, Inc. - Common Stock",,Q,N
JBIO,"Jade Biosciences, Inc. - Common Stock",,S,N
JBLU,JetBlue Airways Corporation - Common Stock,,Q,N
JBSS,"John B. Sanfilippo & Son, Inc. - Common Stock",,Q,N
JCAP,"Jefferson Capital, Inc. - Common Stock",,Q,N
JCSE,JE Cleantech Holdings Limited - Ordinary Shares,,S,N
JCTC,Jewett-Cameron Trading Company - Common Shares,,S,N
JD,"JD.com, Inc. - American Depositary Shares",,Q,N
JDZG,JIADE LIMITED - Class A Ordinary Shares,,S,N
JEM,707 Cayman Holdings Limited - Ordinary Shares,,S,N
JF,J and Friends Holdings Limited - American Depositary Shares,,G,N
JFIN,Jiayin Group Inc. - American Depositary Shares,,G,N
JFU,9F Inc. - American Depositary Shares,,G,N
JG,Aurora Mobile Limited - American Depositary Shares,,S,N
JJSF,J & J Snack Foods Corp. - Common Stock,,Q,N
JKHY,"Jack Henry & Associates, Inc. - Common Stock",,Q,N
JL,J-Long Group Limited - Class A Ordinary Shares,,S,N
JLHL,Julong Holding Limited - Class A Ordinary Shares,,S,N
JMSB,"John Marshall Bancorp, Inc. - Common Stock",,S,N
JONE,Jones Ventures INTL Acquisition1 Corp - Class A Ordinary Shares,,G,N
JOUT,Johnson Outdoors Inc. - Class A Common Stock,,Q,N
JOYY,JOYY Inc. - American Depositary Shares,,Q,N
JRSH,"Jerash Holdings (US), Inc. - Common Stock",,S,N
JRVR,"James River Group Holdings, Inc. - Common Stock",,Q,N
JSPR,"Jasper Therapeutics, Inc. - Class A Common Stock",,S,D
JTAI,Jet.AI Inc. - Common Stock,,S,N
JTTT,JATT III Acquisition Corp - Ordinary Shares,,S,N
JUNS,"Jupiter Neurosciences, Inc. - Common Stock",,S,D
JVA,"Coffee Holding Co., Inc. - Common Stock",,S,N
JWEL,Jowell Global Ltd. - Ordinary Shares,,S,N
JXG,JX Luxventure Group Inc. - Common Stock,,S,N
JYD,Jayud Global Logistics Limited - Class A Ordinary Shares,,S,N
JYNT,The Joint Corp. - Common Stock,,S,N
JZ,Jianzhi Education Technology Group Company Limited - American Depositary Shares,,S,N
JZXN,"Jiuzi Holdings, Inc. - Ordinary Shares",,S,N
KALA,"KALA BIO, Inc. - Common Stock",,S,D
KALU,Kaiser Aluminum Corporation - Common Stock,,Q,N
KARD,"Kardigan, Inc. - Common Stock",,G,N
KARO,Karooooo Ltd. - Ordinary shares,,S,N
KAZR,Skyline Builders Group Holding Limited - Class A Ordinary Shares,,S,N
KBON,Karbon Capital Partners Corp. - Class A Ordinary Shares,,G,N
KBSX,FST Corp. - Ordinary Shares,,G,N
KC,Kingsoft Cloud Holdings Limited - American Depositary Shares,,Q,N
KCHV,Kochav Defense Acquisition Corp. - Class A Ordinary Shares,,G,N
KDK,"Kodiak AI, Inc. - Common Stock",,G,N
KDP,Keurig Dr Pepper Inc. - Common Stock,,Q,N
KE,"Kimball Electronics, Inc. - Common Stock",,Q,N
KEEL,Keel Infrastructure Corp. - Common Stock,,G,N
KELYA,"Kelly Services, Inc. - Class A Common Stock",,Q,N
KELYB,"Kelly Services, Inc. - Class B Common Stock",,Q,N
KEQU,Kewaunee Scientific Corporation - Common Stock,,G,N
KEYY,Keystone Acquisition Corp. - Class A Ordinary Shares,,G,N
KFFB,Kentucky First Federal Bancorp - Common Stock,,G,N
KFII,K&F Growth Acquisition Corp. II - Class A Ordinary shares,,S,N
KG,"Kestrel Group, Ltd. - Common Stock",,S,N
KGEI,Kolibri Global Energy Inc. - Common stock,,S,N
KIDS,OrthoPediatrics Corp. - Common Stock,,G,N
KIDZ,KIDZ AI Inc. - Class B Common Stock,,S,N
KINS,"Kingstone Companies, Inc - Common Stock",,S,N
KITT,"Nauticus Robotics, Inc. - Common stock",,S,D
KLAC,KLA Corporation  - Common Stock,,Q,N
KLIC,"Kulicke and Soffa Industries, Inc. - Common Stock",,Q,N
KLRA,"Kailera Therapeutics, Inc. - Common stock",,Q,N
KLRS,"Kalaris Therapeutics, Inc.  - Common Stock",,G,N
KLTR,"Kaltura, Inc. - Common Stock",,Q,N
KLXE,"KLX Energy Services Holdings, Inc.  - Common Stock",,Q,N
KMB,Kimberly-Clark Corporation - Common Stock,,Q,N
KMDA,Kamada Ltd. - Ordinary Shares,,Q,N
KMRK,K-Tech Solutions Company Limited - Class A Ordinary Shares,,S,N
KMTS,"Kestra Medical Technologies, Ltd. - Common Stock",,Q,N
KNDI,"Kandi Technologies Group, Inc. - Ordinary Shares",,Q,D
KNSA,"Kiniksa Pharmaceuticals International, plc - Class A Ordinary Shares",,Q,N
KOD,Kodiak Sciences Inc - Common Stock,,G,N
KOPN,Kopin Corporation - Common Stock,,S,N
KOSS,Koss Corporation - Common Stock,,S,N
KOYN,CSLM Digital Asset Acquisition Corp III - Class A Ordinary Shares,,G,N
KPLT,"Katapult Holdings, Inc. - Common Stock",,G,N
KPRX,"Kiora Pharmaceuticals, Inc.  - Common Stock",,S,N
KPTI,Karyopharm Therapeutics Inc. - Common Stock,,Q,N
KRAQ,KRAKacquisition Corp - Class A Ordinary Shares,,G,N
KRKR,36Kr Holdings Inc. - American Depositary Shares,,S,N
KRMD,"KORU Medical Systems, Inc. - Common Stock",,S,N
KRNT,Kornit Digital Ltd. - Ordinary Shares,,Q,N
KRNY,Kearny Financial - Common Stock,,Q,N
KROS,"Keros Therapeutics, Inc. - common stock",,G,N
KRRO,"Korro Bio, Inc. - Common Stock",,S,N
KRSA,"Korsana Biosciences, Inc. - Common Stock",,S,N
KRT,Karat Packaging Inc. - Common Stock,,Q,N
KRUS,"Kura Sushi USA, Inc. - Class A Common Stock",,G,N
KRYS,"Krystal Biotech, Inc. - Common Stock",,Q,N
KSCP,"Knightscope, Inc. - Class A Common Stock",,S,N
KSPI,Joint Stock Company Kaspi.kz - American Depository Shares,,Q,N
KTCC,Key Tronic Corporation - Common Stock,,G,N
KTOS,"Kratos Defense & Security Solutions, Inc. - Common Stock",,Q,N
KTTA,Pasithea Therapeutics Corp. - Common Stock,,S,D
KTWO,K2 Capital Acquisition Corporation - Class A Ordinary Share,,G,N
KURA,"Kura Oncology, Inc. - Common Stock",,Q,N
KUST,"Kustom Entertainment, Inc. - Common Stock",,S,N
KVHI,"KVH Industries, Inc. - Common Stock",,Q,N
KXIN,Kaixin Holdings - Ordinary Shares,,S,N
KYIV,Kyivstar Group Ltd. - Common Shares,,Q,N
KYMR,"Kymera Therapeutics, Inc. - Common Stock",,G,N
KYNB,"Kyntra Bio, Inc. - Common Stock",,Q,D
KYTX,"Kyverna Therapeutics, Inc. - Common Stock",,Q,N
KZIA,Kazia Therapeutics Limited - American Depositary Shares,,S,N
LAB,Standard BioTools Inc. - Common Stock,,Q,D
LABT,Lakewood-Amedex Biotherapeutics Inc. - Common Stock,,S,N
LAES,SEALSQ Corp - Ordinary Shares,,Q,N
LAFA,LaFayette Acquisition Corp. - Ordinary Share,,G,N
LAKE,"Lakeland Industries, Inc. - Common Stock",,G,N
LAMR,Lamar Advertising Company - Class A Common Stock,,Q,N
LAND,Gladstone Land Corporation - Common Stock,,G,N
LARK,Landmark Bancorp Inc. - Common Stock,,G,N
LASE,Laser Photonics Corporation - Common Stock,,S,N
LASR,"nLIGHT, Inc. - Common Stock",,Q,N
LATA,Galata Acquisition Corp. II - Class A Ordinary Shares,,G,N
LAUR,"Laureate Education, Inc. - Common Stock",,Q,N
LAWR,"Robot Consulting Co., Ltd. - ADS",,S,N
LBGJ,Li Bang International Corporation Inc. - Class A Ordinary Shares,,S,N
LBRX,LB Pharmaceuticals Inc - Common Stock,,G,N
LBTYA,Liberty Global Ltd. - Class A Common Shares,,Q,N
LBTYB,Liberty Global Ltd. - Class B Common Shares,,Q,N
LBTYK,Liberty Global Ltd. - Class C Common Shares,,Q,N
LCCC,Lakeshore Acquisition III Corp. - Ordinary Shares,,S,N
LCFY,Locafy Limited - Ordinary Share,,S,N
LCID,"Lucid Group, Inc. - Common Stock",,Q,N
LCNB,LCNB Corporation - Common Stock,,S,N
LCUT,"Lifetime Brands, Inc. - Common Stock",,Q,N
LE,"Lands' End, Inc. - Common Stock",,S,N
LECO,"Lincoln Electric Holdings, Inc. - Common Shares",,Q,N
LEDS,SemiLEDS Corporation - Common Stock,,S,N
LEE,"Lee Enterprises, Incorporated - Common Stock",,Q,N
LEGH,Legacy Housing Corporation - Common Stock,,Q,N
LEGN,Legend Biotech Corporation - American Depositary Shares,,Q,N
LENZ,"LENZ Therapeutics, Inc. - Common Stock",,Q,N
LEXX,Lexaria Bioscience Corp. - Common Stock,,S,N
LFAC,Leapfrog Acquisition Corporation - Class A Ordinary Shares,,G,N
LFCR,"Lifecore Biomedical, Inc. - Common Stock",,Q,N
LFMD,"LifeMD, Inc. - Common Stock",,G,N
LFS,"LEIFRAS Co., Ltd. - American Depositary Shares",,S,N
LFST,"LifeStance Health Group, Inc. - Common Stock",,Q,N
LFTO,"Liftoff Mobile, Inc. - Common Stock",,Q,N
LFUS,"Littelfuse, Inc. - Common Stock",,Q,N
LFVN,Lifevantage Corporation - Common Stock,,S,N
LFWD,Lifeward Ltd. - Ordinary Shares,,S,N
LGCL,Lucas GC Limited - Class A Ordinary Shares,,S,N
LGHL,Lion Group Holding Ltd. - American Depositary Share,,S,N
LGIH,"LGI Homes, Inc. - Common Stock",,Q,N
LGN,Legence Corp. - Class A Common stock,,Q,N
LGND,Ligand Pharmaceuticals Incorporated - Common Stock,,G,N
LGO,Largo Inc. - Common Shares,,Q,D
LGVN,Longeveron Inc. - Class A Common stock,,S,N
LHAI,Linkhome Holdings Inc. - Common stock,,S,N
LHSW,Lianhe Sowell International Group Ltd - Class A Ordinary Shares,,S,N
LI,Li Auto Inc. - American Depositary Shares,,Q,N
LICN,Lichen International Limited - Class A Ordinary Shares,,S,N
LIDR,"AEye, Inc. - Class A Common Stock",,S,N
LIEN,"Chicago Atlantic BDC, Inc. - Common Stock",,G,N
LIF,"Life360, Inc. - Common Stock",,Q,N
LIFE,Ethos Technologies Inc. - Class A Common Stock,,Q,N
LILA,Liberty Latin America Ltd. - Class A Common Stock,,Q,N
LILAK,Liberty Latin America Ltd. - Class C Common Stock,,Q,N
LILAP,Liberty Latin America Ltd. - 9.0% Fixed Rate Cumulative Perpetual Redeemable Series A Preference Shares,,Q,N
LIME,"Neutron Holdings, Inc. - Common Stock",,Q,N
LIMN,"Liminatus Pharma, Inc. - Class A Common Stock",,S,N
LIN,Linde plc - Ordinary Shares,,Q,N
LINC,Lincoln Educational Services Corporation - Common Stock,,Q,N
LIND,Lindblad Expeditions Holdings Inc.  - Common Stock,,S,N
LINE,"Lineage, Inc. - Common Stock",,Q,N
LINK,"Interlink Electronics, Inc. - Common Stock",,S,N
LIQT,"LiqTech International, Inc. - Common Stock",,S,D
LITE,Lumentum Holdings Inc. - Common Stock,,Q,N
LITS,"Lite Strategy, Inc. - Common Stock",,S,N
LIVE,Live Ventures Incorporated - Common Stock,,S,N
LIVN,LivaNova PLC - Ordinary Shares,,Q,N
LKFN,Lakeland Financial Corporation - Common Stock,,Q,N
LKFT,Lakefront Biotherapeutics - American Depositary Shares,,Q,N
LKQ,LKQ Corporation - Common Stock,,Q,N
LKSP,Lake Superior Acquisition Corp. - Class A Ordinary Shares,,G,N
LLYVA,"Liberty Live Holdings, Inc. - Series A Liberty Live Group Common Stock",,Q,N
LLYVK,"Liberty Live Holdings, Inc. - Series C Liberty Live Group Common Stock",,Q,N
LMAT,"LeMaitre Vascular, Inc. - Common Stock",,G,N
LMB,"Limbach Holdings, Inc. - Common Stock",,S,N
LMNR,Limoneira Co - Common Stock,,Q,N
LMRI,"Lumexa Imaging Holdings, Inc. - Common Stock",,Q,N
LNAI,Lunai Bioworks Inc. - Common Stock,,S,N
LNKS,Linkers Industries Limited - Class A Ordinary Shares,,S,N
LNSR,"LENSAR, Inc. - Common Stock",,S,N
LNT,Alliant Energy Corporation - Common Stock,,Q,N
LNTH,"Lantheus Holdings, Inc. - Common Stock",,G,N
LNZA,"LanzaTech Global, Inc. - Common Stock",,S,N
LOAN,"Manhattan Bridge Capital, Inc - Common Stock",,S,N
LOBO,LOBO TECHNOLOGIES LTD. - Class A Ordinary Shares,,S,D
LOCO,"El Pollo Loco Holdings, Inc. - Common Stock",,Q,N
LOGI,Logitech International S.A. - Registered Shares,,Q,N
LONA,"LeonaBio, Inc. - Common Stock",,S,N
LOOP,"Loop Industries, Inc. - Common Stock",,G,D
LOPE,"Grand Canyon Education, Inc. - Common Stock",,Q,N
LOT,Lotus Technology Inc. - American Depositary Shares,,Q,N
LOVE,The Lovesac Company - Common Stock,,G,N
LPAA,Launch One Acquisition Corp. - Class A Ordinary Shares,,G,N
LPBB,Launch Two Acquisition Corp. - Class A Ordinary Shares,,G,N
LPCN,Lipocine Inc. - Common Stock,,S,N
LPCV,Launchpad Cadenza Acquisition Corp I - Class A Ordinary Share,,G,N
LPLA,LPL Financial Holdings Inc. - Common Stock,,Q,N
LPTH,"LightPath Technologies, Inc. - Class A Common Stock",,S,N
LQDA,Liquidia Corporation - Common Stock,,S,N
LQDT,"Liquidity Services, Inc. - Common Stock",,Q,N
LRCX,Lam Research Corporation - Common Stock,,Q,N
LRE,"Lead Real Estate Co., Ltd - American Depositary Shares",,S,N
LRHC,La Rosa Holdings Corp. - Common Stock,,S,D
LRMR,"Larimar Therapeutics, Inc. - Common Stock",,G,N
LSAK,"Lesaka Technologies, Inc. - Common Stock",,Q,N
LSBK,"Lake Shore Bancorp, Inc. - Common Stock",,G,N
LSCC,Lattice Semiconductor Corporation - Common Stock,,Q,N
LSE,"Leishen Energy Holding Co., Ltd. - Class A Ordinary Shares",,S,N
LSTA,"Lisata Therapeutics, Inc. - Common Stock",,S,N
LSTR,"Landstar System, Inc. - Common Stock",,Q,N
LTBR,Lightbridge Corporation - Common Stock,,S,N
LTGO,"Latigo Biotherapeutics, Inc. - Common Stock",,Q,N
LTGR,Long Table Growth Corp. - Class A Ordinary Shares,,G,N
LTRN,Lantern Pharma Inc. - Common Stock,,S,D
LTRX,"Lantronix, Inc. - Common Stock",,S,N
LUCD,Lucid Diagnostics Inc. - Common Stock,,S,N
LUCY,"Innovative Eyewear, Inc. - Common Stock",,S,N
LULU,lululemon athletica inc. - Common Stock,,Q,N
LUMN,"Lumen Technologies, Inc.  - Common Stock",,Q,N
LUNG,Pulmonx Corporation - Common Stock,,Q,N
LUNR,"Intuitive Machines, Inc. - Class A Common Stock",,G,N
LVLU,"Lulu's Fashion Lounge Holdings, Inc. - Common Stock",,S,N
LVO,"LiveOne, Inc. - Common Stock",,S,N
LWAC,LightWave Acquisition Corp. - Class A Ordinary Shares,,G,N
LWAY,"Lifeway Foods, Inc. - Common Stock",,G,N
LWLG,"Lightwave Logic, Inc. - Common Stock",,S,N
LX,LexinFintech Holdings Ltd. - American Depositary Shares,,Q,N
LXEH,"Lixiang Education Holding Co., Ltd. - American Depositary Shares",,G,N
LXEO,"Lexeo Therapeutics, Inc. - Common Stock",,G,N
LXRX,"Lexicon Pharmaceuticals, Inc. - Common Stock",,S,N
LYEL,"Lyell Immunopharma, Inc. - Common Stock",,Q,N
LYFT,"Lyft, Inc. - Class A Common Stock",,Q,N
LYTS,LSI Industries Inc. - Common Stock,,Q,N
LZ,"LegalZoom.com, Inc. - Common Stock",,Q,N
LZMH,LZ Technology Holdings Limited - Class B Ordinary Shares,,S,N
MAAS,Maase Inc. - Class A Ordinary Shares,,G,N
MACI,Melar Acquisition Corp. I - Class A Ordinary Shares,,G,N
MAGH,Magnitude International Ltd - Ordinary Shares,,S,D
MAKO,Mako Mining Corp - Common Stock,,S,N
MAMA,"Mama's Creations, Inc. - Common Stock",,S,N
MAMO,Massimo Group - Common Stock,,S,N
MANH,"Manhattan Associates, Inc. - Common Stock",,Q,N
MAR,Marriott International - Class A Common Stock,,Q,N
MARA,"MARA Holdings, Inc. - Common Stock",,S,N
MASK,3 E Network Technology Group Ltd - Class A Ordinary Shares,,S,N
MASS,908 Devices Inc. - Common Stock,,G,N
MAT,"Mattel, Inc. - Common Stock",,Q,N
MATH,Metalpha Technology Holding Limited - Ordinary Shares,,S,N
MATW,Matthews International Corporation - Class A Common Stock,,Q,N
MAYS,"J. W. Mays, Inc. - Common Stock",,S,N
MAZE,"Maze Therapeutics, Inc. - Common Stock",,G,N
MB,MasterBeef Group - Ordinary Shares,,S,N
MBAI,MBody AI Ltd. - Ordinary Share,,S,N
MBBC,"Marathon Bancorp, Inc. - Common Stock",,S,N
MBIN,Merchants Bancorp - Common Stock,,S,N
MBIO,"Mustang Bio, Inc. - Common Stock",,S,D
MBLY,Mobileye Global Inc. - Class A Common Stock,,Q,N
MBOT,Microbot Medical Inc.  - Common Stock,,S,N
MBRX,"Moleculin Biotech, Inc. - Common Stock",,S,D
MBUU,"Malibu Boats, Inc. - Common Stock",,G,N
MBVI,M3-Brigade Acquisition VI Corp. - Class A Ordinary Shares,,G,N
MBWM,Mercantile Bank Corporation - Common Stock,,Q,N
MBX,"MBX Biosciences, Inc. - Common Stock",,Q,N
MCAH,Mountain Crest Acquisition 6 Corp. - Ordinary Shares,,G,N
MCBS,"MetroCity Bankshares, Inc. - Common Stock",,Q,N
MCFT,"MasterCraft Boat Holdings, Inc. - Common Stock",,G,N
MCGA,Yorkville Acquisition Corp. - Class A Ordinary Share,,G,N
MCHB,Mechanics Bancorp - Class A Common Stock,,Q,N
MCHP,Microchip Technology Incorporated - Common Stock,,Q,N
MCHX,"Marchex, Inc. - Class B Common Stock",,Q,N
MCRB,"Seres Therapeutics, Inc. - Common Stock",,Q,N
MCRI,"Monarch Casino & Resort, Inc. - Common Stock",,Q,N
MCTA,Charming Medical Limited - Class A Ordinary Shares,,S,N
MDAI,"Spectral AI, Inc. - Class A Common Stock",,S,N
MDB,"MongoDB, Inc. - Class A Common Stock",,G,N
MDBH,"MDB Capital Holdings, LLC - Class A common ",,S,N
MDCX,Medicus Pharma Ltd. - Common Stock,,S,D
MDGL,"Madrigal Pharmaceuticals, Inc. - Common Stock",,Q,N
MDIA,Mediaco Holding Inc. - Class A Common Stock,,S,N
MDLN,Medline Inc. - Class A common stock,,Q,N
MDLZ,"Mondelez International, Inc. - Class A Common Stock",,Q,N
MDRR,"Medalist Diversified, Inc. - Common Stock",,S,N
MDWD,MediWound Ltd. - Ordinary Shares,,G,N
MDXG,"MiMedx Group, Inc - Common Stock",,S,N
MDXH,MDxHealth SA - Ordinary Shares,,S,D
MEDP,"Medpace Holdings, Inc. - Common Stock",,Q,N
MEDS,"DataMeds AI, Inc. - Common Stock",,S,D
MEGL,Magic Empire Global Limited - Class A Ordinary Shares,,S,N
MELI,"MercadoLibre, Inc. - Common Stock",,Q,N
MENS,Jyong Biotech Ltd. - Ordinary shares,,G,N
MEOH,Methanex Corporation - Common Stock,,Q,N
MERC,Mercer International Inc. - Common Stock,,Q,D
MESH,Meshflow Acquisition Corp. - Class A Ordinary Shares,,G,N
MESO,Mesoblast Limited - American Depositary Shares,,Q,N
META,"Meta Platforms, Inc. - Class A Common Stock",,Q,N
METC,"Ramaco Resources, Inc. - Class A Common Stock",,Q,N
METCB,"Ramaco Resources, Inc. - Class B Common Stock",,Q,N
MEVO,M Evo Global Acquisition Corp II - Class A Ordinary Shares,,G,N
MF,MindForge Inc. - Class A Ordinary Shares,,S,N
MFI,mF International Limited - Class A Ordinary Shares,,S,N
MFIC,MidCap Financial Investment Corporation - Closed End Fund,,Q,N
MFIN,Medallion Financial Corp. - Common Stock,,Q,N
MFP,"Midera Food Processing, Inc. - Common Stock",,Q,N
MGEE,MGE Energy Inc. - Common Stock,,Q,N
MGIH,Millennium Group International Holdings Limited - Ordinary Shares,,S,N
MGN,Megan Holdings Limited - Class A Ordinary Shares,,S,N
MGNI,"Magnite, Inc. - Common Stock",,Q,N
MGNX,"MacroGenics, Inc. - Common Stock",,Q,N
MGPI,"MGP Ingredients, Inc. - Common Stock",,Q,N
MGRC,McGrath RentCorp - Common Stock,,Q,N
MGRT,Mega Fortune Company Limited - Ordinary Shares,,S,N
MGRX,"Mangoceuticals, Inc. - Common Stock",,S,D
MGTX,MeiraGTx Holdings plc - Ordinary Shares,,Q,N
MGX,"Metagenomi Therapeutics, Inc. - Common Stock",,Q,N
MGYR,"Magyar Bancorp, Inc. - Common Stock",,G,N
MIAC,Meridian3 Industrials Acquisition Corp - Class A Ordinary Shares,,G,N
MIDD,The Middleby Corporation - Common Stock,,Q,N
MIMI,Mint Incorporation Limited - Class A Ordinary Shares,,S,N
MIND,"MIND Technology, Inc. - Common Stock",,S,N
MIRA,"MIRA Pharmaceuticals, Inc. - Common Stock",,S,D
MIRM,"Mirum Pharmaceuticals, Inc. - common stock",,G,N
MIST,Milestone Pharmaceuticals Inc. - Common Shares,,Q,N
MITK,"Mitek Systems, Inc. - Common Stock",,S,N
MKDW,MKDWELL Tech Inc. - Ordinary Shares,,S,N
MKLY,McKinley Acquisition Corporation - Class A Ordinary Shares,,G,N
MKSI,MKS Inc. - Common Stock,,Q,N
MKTW,"MarketWise, Inc. - Class A Common Stock",,G,N
MKTX,"MarketAxess Holdings, Inc. - Common Stock",,Q,N
MKZR,"MacKenzie Realty Capital, Inc. - Common Stock",,S,N
MLAA,Mountain Lake Acquisition Corp. II - Class A Ordinary Shares,,G,N
MLAB,"Mesa Laboratories, Inc. - Common Stock",,Q,N
MLCI,Mount Logan Capital Inc. - Common Stock,,G,N
MLCO,Melco Resorts & Entertainment Limited - American Depositary Shares ,,Q,N
MLEC,Moolec Science SA - Ordinary Shares,,S,N
MLGO,"MicroAlgo, Inc. - Ordinary Shares",,S,N
MLKN,"MillerKnoll, Inc. - Common Stock",,Q,N
MLTX,MoonLake Immunotherapeutics - Class A Ordinary Shares,,S,N
MLYS,"Mineralys Therapeutics, Inc. - Common Stock",,Q,N
MMED,"MiniMed Group, Inc. - Common Stock",,Q,N
MMEDV,"MiniMed Group, Inc. - Common Stock When Issued",,Q,N
MMSI,"Merit Medical Systems, Inc. - Common Stock",,Q,N
MMTX,Miluna Acquisition Corp - Class A Ordinary Shares,,G,N
MMYT,MakeMyTrip Limited - Ordinary Shares,,Q,N
MNDO,MIND C.T.I. Ltd. - Ordinary Shares,,G,D
MNDR,Mobile-health Network Solutions - Class A Ordinary Shares,,S,N
MNDY,monday.com Ltd. - Ordinary Shares,,Q,N
MNKD,MannKind Corporation - Common Stock,,G,N
MNOV,"MediciNova, Inc. - Common Stock",,G,N
MNPR,Monopar Therapeutics Inc. - Common Stock,,S,N
MNRO,"Monro, Inc.  - Common Stock",,Q,N
MNSB,"MainStreet Bancshares, Inc. - Common Stock",,S,N
MNSBP,"MainStreet Bancshares, Inc. - Depositary Shares",,S,N
MNST,Monster Beverage Corporation - Common Stock,,Q,N
MNTK,"Montauk Renewables, Inc. - Common Stock",,S,N
MNTS,Momentus Inc. - Class A Common Stock,,S,N
MNY,MoneyHero Limited - Class A Ordinary Shares,,G,D
MOB,Mobilicom Limited - Ordinary Shares,,S,N
MOBI,"Mobia Medical, Inc. - Common Stock",,Q,N
MOBX,"Mobix Labs, Inc. - Class A Common Stock",,S,N
MODD,"Modular Medical, Inc. - common stock",,S,N
MOLN,Molecular Partners AG - American Depositary Shares,,Q,N
MOMO,Hello Group Inc.  - American Depositary Shares,,Q,N
MORN,"Morningstar, Inc. - Common Stock",,Q,N
MOVE,"Corvex, Inc. - Common Stock",,S,N
MPAA,"Motorcar Parts of America, Inc. - Common Stock",,Q,N
MPB,Mid Penn Bancorp - Common Stock,,G,N
MPLT,"MapLight Therapeutics, Inc. - Common Stock",,Q,N
MPWR,"Monolithic Power Systems, Inc. - Common Stock",,Q,N
MQ,"Marqeta, Inc. - Class A Common Stock",,Q,N
MRAM,"Everspin Technologies, Inc. - Common Stock",,G,N
MRBK,Meridian Corporation - Common Stock,,Q,N
MRCO,Mercator Acquisition Corp. - Class A Ordinary Shares,,G,N
MRCY,Mercury Systems Inc - Common Stock,,Q,N
MRDN,Meridian Holdings Inc. - Common Stock,,S,N
MREO,Mereo BioPharma Group plc - American Depositary Shares,,S,D
MRKR,"Marker Therapeutics, Inc. - Common Stock",,S,N
MRLN,"Merlin, Inc. - Common Stock",,G,N
MRM,MEDIROM Healthcare Technologies Inc. - American Depositary Share,,S,E
MRNA,"Moderna, Inc. - Common Stock",,Q,N
MRNO,Murano Global Investments PLC - Ordinary Shares,,S,D
MRTN,"Marten Transport, Ltd. - Common Stock",,Q,N
MRVI,"Maravai LifeSciences Holdings, Inc. - Class A common stock",,Q,N
MRVL,"Marvell Technology, Inc. - Common Stock",,Q,N
MRX,Marex Group Limited - Ordinary Shares,,Q,N
MSAI,"MultiSensor AI Holdings, Inc. - Common Stock",,S,N
MSBI,"Midland States Bancorp, Inc. - Common Stock",,Q,N
MSEX,Middlesex Water Company - Common Stock,,Q,N
MSFT,Microsoft Corporation - Common Stock,,Q,N
MSGM,Motorsport Games Inc. - Class A Common Stock,,S,N
MSGY,Masonglory Limited - Class A Ordinary Shares,,S,N
MSLE,Satellos Bioscience Inc. - Common Stock,,G,N
MSS,Maison Solutions Inc. - Class A Common Stock,,S,E
MSTR,Strategy Inc - Class A Common Stock,,Q,N
MTAK,Market Technology Acquisition Corp - Class A Ordinary Shares,,G,N
MTC,"MMTec, Inc. - Common Shares",,S,N
MTCH,"Match Group, Inc. - Common Stock",,Q,N
MTEK,Maris-Tech Ltd. - ordinary shares,,S,N
MTEN,Mingteng International Corporation Inc. - Class A Ordinary Shares,,S,N
MTEX,"Mannatech, Incorporated - Common Stock",,S,D
MTLS,Materialise NV - American Depositary Shares,,Q,N
MTRX,Matrix Service Company - Common Stock,,Q,N
MTSI,"MACOM Technology Solutions Holdings, Inc. - Common Stock",,Q,N
MTVA,MetaVia Inc.  - Common Stock,,S,N
MU,"Micron Technology, Inc. - Common Stock",,Q,N
MUZE,Muzero Acquisition Corp - Class A Ordinary Shares,,G,N
MVBF,MVB Financial Corp. - Common Stock,,S,N
MVIS,"MicroVision, Inc. - Common Stock",,S,N
MVST,"Microvast Holdings, Inc. - Common Stock",,S,D
MWC,"Micware Co., Ltd. - American Depositary Shares",,G,N
MWH,"SOLV Energy, Inc. - Class A common stock",,Q,N
MWYN,"Marwynn Holdings, Inc. - Common stock",,S,N
MXCT,"MaxCyte, Inc. - Common Stock",,Q,N
MXL,"MaxLinear, Inc - Common Stock",,Q,N
MYFW,"First Western Financial, Inc. - Common Stock",,Q,N
MYGN,"Myriad Genetics, Inc. - Common Stock",,Q,N
MYPS,"PLAYSTUDIOS, Inc.  - Class A Common Stock",,S,D
MYRG,"MYR Group, Inc. - Common Stock",,Q,N
MYSE,"Myseum.AI, Inc. - Common Stock",,S,N
MYSZ,"My Size, Inc. - Common Stock",,S,D
MYX,Maywood Acquisition Corp. 2 - Class A Ordinary Share,,G,N
MZTI,The Marzetti Company - Common Stock,,Q,N
NA,Nano Labs Ltd - Class A Ordinary Shares,,G,N
NAAS,NaaS Technology Inc. - American Depositary Shares,,S,N
NAGE,"Niagen Bioscience, Inc. - Common Stock",,S,N
NAII,"Natural Alternatives International, Inc. - Common Stock",,G,N
NAKA,Nakamoto Inc. - Common Stock,,G,N
NAMI,Jinxin Technology Holding Company - American Depositary Shares,,S,N
NAMM,Namib Minerals - Ordinary Shares,,G,N
NAMS,NewAmsterdam Pharma Company N.V. - Ordinary Shares,,G,N
NATH,"Nathan's Famous, Inc. - Common Stock",,Q,N
NATR,"Nature's Sunshine Products, Inc. - Common Stock",,S,N
NAUT,"Nautilus Biotechnology, Inc. - Common Stock",,S,N
NAVI,Navient Corporation - Common Stock,,Q,N
NAVN,"Navan, Inc. - Class A Common Stock",,Q,N
NB,NioCorp Developments Ltd. - Common Stock,,G,N
NBBK,"NB Bancorp, Inc. - Common Stock",,S,N
NBIS,Nebius Group N.V. - Class A Ordinary Shares,,Q,N
NBIX,"Neurocrine Biosciences, Inc. - Common Stock",,Q,N
NBN,Northeast Bank - Common Stock,,G,N
NBP,NovaBridge Biosciences - American Depositary Shares,,G,N
NBRG,Newbridge Acquisition Limited - Class A Ordinary Share,,S,N
NBTB,NBT Bancorp Inc. - Common Stock,,Q,N
NBTX,Nanobiotix S.A. - ADSs,,Q,N
NCEL,NewcelX Ltd. - Ordinary Shares,,S,N
NCEW,New Century Logistics (BVI) Limited - Ordinary Shares,,S,N
NCI,Neo-Concept International Group Holdings Limited - Class A Ordinary Shares,,S,N
NCMI,"National CineMedia, Inc. - Common Stock",,Q,N
NCNA,NuCana plc - American Depositary Shares,,S,N
NCNO,"nCino, Inc. - Common Stock",,Q,N
NCO,Southern Cross Acquisition I Corp. - Ordinary Shares,,G,N
NCPL,Netcapital Inc. - Common Stock,,S,E
NCRA,"Nocera, Inc. - common stock",,S,N
NCT,Intercont (Cayman) Limited - Class A Ordinary shares,,S,N
NCTY,The9 Limited - American Depository Shares,,S,N
NDAQ,"Nasdaq, Inc. - Common Stock",,Q,N
NDLS,Noodles & Company - Class A Common Stock,,Q,N
NDRA,ENDRA Life Sciences Inc. - Common Stock,,S,N
NDSN,Nordson Corporation - Common Stock,,Q,N
NECB,"NorthEast Community Bancorp, Inc. - Common Stock",,S,N
NEGG,"Newegg Commerce, Inc. - Common Shares",,S,N
NEO,"NeoGenomics, Inc. - Common Stock",,S,N
NEOG,Neogen Corporation - Common Stock,,Q,N
NEON,Neonode Inc. - Common Stock,,S,D
NEOV,NeoVolta Inc. - Common Stock,,S,N
NEPH,"Nephros, Inc. - Common Stock",,S,N
NERV,"Minerva Neurosciences, Inc - Common Stock",,S,N
NESR,National Energy Services Reunited Corp - Ordinary Shares,,S,N
NEUP,Neuphoria Therapeutics Inc. - Common Stock,,G,N
NEWT,"NewtekOne, Inc. - Common Stock",,G,N
NEXM,NexMetals Mining Corp. - Common Stock,,S,N
NEXN,Nexxen International Ltd. - Ordinary Shares,,G,N
NEXR,Nexera Technologies Ltd - Ordinary Shares,,S,N
NEXT,NextDecade Corporation - Common Stock,,S,N
NFE,New Fortress Energy Inc. - Class A Common Stock,,Q,N
NFLX,"Netflix, Inc. - Common Stock",,Q,N
NGEN,NervGen Pharma Corp. - Common stock,,S,N
NGNE,Neurogene Inc. - Common Stock,,G,N
NHIV,NewHold Investment Corp IV - Class A Ordinary Shares,,G,N
NHP,"National Healthcare Properties, Inc. - Class A Common Stock",,G,N
NHTC,Natural Health Trends Corp. - Common Stock,,S,N
NICE,NICE Ltd - American Depositary Shares each representing one Ordinary Share,,Q,N
NICM,Nicola Mining Inc. - American Depositary Shares,,S,N
NIKI,"Niki BioSolutions, Inc. - Common Stock",,S,N
NIPG,NIP Group Inc. - American Depositary Shares,,G,N
NIU,Niu Technologies - American Depositary Shares,,G,N
NIVF,NewGenIvf Group Limited - Class A Ordinary Shares,,S,N
NIXX,"Nixxy, Inc. - Common Stock",,S,D
NKLR,Terra Innovatum Global N.V. - Ordinary shares,,G,N
NKSH,"National Bankshares, Inc. - Common Stock",,S,N
NKTR,Nektar Therapeutics - Common Stock,,S,N
NKTX,"Nkarta, Inc. - Common Stock",,Q,N
NMAD,"Nomad Power Solutions, Inc. - Common Stock",,S,N
NMFC,New Mountain Finance Corporation - Common Stock,,Q,N
NMIH,NMI Holdings Inc - Common Stock,,G,N
NMP,NMP Acquisition Corp. - Class A Ordinary Shares,,G,N
NMRA,"Neumora Therapeutics, Inc. - Common Stock",,Q,N
NMRK,"Newmark Group, Inc. - Class A Common Stock",,Q,N
NMTC,NeuroOne Medical Technologies Corporation - Common Stock,,S,N
NN,NextNav Inc. - Common stock,,S,N
NNBR,"NN, Inc. - Common Stock",,Q,N
NNDM,Nano Dimension Ltd. - American Depositary Shares,,S,N
NNE,Nano Nuclear Energy Inc. - common stock,,S,N
NNNN,Anbio Biotechnology - Class A Ordinary Shares,,G,N
NNOX,NANO-X IMAGING LTD - Ordinary Shares,,G,D
NODK,"NI Holdings, Inc. - Common Stock",,S,N
NOEM,CO2 Energy Transition Corp. - Common Stock,,S,N
NOMA,NOMADAR Corp. - Class A Common Stock,,S,N
NOVT,Novanta Inc. - Common Shares,,Q,N
NPAC,New Providence Acquisition Corp. III - Ordinary Shares,,G,N
NPCE,"Neuropace, Inc. - Common Stock",,G,N
NPT,Texxon Holding Limited - Ordinary shares,,S,N
NRC,NRC Health - Common Stock,,Q,N
NRDS,"NerdWallet, Inc. - Class A Common Stock",,G,N
NRIM,Northrim BanCorp Inc - Common Stock,,Q,N
NRIX,"Nurix Therapeutics, Inc. - Common stock",,G,N
NRSN,NeuroSense Therapeutics Ltd. - Ordinary Shares,,S,D
NRXP,"NRX Pharmaceuticals, Inc. - Common Stock",,S,N
NSAI,NorthStrive Acquisition Corp I. - Class A Ordinary Shares,,S,N
NSIT,"Insight Enterprises, Inc. - Common Stock",,Q,N
NSLR,Neostellar Capital Corp. - Closed End Fund,,Q,N
NSPR,InspireMD Inc. - Common Stock,,S,D
NSSC,"NAPCO Security Technologies, Inc. - Common Stock",,Q,N
NSYS,Nortech Systems Incorporated - Common Stock,,S,N
NTAP,"NetApp, Inc. - Common Stock",,Q,N
NTCL,NETCLASS TECHNOLOGY INC - Class A Ordinary Shares,,S,N
NTCT,"NetScout Systems, Inc. - Common Stock",,Q,N
NTES,"NetEase, Inc. - American Depositary Shares, each representing 5 ordinary shares",,Q,N
NTGR,"NETGEAR, Inc. - Common Stock",,Q,N
NTHI,"NeOnc Technologies Holdings, Inc. - Common Stock",,G,N
NTIC,Northern Technologies International Corporation - Common Stock,,G,N
NTLA,"Intellia Therapeutics, Inc. - Common Stock",,G,N
NTNX,"Nutanix, Inc. - Class A Common Stock",,Q,N
NTRA,"Natera, Inc. - Common Stock",,Q,N
NTRB,Nutriband Inc. - Common Stock,,S,N
NTRP,"NextTrip, Inc. - Common Stock",,S,N
NTRS,Northern Trust Corporation - Common Stock,,Q,N
NTSK,"Netskope, Inc. - Class A Common Stock",,Q,N
NTWK,NETSOL Technologies Inc. - Common Stock,,S,N
NTWO,Newbury Street II Acquisition Corp - Class A Ordinary Shares,,G,N
NUAI,"New Era Energy & Digital, Inc. - Common Stock",,G,N
NUCL,Eagle Nuclear Energy Corp. - Common stock,,S,N
NUR,Nuran Wireless Inc. - Common Shares,,S,N
NUTX,Nutex Health Inc. - Common Stock,,S,N
NUWE,"Nuwellis, Inc. - Common Stock",,S,N
NVAX,"Novavax, Inc. - Common Stock",,Q,N
NVCR,NovoCure Limited - Ordinary Shares,,Q,N
NVCT,"Nuvectis Pharma, Inc. - Common Stock",,S,N
NVDA,NVIDIA Corporation - Common Stock,,Q,N
NVEC,NVE Corporation - Common Stock,,S,N
NVMI,Nova Ltd. - Ordinary Shares,,Q,N
NVNO,enVVeno Medical Corporation - Common Stock,,S,N
NVTS,Navitas Semiconductor Corporation - Common Stock,,G,N
NVX,NOVONIX Limited - American Depository Shares,,G,N
NWBI,"Northwest Bancshares, Inc. - Common Stock",,Q,N
NWCL,newcleo plc - Ordinary Shares,,Q,N
NWE,"NorthWestern Energy Group, Inc.  - Common Stock",,Q,N
NWFL,Norwood Financial Corp. - Common Stock,,G,N
NWGL,CL Workshop Group Limited - American Depositary Shares,,S,N
NWL,Newell Brands Inc. - Common Stock,,Q,N
NWPX,"NWPX Infrastructure, Inc. - Common Stock",,Q,N
NWS,News Corporation - Class B Common Stock,,Q,N
NWSA,News Corporation - Class A Common Stock,,Q,N
NWTG,"Newton Golf Company, Inc. - Common Stock",,S,D
NXAT,Nexus Advanced Technologies Inc. - Ordinary Shares,,S,N
NXGL,"NexGel, Inc - Common Stock",,S,D
NXH,"Neighborhood Intelligence, Inc.  - Common Stock",,Q,N
NXL,"Nexalin Technology, Inc. - Common Stock",,S,D
NXPI,NXP Semiconductors N.V. - Common Stock,,Q,N
NXPL,NextPlat Corp - Common Stock,,S,N
NXST,"Nexstar Media Group, Inc. - Common Stock",,Q,N
NXT,Nextpower Inc. - Common Stock,,Q,N
NXTC,"NextCure, Inc. - Common Stock",,Q,N
NXTS,Nexentis Technologies Inc. - Common Stock,,S,D
NXTT,Next Technology Holding Inc. - Ordinary Shares,,S,N
NXXT,"NextNRG, Inc. - Common Stock",,S,D
NYAX,Nayax Ltd. - Ordinary Shares,,Q,N
NYXH,Nyxoah SA - Ordinary Shares,,G,N
OABI,"OmniAb, Inc. - Common Stock",,G,N
OACC,Oaktree Acquisition Corp. III Life Sciences - Class A Ordinary Share,,G,N
OBA,Oxley Bridge Acquisition Limited - Class A Ordinary Shares,,G,N
OBAI,"Our Bond, Inc. - Common Stock",,G,D
OBIO,"Orchestra BioMed Holdings, Inc. - Ordinary Shares",,G,N
OBT,"Orange County Bancorp, Inc. - Common Stock",,S,N
OBX,"Obsidian Therapeutics, Inc. - Common Stock",,S,N
OCC,Optical Cable Corporation - Common Stock,,G,N
OCCI,"OFS Credit Company, Inc. - Closed End Fund",,S,N
OCFC,OceanFirst Financial Corp. - Common Stock,,Q,N
OCG,Oriental Culture Holding LTD - Ordinary Shares,,S,N
OCGN,"Ocugen, Inc. - Common Stock",,S,N
OCLT,OceanLight Acquisition Corporation - Ordinary Shares,,G,N
OCS,Oculis Holding AG - Ordinary shares,,G,N
OCSL,Oaktree Specialty Lending Corporation - Closed End Fund,,Q,N
OCTV,Octave Intelligence plc - Class B Ordinary Shares,,Q,N
OCUL,"Ocular Therapeutix, Inc. - Common Stock",,G,N
ODD,ODDITY Tech Ltd. - Class A Ordinary Shares,,G,N
ODFL,"Old Dominion Freight Line, Inc. - Common Stock",,Q,N
ODTX,"Odyssey Therapeutics, Inc. - Common Stock",,S,N
ODYS,Odysight.ai Inc. - Common Stock,,S,N
OESX,"Orion Energy Systems, Inc. - Common Stock",,S,N
OFAL,OFA Group - Class A Ordinary Shares,,S,D
OFIX,Orthofix Medical Inc.  - Common Stock,,Q,N
OFLX,"Omega Flex, Inc. - Common Stock",,G,N
OFS,OFS Capital Corporation - Closed End Fund,,Q,N
OGI,Organigram Global Inc. - Common Shares,,Q,N
OHAC,Oceanhawk Acquisition Corp. - Class A Ordinary Shares,,S,N
OIG,Orion180 Insurance Group Inc. - Class A Common Stock,,Q,N
OIM,OneIM Acquisition Corp. - Class A Ordinary Shares,,G,N
OIO,OIO Group - Ordinary Shares,,S,N
OKTA,"Okta, Inc. - Class A Common Stock",,Q,N
OKUR,"OnKure Therapeutics, Inc. - Class A Common Stock",,G,N
OKYO,OKYO Pharma Limited - Ordinary Shares,,S,N
OLB,"The OLB Group, Inc. - Common Stock",,S,D
OLED,Universal Display Corporation - Common Stock,,Q,N
OLLI,"Ollie's Bargain Outlet Holdings, Inc. - Common Stock",,G,N
OLMA,"Olema Pharmaceuticals, Inc. - Common Stock",,Q,N
OLOX,Olenox Industries Inc. - Common Stock,,S,N
OM,"Outset Medical, Inc. - Common Stock",,Q,N
OMAB,Grupo Aeroportuario del Centro Norte S.A.B. de C.V. - American Depositary Shares each representing 8 Series B shares,,Q,N
OMCL,"Omnicell, Inc. - Common Stock",,Q,N
OMDA,"Omada Health, Inc. - Common Stock",,Q,N
OMER,Omeros Corporation - Common Stock,,G,N
OMEX,"Odyssey Marine Exploration, Inc. - Common Stock",,S,D
OMH,Ohmyhome Limited - Class A Ordinary Shares,,S,N
OMSE,OMS Energy Technologies Inc. - Ordinary Shares,,S,N
ON,ON Semiconductor Corporation - Common Stock,,Q,N
ONB,Old National Bancorp - Common Stock,,Q,N
ONC,BeOne Medicines Ltd. - American Depositary Shares,,Q,N
ONCH,1RT Acquisition Corp. - Class A Ordinary Share,,G,N
ONCO,"Onconetix, Inc.  - Common Stock",,S,N
ONCY,Oncolytics Biotech Inc. - Common Stock,,S,D
ONDS,Ondas Inc - Common Stock,,S,N
ONEG,OneConstruction Group Limited - Ordinary Shares,,S,N
ONEN,ONE Nuclear Energy Inc. - Common Stock,,G,N
ONEW,OneWater Marine Inc. - Class A Common Stock,,G,N
ONFO,Onfolio Holdings Inc. - Common Stock,,S,D
ONMD,OneMedNet Corp - Class A Common Stock,,S,D
OPAD,Offerpad Solutions Inc.  - Class A Common Stock,,S,N
OPAL,OPAL Fuels Inc. - Class A Common Stock,,S,N
OPBK,OP Bancorp - Common Stock,,G,N
OPCH,"Option Care Health, Inc. - Common Stock",,Q,N
OPEN,Opendoor Technologies Inc  - Common Stock,,Q,N
OPI,Office Properties Income Trust - Common shares of beneficial interest,,S,N
OPK,"Opko Health, Inc. - Common Stock",,Q,N
OPNW,"OpenWorld, Inc. - Common Stock",,S,N
OPRA,Opera Limited - American Depositary Shares,,Q,N
OPRT,Oportun Financial Corporation - common stock,,Q,N
OPRX,OptimizeRx Corporation - Common Stock,,S,N
OPTH,Optimi Health Corp. - Common Shares,,S,N
OPTX,"Syntec Optics Holdings, Inc. - Class A Common Stock",,S,N
OPXS,"Optex Systems Holdings, Inc. - Common Stock",,S,N
ORBS,Eightco Holdings Inc. - Common Stock,,S,N
ORGO,Organogenesis Holdings Inc.  - Class A ,,S,N
ORIC,"Oric Pharmaceuticals, Inc. - Common Stock",,Q,N
ORIO,Orion Digital Corp. - Common Shares,,S,N
ORIQ,Origin Investment Corp I - Ordinary Shares,,G,N
ORKA,"Oruka Therapeutics, Inc. - Common Stock",,G,N
ORKT,Orangekloud Technology Inc. - Class A Ordinary Shares,,S,N
ORLY,"O'Reilly Automotive, Inc. - Common Stock",,Q,N
ORMP,Oramed Pharmaceuticals Inc. - Common Stock,,S,N
ORRF,"Orrstown Financial Services, Inc. - Common Stock",,S,N
OSBC,"Old Second Bancorp, Inc. - Common Stock",,Q,N
OSIS,"OSI Systems, Inc. - Common Stock",,Q,N
OSPN,OneSpan Inc. - Common Stock,,S,N
OSPR,Osprey Acquisition Corp. III - Class A Ordinary Shares,,G,N
OSS,"One Stop Systems, Inc. - Common Stock",,S,N
OST,"Ostin Technology Group Co., Ltd. - Class A Ordinary Shares",,S,N
OSUR,"OraSure Technologies, Inc. - Common Stock",,Q,N
OSW,OneSpaWorld Holdings Limited - Common Shares,,S,N
OTEX,Open Text Corporation - Common Shares,,Q,N
OTGA,OTG Acquisition Corp. I - Class A Ordinary Share,,G,N
OTLK,"Outlook Therapeutics, Inc. - Common Stock",,S,D
OTLY,Oatly Group AB - American Depositary Shares,,Q,N
OTTR,Otter Tail Corporation - Common Stock,,Q,N
OUST,"Ouster, Inc. - Common Stock",,Q,N
OVBC,Ohio Valley Banc Corp. - Common Stock,,G,N
OVID,Ovid Therapeutics Inc. - Common Stock,,S,N
OVLY,Oak Valley Bancorp (CA) - Common Stock,,S,N
OWLS,OBOOK Holdings Inc. - Class A Common Shares,,G,N
OXBR,Oxbridge Re Holdings Limited - Ordinary Shares,,S,N
OXLC,Oxford Lane Capital Corp. - Closed End Fund,,Q,N
OXSQ,Oxford Square Capital Corp. - Closed End Fund,,Q,N
OYSE,Oyster Enterprises II Acquisition Corp - Class A Ordinary Shares,,G,N
OZK,Bank OZK - Common Stock,,Q,N
PAAC,Proem Acquisition Corp I - Ordinary Shares,,G,N
PACB,"Pacific Biosciences of California, Inc. - Common Stock",,Q,N
PACH,Pioneer Acquisition I Corp - Class A Ordinary Shares,,G,N
PAGP,"Plains GP Holdings, L.P. - Class A Shares representing limited partner interests",,Q,N
PAHC,Phibro Animal Health Corporation - Class A Common Stock,,G,N
PAL,"Proficient Auto Logistics, Inc. - Common Stock",,Q,N
PALI,"Palisade Bio, Inc. - Common Stock",,S,N
PALO,Paloma Acquisition Corp I - Class A Ordinary Shares,,G,N
PAMT,PAMT CORP - Common Stock,,G,N
PANL,Pangaea Logistics Solutions Ltd. - Common Stock,,S,N
PANW,"Palo Alto Networks, Inc. - Common Stock",,Q,N
PARA,"Banzai International, Inc. - Class A Common Stock",,S,N
PARK,"Park Dental Partners, Inc. - Common Stock",,S,N
PASG,"Passage Bio, Inc. - Common Stock",,S,N
PASW,"Ping An Biomedical Co., Ltd. - Class A Ordinary Shares",,S,D
PATK,"Patrick Industries, Inc. - Common Stock",,Q,N
PAVM,PAVmed Inc. - Common Stock,,S,N
PAVS,Paranovus Entertainment Technology Ltd. - Class A Ordinary Shares,,S,N
PAX,Patria Investments Limited - Class A Common Shares,,Q,N
PAYO,Payoneer Global Inc. - Common Stock,,G,N
PAYP,PayPay Corporation - American Depository Shares,,Q,N
PAYS,"Paysign, Inc. - Common Stock",,S,N
PAYX,"Paychex, Inc. - Common Stock",,Q,N
PBAM,"Private Bancorp of America, Inc. - Common Stock",,Q,N
PBFS,"Pioneer Bancorp, Inc. - Common Stock",,S,N
PBHC,"Pathfinder Bancorp, Inc. - Common Stock",,S,N
PBK,PowerBank Corporation - Common Stock,,S,D
PBLS,"Parabilis Medicines, Inc. - Common Stock",,Q,N
PBM,Psyence Biomedical Ltd. - Common Shares,,S,N
PBYI,Puma Biotechnology Inc - Common Stock,,Q,N
PC,Premium Catering (Holdings) Limited - Ordinary Shares,,S,D
PCAP,ProCap Acquisition Corp - Class A Ordinary Shares,,G,N
PCAR,PACCAR Inc. - Common Stock,,Q,N
PCB,PCB Bancorp - Common Stock,,Q,N
PCLA,PicoCELA Inc. - American Depositary Shares,,S,N
PCRX,"Pacira BioSciences, Inc. - Common Stock",,Q,N
PCSA,"Processa Pharmaceuticals, Inc. - Common Stock",,S,N
PCT,"PureCycle Technologies, Inc. - Common stock",,S,N
PCTY,Paylocity Holding Corporation - Common Stock,,Q,N
PCVX,"Vaxcyte, Inc. - Common Stock",,Q,N
PCYO,Pure Cycle Corporation - Common Stock,,S,N
PDC,Perpetuals.com Ltd - American Depositary Shares,,S,N
PDD,PDD Holdings Inc. - American Depositary Shares,,Q,N
PDEX,"Pro-Dex, Inc. - Common Stock",,S,N
PDFS,"PDF Solutions, Inc. - Common Stock",,Q,N
PDLB,"Ponce Financial Group, Inc. - Common Stock",,G,N
PDSB,PDS Biotechnology Corporation - Common Stock,,S,D
PDYN,Palladyne AI Corp. - Common stock,,G,N
PEBK,"Peoples Bancorp of North Carolina, Inc. - Common Stock",,G,N
PEBO,Peoples Bancorp Inc. - Common Stock,,Q,N
PECE,Peace Acquisition Corp - Ordinary Shares,,S,N
PECO,"Phillips Edison & Company, Inc. - Common Stock",,Q,N
PEGA,Pegasystems Inc. - Common Stock,,Q,N
PENG,"Penguin Solutions, Inc. - Common Stock",,Q,N
PENN,"PENN Entertainment, Inc. - Common Stock",,Q,N
PEP,"PepsiCo, Inc. - Common Stock",,Q,N
PEPG,PepGen Inc. - Common Stock,,Q,N
PERI,Perion Network Ltd - Ordinary Shares,,Q,N
PESI,"Perma-Fix Environmental Services, Inc. - Common Stock",,S,N
PETS,"PetMed Express, Inc. - Common Stock",,Q,N
PETZ,"TDH Holdings, Inc. - Common Shares",,S,N
PFAI,Pinnacle Food Group Limited - Class A Common Shares,,S,N
PFG,Principal Financial Group Inc - Common Stock,,Q,N
PFIS,Peoples Financial Services Corp.  - Common Stock,,Q,N
PFSA,"Profusa, Inc. - Common Stock",,S,N
PFX,PhenixFIN Corporation  - Common Stock,,G,N
PGAC,Pantages Capital Acquisition Corporation - Class A Ordinary Shares,,G,D
PGC,Peapack-Gladstone Financial Corporation - Common Stock,,Q,N
PGEN,"Precigen, Inc. - Common Stock",,Q,N
PGNY,"Progyny, Inc. - Common Stock",,Q,N
PGY,Pagaya Technologies Ltd. - Class A Ordinary Shares,,S,N
PHAR,"Pharming Group N.V. - ADS, each representing 10 ordinary shares",,G,N
PHAT,"Phathom Pharmaceuticals, Inc. - Common Stock",,Q,N
PHIO,Phio Pharmaceuticals Corp. - Common Stock,,S,N
PHOE,Phoenix Asia Holdings Limited - Ordinary Shares,,S,N
PHOS,First Phosphate Corp. - American Depositary Shares,,G,N
PHUN,"Phunware, Inc. - Common Stock",,S,N
PHVS,Pharvaris N.V. - Ordinary Shares,,Q,N
PI,"Impinj, Inc. - Common Stock",,Q,N
PICS,PicS N.V. - Class A Common Shares,,Q,N
PIII,P3 Health Partners Inc. - Class A Common Stock,,S,N
PKBK,"Parke Bancorp, Inc. - Common Stock",,S,N
PKOH,Park-Ohio Holdings Corp. - Common Stock,,Q,N
PLAB,"Photronics, Inc. - Common Stock",,Q,N
PLAY,"Dave & Buster's Entertainment, Inc. - Common Stock",,Q,N
PLBC,Plumas Bancorp - Common Stock,,S,N
PLBL,Polibeli Group Ltd - Class A Ordinary Shares,,G,N
PLBY,"Playboy, Inc. - Common Stock",,G,N
PLCE,"Children's Place, Inc. (The) - Common Stock",,Q,N
PLCI,Pelican Acquisition II Corporation - Ordinary Shares,,S,N
PLMK,Plum Acquisition Corp. IV - Class A Ordinary Shares,,G,N
PLMR,"Palomar Holdings, Inc. - Common stock",,Q,N
PLPC,Preformed Line Products Company - Common Stock,,Q,N
PLRX,"Pliant Therapeutics, Inc. - Common Stock",,Q,N
PLRZ,Polyrizon Ltd. - Ordinary Shares,,S,N
PLSE,"Pulse Biosciences, Inc - Common Stock",,S,N
PLSM,Pulsenmore Ltd. - Ordinary Shares,,S,N
PLTK,Playtika Holding Corp. - Common Stock,,Q,N
PLTR,Palantir Technologies Inc. - Class A Common Stock,,Q,N
PLUG,"Plug Power, Inc. - Common Stock",,S,N
PLUR,Pluri Inc. - Common Stock,,S,D
PLUS,ePlus inc. - Common Stock,,Q,N
PLUT,Plutus Financial Group Limited - Ordinary Shares,,S,N
PLXS,Plexus Corp. - Common Stock,,Q,N
PLYX,"Polaryx Therapeutics, Inc. - Common Stock",,S,N
PMA,PMA Graphene Technology Group Inc. - Class A Ordinary Shares,,S,D
PMAX,Powell Max Limited - Class A Ordinary Shares,,S,N
PMCB,"PharmaCyte  Biotech, Inc. - Common Stock",,S,D
PMEC,Primech Holdings Ltd. - Ordinary Shares,,S,D
PMN,ProMIS Neurosciences Inc. - Common Shares,,S,N
PMTR,Perimeter Acquisition Corp. I - Class A Ordinary Shares,,G,N
PMTS,CPI Card Group Inc. - Common Stock,,G,N
PMVP,"PMV Pharmaceuticals, Inc. - Common Stock",,Q,N
PN,PN Smart Energy Limited - Class A Ordinary Shares,,S,N
PNBK,Patriot National Bancorp Inc. - Common Stock,,G,N
PNRG,PrimeEnergy Resources Corporation - Common Stock,,S,N
PNTG,"The Pennant Group, Inc. - Common Stock",,Q,N
POCI,"Precision Optics Corporation, Inc. - Common stock",,S,N
PODC,"PodcastOne, Inc. - Common Stock",,S,N
PODD,Insulet Corporation - Common Stock,,Q,N
POET,POET Technologies Inc. - Common Shares,,S,N
POLA,"Polar Power, Inc. - Common Stock",,S,D
POLE,Andretti Acquisition Corp. II - Class A Ordinary Shares,,G,N
POM,POMDOCTOR LIMITED - American Depositary Shares,,G,N
PONO,"Pono Capital Four, Inc. - Class A Ordinary Shares",,G,N
PONY,Pony AI Inc. - American Depositary Shares,,Q,N
POOL,Pool Corporation - Common Stock,,Q,N
POWI,"Power Integrations, Inc. - Common Stock",,Q,N
POWL,"Powell Industries, Inc. - Common Stock",,Q,N
POWW,Outdoor Holding Company - Common Stock,,S,N
PPBT,Purple Biotech Ltd. - American Depositary Shares,,S,N
PPC,Pilgrim's Pride Corporation - Common Stock,,Q,N
PPCB,"Propanc Biopharma, Inc. - Common Stock",,S,N
PPHC,"Public Policy Holding Company, Inc. - Common Stock",,G,N
PPIH,"Perma-Pipe International Holdings, Inc. - Common Stock",,G,N
PPLI,People Incorporated - Common Stock,,Q,N
PPSI,"Pioneer Power Solutions, Inc. - Common Stock",,S,N
PPTA,Perpetua Resources Corp. - Common Shares,,S,N
PRAA,"PRA Group, Inc. - Common Stock",,Q,N
PRAX,"Praxis Precision Medicines, Inc. - Common Stock",,Q,N
PRCH,"Porch Group, Inc. - Common Stock",,S,N
PRCT,PROCEPT BioRobotics Corporation - Common Stock,,G,N
PRDO,Perdoceo Education Corporation - Common Stock,,Q,N
PRE,Prenetics Global Limited - Class A Ordinary Share,,G,N
PRFX,PRF Technologies Ltd. - Ordinary Shares,,S,N
PRGS,Progress Software Corporation - Common Stock,,Q,N
PRHI,"Presurance Holdings, Inc. - Common Stock",,S,N
PRLD,Prelude Therapeutics Incorporated - Common Stock,,Q,N
PRME,"Prime Medicine, Inc. - Common Stock",,G,N
PROF,Profound Medical Corp. - common stock,,S,N
PROK,ProKidney Corp. - Class A Ordinary Shares,,S,N
PROP,Prairie Operating Co. - Common Stock,,S,D
PROV,"Provident Financial Holdings, Inc. - Common Stock",,Q,N
PRPL,"Purple Innovation, Inc. - Common Stock",,Q,D
PRPO,"Precipio, Inc. - Common Stock",,S,N
PRQR,ProQR Therapeutics N.V. - Ordinary Shares,,S,N
PRSO,Peraso Inc. - Common Stock,,S,D
PRTA,Prothena Corporation plc - Ordinary Shares,,Q,N
PRTH,"Priority Technology Holdings, Inc. - Common Stock",,S,N
PRTS,"CarParts.com, Inc. - Common Stock",,S,N
PRVA,"Privia Health Group, Inc. - Common Stock",,Q,N
PRZO,ParaZero Technologies Ltd. - Ordinary Shares,,S,D
PSEC,Prospect Capital Corporation - Closed End Fund,,Q,N
PSHG,Performance Shipping Inc. - Common Shares,,S,N
PSIG,PS International Group Ltd. - Ordinary Shares,,S,N
PSIX,"Power Solutions International, Inc. - Common Stock",,S,N
PSMT,"PriceSmart, Inc. - Common Stock",,Q,N
PSNL,"Personalis, Inc. - Common Stock",,G,N
PSNY,Polestar Automotive Holding UK Limited - Class A ADS,,G,N
PSNYW,Polestar Automotive Holding UK Limited - Class C-1 ADS (ADW),,G,N
PSQL,Pasqal Holding SA - Ordinary Shares,,G,N
PTAC,Patriot Acquisition Corp. - Class A Ordinary Shares,,G,N
PTC,PTC Inc. - Common Stock,,Q,N
PTCT,"PTC Therapeutics, Inc. - Common Stock",,Q,N
PTEN,"Patterson-UTI Energy, Inc. - Common Stock",,Q,N
PTGX,"Protagonist Therapeutics, Inc. - Common Stock",,G,N
PTLE,PTL LTD - Class A Ordinary Shares,,S,N
PTLO,Portillo's Inc. - Class A Common Stock,,Q,N
PTN,"Palatin Technologies, Inc. - Common Stock",,S,N
PTON,"Peloton Interactive, Inc. - Common Stock",,Q,N
PTOR,Praetorian Acquisition Corp. - Class A Ordinary Shares,,G,N
PTRN,Pattern Group Inc. - Series A Common Stock,,Q,N
PUBM,"PubMatic, Inc. - Class A Common Stock",,G,N
PULM,"Pulmatrix, Inc. - Common Stock",,S,N
PURR,Hyperliquid Strategies Inc - Common Stock,,S,N
PUSA,Powerus Corporation - Common Stock,,S,N
PVLA,"Palvella Therapeutics, Inc. - Common Stock",,G,N
PWCM,"PowerCompute, Inc. - Common Stock",,S,N
PWP,Perella Weinberg Partners - Class A Common Stock,,Q,N
PWRL,Powerlaw Corp. - Common Stock,,G,N
PXLW,"Pixelworks, Inc. - Common Stock",,S,N
PXS,Pyxis Tankers Inc. - Common Stock,,S,N
PYPD,PolyPid Ltd. - Ordinary Shares,,S,N
PYPL,"PayPal Holdings, Inc. - Common Stock",,Q,N
PYXS,"Pyxis Oncology, Inc. - Common Stock",,Q,N
PZZA,"Papa John's International, Inc. - Common Stock",,Q,N
QADR,QDRO Acquisition Corp. - Class A Ordinary Shares,,G,N
QBTS,D-Wave Quantum Inc. - Common Stock,,Q,N
QCLS,"Q/C Technologies, Inc. - Common Stock",,S,N
QCOM,QUALCOMM Incorporated - Common Stock,,Q,N
QCRH,"QCR Holdings, Inc. - Common Stock",,G,N
QDEL,QuidelOrtho Corporation - Common Stock,,Q,N
QETA,Quetta Acquisition Corporation - Common Stock,,S,D
QFIN,"Qfin Holdings, Inc.  - American Depositary Shares",,Q,N
QH,Quhuo Limited - Class A Ordinary Shares,,S,N
QLYS,"Qualys, Inc. - Common Stock",,Q,N
QMCO,Quantum Corporation - Common Stock,,G,N
QMLS,"QumulusAI, Inc. - Common Stock",,G,N
QNBC,QNB Corp. - Common Stock,,S,N
QNCX,"Quince Therapeutics, Inc. - Common Stock",,Q,D
QNME,"Quanome Technologies, Inc. - Common Stock",,S,D
QNRX,"Quoin Pharmaceuticals, Ltd. - American Depositary Shares",,S,N
QNST,"QuinStreet, Inc. - Common Stock",,Q,N
QNT,Quantinuum Inc. - Class A Common Stock,,G,N
QNTM,Quantum Biopharma Ltd. - Class B Subordinate Voting Shares,,S,N
QQQX,Nuveen NASDAQ 100 Dynamic Overwrite Fund - Closed End Fund,,Q,N
QRHC,Quest Resource Holding Corporation - Common Stock,,S,N
QS,QuantumScape Corporation - Common Stock,,Q,N
QSEA,Quartzsea Acquisition Corporation - Ordinary Shares,,G,N
QSI,Quantum-Si Incorporated - Class A Common Stock,,G,D
QTEX,QTREX Quantum Ltd. - Ordinary Shares,,S,N
QTI,"QT Imaging Holdings, Inc. - Common Stock",,S,N
QTRX,Quanterix Corporation - Common Stock,,G,N
QTTB,Q32 Bio Inc. - Common Stock,,S,N
QUBT,Quantum Computing Inc. - Common Stock,,S,N
QUCY,Quantum Cyber N.V. - Ordinary Shares,,S,N
QUIK,QuickLogic Corporation - Common Stock,,S,N
QUMS,Quantumsphere Acquisition Corp. - Ordinary Shares,,G,N
QURE,uniQure N.V. - Ordinary Shares,,Q,N
QVCG,"QVC Group, Inc. - Common Stock",,Q,N
QXL,Quantum X Labs Inc. - Common Stock,,S,N
RACC,Research Alliance Corporation III - Class A Ordinary Shares,,S,N
RACD,Research Alliance Corporation IV - Class A Ordinary Shares,,S,N
RADX,Radiopharm Theranostics Limited - American Depositary Shares,,S,N
RAIL,"Freightcar America, Inc. - Common Stock",,Q,N
RAIN,"Rain Enhancement Technologies Holdco, Inc. - Class A Common Stock",,S,D
RAND,Rand Capital Corporation - Closed End Fund,,S,N
RANG,Range Capital Acquisition Corp. - Ordinary Shares,,G,D
RANI,"Rani Therapeutics Holdings, Inc. - Class A Common Stock",,G,D
RAPP,"Rapport Therapeutics, Inc. - Common Stock",,G,N
RARE,Ultragenyx Pharmaceutical Inc. - Common Stock,,Q,N
RAVE,"Rave Restaurant Group, Inc. - Common Stock",,S,N
RAYA,Erayak Power Solution Group Inc. - Class A Ordinary Shares,,S,N
RBB,RBB Bancorp - Common Stock,,Q,N
RBBN,Ribbon Communications Inc.  - Common Stock,,Q,N
RBCAA,"Republic Bancorp, Inc. - Class A Common Stock",,Q,N
RBKB,"Rhinebeck Bancorp, Inc. - Common Stock",,S,N
RBNE,Robin Energy Ltd. - Common Stock,,S,N
RCAT,"Red Cat Holdings, Inc. - Common Stock",,S,N
RCBC,River City Bank - Common stock,,S,N
RCEL,"Avita Medical, Inc. - Common Stock",,S,N
RCKT,"Rocket Pharmaceuticals, Inc. - Common Stock",,G,N
RCKY,"Rocky Brands, Inc. - Common Stock",,Q,N
RCMT,"RCM Technologies, Inc. - Common Stock",,G,N
RCON,"Recon Technology, Ltd. - Class A Ordinary Shares",,S,N
RCT,RedCloud Holdings plc - Ordinary Shares,,S,D
RDAC,Rising Dragon Acquisition Corp. - Ordinary Shares,,S,D
RDAG,Republic Digital Acquisition Company - Class A Ordinary Shares,,G,N
RDCM,Radcom Ltd. - Ordinary Shares,,S,N
RDGT,"Ridgetech, Inc. - Ordinary Shares",,S,N
RDHL,Redhill Biopharma Ltd. - American Depositary Shares,,S,D
RDI,Reading International Inc - Class A Non-voting Common Stock,,S,N
RDIB,Reading International Inc - Class B Voting Common Stock,,S,N
RDNT,"RadNet, Inc. - Common Stock",,G,N
RDNW,"RideNow Group, Inc. - Class B Common Stock",,S,N
RDVT,"Red Violet, Inc. - Common Stock ",,S,N
RDWR,Radware Ltd. - Ordinary Shares,,Q,N
RDZN,"Roadzen, Inc. - Ordinary Shares",,G,N
REAL,"The RealReal, Inc. - Common Stock",,Q,N
REAX,Real REMAX Group Inc. - Common Stock,,S,N
REBN,"Reborn Coffee, Inc. - Common Stock",,S,D
RECT,Rectitude Holdings Ltd - Ordinary Shares,,S,N
REFI,"Chicago Atlantic Real Estate Finance, Inc. - Common Stock",,G,N
REFR,Research Frontiers Incorporated - Common Stock,,S,D
REG,Regency Centers Corporation - Common Stock,,Q,N
REGN,"Regeneron Pharmaceuticals, Inc. - Common Stock",,Q,N
REKR,"Rekor Systems, Inc. - Common Stock",,S,D
RELL,"Richardson Electronics, Ltd. - Common Stock",,Q,N
RELY,"Remitly Global, Inc. - Common stock",,Q,N
RENT,"Rent the Runway, Inc. - Class A Common Stock",,G,N
RENX,RenX Enterprises Corp. - Common Stock,,S,N
REPL,"Replimune Group, Inc. - Common Stock",,Q,N
RETO,"ReTo Eco-Solutions, Inc. - Class A Shares",,S,N
REVB,"Revelation Biosciences, Inc. - Common Stock",,S,N
REYN,Reynolds Consumer Products Inc. - Common Stock,,Q,N
RFAI,RF Acquisition Corp II - Ordinary Shares,,G,N
RFAM,RF Acquisition Corp III - Ordinary Shares,,G,N
RFIL,"RF Industries, Ltd. - Common Stock",,G,N
RGC,Regencell Bioscience Holdings Limited - Ordinary Shares,,S,N
RGCO,RGC Resources Inc. - Common Stock,,G,N
RGEN,Repligen Corporation - Common Stock,,Q,N
RGLD,"Royal Gold, Inc. - Common Stock",,Q,N
RGNX,REGENXBIO Inc. - Common Stock,,Q,N
RGP,"Resources Connection, Inc. - Common Stock",,Q,N
RGS,Regis Corporation - Common Stock,,G,N
RGTI,"Rigetti Computing, Inc.  - Common stock",,S,N
RIBB,Ribbon Acquisition Corp - Class A Ordinary Shares,,S,N
RICK,"RCI Hospitality Holdings, Inc. - Common Stock",,G,N
RIGL,"Rigel Pharmaceuticals, Inc. - Common Stock",,Q,N
RILY,"BRC Group Holdings, Inc. - Common Stock",,G,N
RIME,"Algorhythm Holdings, Inc. - Common Stock",,S,D
RIOT,"Riot Platforms, Inc. - Common Stock",,S,N
RIVN,"Rivian Automotive, Inc. - Class A Common Stock",,Q,N
RJET,Republic Airways Holdings Inc. - Common Stock,,Q,N
RKDA,"Arcadia Biosciences, Inc. - Common Stock",,S,D
RKLB,Rocket Lab Corporation - Common Stock,,Q,N
RKTO,Rocket One Inc. - Common Stock,,S,D
RLAY,"Relay Therapeutics, Inc. - Common Stock",,G,N
RLMD,"Relmada Therapeutics, Inc. - Common Stock",,S,N
RLYB,Rallybio Corporation - Common Stock,,S,N
RMBI,"Richmond Mutual Bancorporation, Inc. - Common Stock",,S,N
RMBS,"Rambus, Inc. - Common Stock",,Q,N
RMCF,"Rocky Mountain Chocolate Factory, Inc. - Common Stock",,S,N
RMCO,Royalty Management Holding Corporation - Class A Common Stock,,S,N
RMIX,"Suncrete, Inc. - Class A Common Stock",,G,N
RML,Resolution Minerals Ltd - American Depositary Shares,,S,N
RMNI,"Rimini Street, Inc. - Common Stock",,G,N
RMR,The RMR Group Inc. - Class A Common Stock,,S,N
RMSG,Real Messenger Corporation - Ordinary Shares,,S,D
RMTI,"Rockwell Medical, Inc. - Common Stock",,S,N
RNA,"Atrium Therapeutics, Inc. - Common Stock",,Q,N
RNAC,"Cartesian Therapeutics, Inc. - Common Stock",,G,N
RNAQ,Rainier Acquisition Corporation - Class A Ordinary Shares,,S,N
RNAZ,"TransCode Therapeutics, Inc. - Common Stock",,S,N
RNGT,Range Capital Acquisition Corp II - Class A Ordinary Shares,,G,N
RNTX,"Rein Therapeutics, Inc. - Common Stock",,S,D
RNW,ReNew Energy Global plc - Class A Shares,,Q,N
RNXT,"RenovoRx, Inc. - Common Stock",,S,N
ROAD,"Construction Partners, Inc. - Common Stock",,Q,D
ROC,Rank One Computing Corporation - Common stock,,S,N
ROCK,"Gibraltar Industries, Inc. - Common Stock",,Q,N
ROIV,Roivant Sciences Ltd. - Common Shares,,Q,N
ROKU,"Roku, Inc. - Class A Common Stock",,Q,N
ROMA,Roma Green Finance Limited - Class A Ordinary Shares,,S,N
ROOT,"Root, Inc. - Common Stock",,Q,N
ROP,"Roper Technologies, Inc. - Common Stock",,Q,N
ROST,"Ross Stores, Inc. - Common Stock",,Q,N
RPAY,Repay Holdings Corporation - Class A Common Stock,,S,N
RPD,"Rapid7, Inc. - Common Stock",,G,N
RPGL,Republic Power Group Limited - Class A Ordinary Shares,,S,N
RPID,"Rapid Micro Biosystems, Inc. - Class A Common Stock",,S,N
RPRX,Royalty Pharma plc - Class A Ordinary Shares,,Q,N
RR,Richtech Robotics Inc. - Class B Common Stock,,S,N
RRBI,"Red River Bancshares, Inc. - Common Stock",,Q,N
RREV,RRE Ventures Acquisition Corp. - Class A Ordinary Shares,,G,N
RRGB,"Red Robin Gourmet Burgers, Inc. - Common Stock",,Q,N
RRR,"Red Rock Resorts, Inc. - Class A Common Stock",,Q,N
RSSS,"Research Solutions, Inc - Common Stock",,S,N
RSVR,"Reservoir Media, Inc.. - Common Stock",,G,N
RTAC,Renatus Tactical Acquisition Corp I - Class A Ordinary Shares,,G,D
RTB,"RTB Digital, Inc. - Common Stock",,S,N
RTSN,"Retension Pharmaceuticals, Inc. - Common Stock",,S,N
RUBI,Rubico Inc. - Common Stock,,S,N
RUM,RUM Group Inc. - Class A Common Stock,,G,N
RUN,Sunrun Inc. - Common Stock,,Q,N
RUSHA,"Rush Enterprises, Inc. - Class A Common Stock",,Q,N
RUSHB,"Rush Enterprises, Inc. - Class B Common Stock",,Q,N
RVMD,"Revolution Medicines, Inc. - Common Stock",,Q,N
RVSB,Riverview Bancorp Inc - Common Stock,,Q,N
RVSN,Rail Vision Ltd. - Ordinary Shares,,S,N
RWAY,Runway Growth Finance Corp. - Common Stock,,Q,N
RXRX,"Recursion Pharmaceuticals, Inc. - Class A Common Stock",,Q,N
RXST,"RxSight, Inc. - Common Stock",,G,N
RXT,"Rackspace Technology, Inc. - Common Stock",,Q,N
RYAAY,"Ryanair Holdings plc - American Depositary Shares, each representing five Ordinary Shares",,Q,N
RYET,Ruanyun Edai Technology Inc. - Ordinary shares,,S,N
RYM,"RYTHM, Inc. - Common Stock",,S,N
RYOJ,"rYojbaba Co., Ltd. - Common Shares",,S,N
RYTM,"Rhythm Pharmaceuticals, Inc. - Common Stock",,G,N
RZAI,Roze AI Inc. - Common Shares,,S,N
RZLT,"Rezolute, Inc. - Common Stock (NV)",,S,N
RZLV,Rezolve AI PLC - Ordinary Shares,,G,N
SAAQ,Space Asset Acquisition Corp. - Class A Ordinary Shares,,G,N
SABR,Sabre Corporation - Common Stock,,Q,N
SABS,"SAB Biotherapeutics, Inc. - Common Stock",,S,N
SAFT,"Safety Insurance Group, Inc. - Common Stock",,Q,N
SAFX,"XCF Global, Inc. - Class A Common Stock",,S,D
SAGT,SAGTEC GLOBAL LIMITED - Class A Ordinary shares,,S,D
SAIA,"Saia, Inc. - Common Stock",,Q,N
SAIC,Science Applications International Corporation - Common Stock,,Q,N
SAIH,SAIHEAT Limited - Class A Ordinary Shares,,S,N
SAIL,"SailPoint, Inc. - Common Stock",,Q,N
SAIQ,WISeSat.Space Holdings Corp. - Ordinary Shares,,S,N
SAMG,Silvercrest Asset Management Group Inc. - Common Stock,,G,N
SANA,"Sana Biotechnology, Inc. - Common Stock",,Q,N
SANG,Sangoma Technologies Corporation - Common Shares,,Q,N
SANM,Sanmina Corporation - Common Stock,,Q,N
SATL,Satellogic Inc. - Class A Common Stock,,S,N
SBAC,SBA Communications Corporation - Class A Common Stock,,Q,N
SBC,SBC Medical Group Holdings Incorporated - Common Stock,,G,D
SBCF,Seacoast Banking Corporation of Florida - Common Stock,,Q,N
SBET,"Sharplink, Inc. - Common Stock",,S,N
SBFG,"SB Financial Group, Inc. - Common Stock",,S,N
SBFM,Sunshine Biopharma Inc. - Common stock,,S,N
SBGI,"Sinclair, Inc. - Class A Common Stock",,Q,N
SBLK,Star Bulk Carriers Corp. - Common Shares,,Q,N
SBRA,"Sabra Health Care REIT, Inc. - Common Stock",,Q,N
SBUX,Starbucks Corporation - Common Stock,,Q,N
SCAG,Scage Future - American Depositary Shares,,G,D
SCAT,Southern Cross Acquisition II Corp. - Ordinary Shares,,G,N
SCHL,Scholastic Corporation - Common Stock,,Q,N
SCII,SC II Acquisition Corp. - Class A ordinary share,,G,N
SCKT,"Socket Mobile, Inc. - Common Stock",,S,D
SCLX,Scilex Holding Company - Common Stock,,S,N
SCNI,Scinai Immunotherapeutics Ltd. - American Depositary Shares,,S,N
SCNX,"Scienture Holdings, Inc. - Common Stock",,S,D
SCOR,"comScore, Inc. - Common Stock",,Q,N
SCPQ,Social Commerce Partners Corporation - Class A Ordinary Shares,,G,N
SCSC,"ScanSource, Inc. - Common Stock",,Q,N
SCTX,Scribe Therapeutics Inc. - Common Stock,,G,N
SCWO,374Water Inc. - common stock,,S,N
SCYX,"SCYNEXIS, Inc. - Common Stock",,S,N
SCZM,Santacruz Silver Mining Ltd. - Common Shares,,S,N
SDA,SunCar Technology Group Inc. - Ordinary Shares,,S,D
SDGR,"Schrodinger, Inc. - Common Stock",,Q,N
SDHI,Siddhi Acquisition Corp - Class A Common stock,,G,N
SDOT,Sadot Group Inc. - Common Stock,,S,N
SDST,Stardust Power Inc. - Common Stock,,S,D
SEAT,Vivid Seats Inc. - Class A common stock,,Q,N
SEDG,"SolarEdge Technologies, Inc. - Common Stock",,Q,N
SEED,Origin Agritech Limited - Ordinary Shares,,S,N
SEER,"Seer, Inc. - Class A Common Stock",,Q,N
SEGG,Sports Entertainment Gaming Global Corporation  - Common Stock,,G,E
SEIC,SEI Investments Company - Common Stock,,Q,N
SELF,"Global Self Storage, Inc. - Common Stock",,S,N
SENEA,Seneca Foods Corp. - Class A Common Stock,,Q,N
SENEB,Seneca Foods Corp. - Class B Common Stock,,Q,N
SENS,"Senseonics Holdings, Inc. - Common Stock",,Q,N
SEPN,"Septerna, Inc. - Common Stock",,G,N
SERA,"Sera Prognostics, Inc. - Class A Common Stock",,G,N
SERV,Serve Robotics Inc. - Common Stock,,S,N
SEV,Aptera Motors Corp. - Class B Common Stock,,S,N
SEVN,Seven Hills Realty Trust  - Common Stock,,S,N
SEZL,Sezzle Inc. - Common Stock,,S,N
SFBC,"Sound Financial Bancorp, Inc. - Common Stock",,S,N
SFD,"Smithfield Foods, Inc. - Common Stock",,Q,N
SFHG,Samfine Creation Holdings Group Limited - Class A Ordinary Share,,S,N
SFIX,"Stitch Fix, Inc. - Class A Common Stock",,Q,N
SFM,"Sprouts Farmers Market, Inc. - Common Stock",,Q,N
SFNC,Simmons First National Corporation - Common Stock,,Q,N
SFST,"Southern First Bancshares, Inc. - Common Stock",,G,N
SFWL,Shengfeng Development Limited - Class A Ordinary Shares,,S,N
SGA,"Saga Communications, Inc. - Class A Common Stock",,G,N
SGC,"Superior Group of Companies, Inc. - Common Stock",,G,N
SGHT,"Sight Sciences, Inc. - Common Stock",,Q,N
SGLD,Scorpio Gold Corporation - Common Stock,,S,N
SGLY,Singularity Future Technology Ltd. - Common Stock,,S,N
SGML,Sigma Lithium Corporation - common shares,,S,N
SGMT,Sagimet Biosciences Inc. - Series A Common Stock,,G,N
SGP,"SpyGlass Pharma, Inc. - Common Stock",,Q,N
SGRX,SANGRIX INC. - Class A Ordinary Shares,,S,N
SGRY,"Surgery Partners, Inc. - Common Stock",,Q,N
SHAZ,"SharonAI Holdings, Inc. - Class A Common Stock",,S,N
SHBI,"Shore Bancshares, Inc. - Common Stock",,Q,N
SHC,Sotera Health Company - Common Stock,,Q,N
SHEN,Shenandoah Telecommunications Co - Common Stock,,Q,N
SHFS,"SHF Holdings, Inc. - Class A Common Stock",,S,D
SHIM,Shimmick Corporation - Common Stock,,S,N
SHIP,Seanergy Maritime Holdings Corp. - Common Stock,,S,N
SHLS,"Shoals Technologies Group, Inc. - Class A Common Stock",,G,N
SHMD,SCHMID Group N.V. - Class A Ordinary Shares,,G,N
SHOE,"Shoe Station Group, Inc. - Common Stock",,Q,N
SHOO,"Steven Madden, Ltd. - Common Stock",,Q,N
SHOP,Shopify Inc. - Class A Subordinate Voting Shares,,Q,N
SHOT,RMG ML Sports Holdings - Class A Ordinary Shares,,G,N
SHPH,"Shuttle Pharmaceuticals Holdings, Inc. - common stock",,S,N
SIBN,"SI-BONE, Inc. - Common Stock",,G,N
SIDU,"Sidus Space, Inc. - Class A Common Stock",,S,N
SIEB,Siebert Financial Corp. - Common Stock,,S,N
SIFY,Sify Technologies Limited - American Depository Shares,,S,N
SIGA,SIGA Technologies Inc. - Common Stock,,G,N
SIGI,"Selective Insurance Group, Inc. - Common Stock",,Q,N
SILC,Silicom Ltd - Ordinary Shares,,Q,N
SILO,"Silo Pharma, Inc. - Common Stock",,S,N
SIMA,SIM Acquisition Corp. I - Class A Ordinary Shares,,S,N
SIMO,"Silicon Motion Technology Corporation - American Depositary Shares, each representing four ordinary shares",,Q,N
SINT,"SiNtx Technologies, Inc. - Common Stock",,S,N
SION,"Sionna Therapeutics, Inc. - Common Stock",,G,N
SIRI,SiriusXM Holdings Inc. - Common Stock,,Q,N
SITM,SiTime Corporation - Common Stock,,G,N
SJ,Scienjoy Holding Corporation - Class A Ordinary Shares,,S,N
SKHY,SK hynix Inc. - American Depositary Shares,,Q,N
SKIN,SkinHealth Systems Inc. - Class A Common Stock,,S,D
SKK,SKK Holdings Limited - Class A Ordinary Shares,,S,N
SKWD,"Skyward Specialty Insurance Group, Inc. - Common Stock",,Q,N
SKYA,"SkyAI, Inc. - Common Stock",,S,N
SKYE,"Skye Bioscience, Inc. - Common Stock",,S,D
SKYQ,Sky Quarry Inc. - Common Stock,,S,N
SKYW,"SkyWest, Inc. - Common Stock",,Q,N
SKYX,SKYX Platforms Corp. - Common Stock,,S,D
SLAB,"Silicon Laboratories, Inc. - Common Stock",,Q,N
SLBT,SL Science Holding Limited - Ordinary Shares,,G,N
SLDB,Solid Biosciences Inc. - Common Stock,,Q,N
SLDE,"Slide Insurance Holdings, Inc. - Common Stock",,Q,N
SLDP,"Solid Power, Inc. - Class A Common Stock",,Q,N
SLE,"Super League Enterprise, Inc. - Common Stock",,S,N
SLGB,Smart Logistics Global Limited - Class A Ordinary Shares,,S,D
SLGL,Sol-Gel Technologies Ltd. - Ordinary Shares,,S,N
SLM,SLM Corporation - Common Stock,,Q,N
SLMT,Brera Holdings PLC - Class B Ordinary Shares,,S,N
SLN,Silence Therapeutics Plc - American Depository Share,,G,N
SLNG,"Stabilis Solutions, Inc. - Common Stock",,S,N
SLNH,"Soluna Holdings, Inc. - Common Stock",,S,N
SLRC,SLR Investment Corp. - Closed End Fund,,Q,N
SLS,"SELLAS Life Sciences Group, Inc.  - Common Stock",,S,N
SLSN,"Solesence, Inc. - Common stock",,S,D
SLXN,Silexion Therapeutics Corp - Ordinary Shares,,S,D
SMBC,"Southern Missouri Bancorp, Inc. - Common Stock",,G,N
SMCI,"Super Micro Computer, Inc. - Common Stock",,Q,N
SMID,Smith-Midland Corporation - Common Stock,,S,N
SMMT,Summit Therapeutics Inc.  - Common Stock,,G,N
SMPL,The Simply Good Foods Company - Common Stock,,S,N
SMSI,"Smith Micro Software, Inc. - Common Stock",,S,N
SMTC,Semtech Corporation - Common Stock,,Q,N
SMTI,Sanara MedTech Inc. - Common Stock,,S,N
SMTK,"SmartKem, Inc. - Common Stock",,S,N
SMX,SMX (Security Matters) Public Limited Company - Ordinary Shares,,S,N
SMXT,Solarmax Technology Inc. - Common Stock,,S,H
SNAL,"Snail, Inc. - Class A Common Stock",,S,D
SND,"Smart Sand, Inc. - Common Stock",,Q,N
SNDK,Sandisk Corporation - Common Stock When-Issued,,Q,N
SNDL,SNDL Inc. - Common Shares,,S,N
SNDX,"Syndax Pharmaceuticals, Inc. - Common Stock",,Q,N
SNES,"SenesTech, Inc. - Common Stock",,S,N
SNEX,StoneX Group Inc. - Common Stock,,Q,N
SNFCA,Security National Financial Corporation - Class A Common Stock,,G,N
SNGX,"Soligenix, Inc. - Common Stock",,S,D
SNOA,"Sonoma Pharmaceuticals, Inc. - Common Stock",,S,N
SNPS,"Synopsys, Inc. - Common Stock",,Q,N
SNT,Senstar Technologies Corporation - Common Shares,,G,N
SNTG,Sentage Holdings Inc. - Class A Ordinary Shares,,S,N
SNTI,"Senti Biosciences Holdings, Inc. - Common Stock",,S,D
SNWV,"SANUWAVE Health, Inc. - Common Stock",,G,D
SNY,Sanofi - American Depositary Shares,,Q,N
SOCA,Solarius Capital Acquisition Corp. - Class A Ordinary Share,,G,N
SOFI,"SoFi Technologies, Inc.  - Common Stock",,Q,N
SOGP,Sound Group Inc. - American Depositary Shares,,S,N
SOHU,Sohu.com Limited  - American Depositary Shares,,Q,N
SOLS,Solstice Advanced Materials Inc. - Common Stock,,Q,N
SONM,"DNA X, Inc. - Common Stock",,S,D
SONO,"Sonos, Inc. - Common Stock",,Q,N
SOPH,SOPHiA GENETICS SA - Ordinary Shares,,Q,N
SORA,AsiaStrategy - Ordinary Shares,,S,N
SORN,Soren Acquisition Corp. - Class A Ordinary Shares,,G,N
SOTK,Sono-Tek Corporation - Common Stock,,S,N
SOUN,"SoundHound AI, Inc. - Class A Common Stock",,G,N
SOWG,Sow Good Inc. - Common Stock,,S,N
SPAI,Safe Pro Group Inc. - Common Stock,,S,N
SPCB,"SuperCom, Ltd. - Ordinary Shares",,S,N
SPCX,Space Exploration Technologies Corp. - Class A Common Stock,,Q,N
SPEG,Silver Pegasus Acquisition Corp - Class A Ordinary Shares,,G,N
SPFI,"South Plains Financial, Inc. - Common Stock",,Q,N
SPHL,Springview Holdings Ltd - Ordinary shares,,S,N
SPOK,"Spok Holdings, Inc. - Common Stock",,Q,N
SPPL,SIMPPLE LTD. - Ordinary Shares,,S,N
SPRB,"Spruce Biosciences, Inc. - Common Stock",,S,N
SPRC,SciSparc Ltd. - Ordinary Shares,,S,N
SPRO,"Spero Therapeutics, Inc. - Common Stock",,Q,N
SPRY,"ARS Pharmaceuticals, Inc. - Common Stock",,G,N
SPSC,"SPS Commerce, Inc. - Common Stock",,Q,N
SPT,"Sprout Social, Inc - Class A Common Stock",,S,N
SPTX,"Seaport Therapeutics, Inc. - Common Stock",,Q,N
SPWH,"Sportsman's Warehouse Holdings, Inc. - Common Stock",,Q,N
SPWR,SunPower Inc. - Common Stock,,G,D
SQFT,"Presidio Property Trust, Inc. - Class A Common Stock",,S,N
SRAD,Sportradar Group AG - Class A Ordinary Shares,,Q,N
SRBK,"SR Bancorp, Inc. - Common stock",,S,N
SRCE,1st Source Corporation - Common Stock,,Q,N
SRPT,"Sarepta Therapeutics, Inc. - Common Stock",,Q,N
SRRK,Scholar Rock Holding Corporation - Common Stock,,Q,N
SRTA,"Strata Critical Medical, Inc. - Class A Common Stock",,S,N
SRTS,"Sensus Healthcare, Inc. - Common Stock",,S,N
SRZN,"Surrozen, Inc. - Common Stock",,S,N
SSAC,SPACSphere Acquisition Corp. - Class A Ordinary Shares,,G,N
SSBI,Summit State Bank - Common Stock,,G,N
SSEA,Starry Sea Acquisition Corp - Ordinary Shares,,S,N
SSII,SS Innovations International Inc. - Common Stock,,S,N
SSM,Sono Group N.V. - Ordinary Shares,,S,N
SSNC,"SS&C Technologies Holdings, Inc. - Common Stock",,Q,N
SSP,E.W. Scripps Company (The) - Class A Common Stock,,Q,N
SSRM,SSR Mining Inc. - Common Stock,,Q,N
SSTI,"SoundThinking, Inc. - Common Stock",,S,N
SSYS,"Stratasys, Ltd. - Common Stock",,Q,N
STAA,STAAR Surgical Company - Common Stock,,G,N
STAK,STAK Inc. - Class A Ordinary Shares,,S,N
STBA,"S&T Bancorp, Inc. - Common Stock",,Q,N
STEP,StepStone Group Inc. - Class A Common Stock,,Q,N
STEX,Streamex Corp. - Common Stock,,S,N
STFS,Star Fashion Culture Holdings Limited - Class A Ordinary Shares,,S,N
STGW,Stagwell Inc. - Class A Common Stock,,Q,N
STHO,Star Holdings - Shares of Beneficial Interest,,G,N
STI,"Solidion Technology, Inc. - Common Stock",,S,N
STIM,"Neuronetics, Inc. - Common Stock",,G,N
STKE,Sol Strategies Inc. - Common Shares,,Q,N
STKH,Steakholder Foods Ltd. - American Depositary Shares,,S,N
STKS,"The ONE Group Hospitality, Inc. - Common Stock",,S,N
STLD,"Steel Dynamics, Inc. - Common Stock",,Q,N
STLN,"Starling Oncology, Inc. - Common Stock",,S,N
STNE,StoneCo Ltd. - Class A Common Share,,Q,N
STOK,"Stoke Therapeutics, Inc. - Common Stock",,Q,N
STRA,"Strategic Education, Inc. - Common Stock",,Q,N
STRL,"Sterling Infrastructure, Inc. - Common Stock",,Q,N
STRO,"Sutro Biopharma, Inc. - Common Stock",,G,N
STRR,"Star Equity Holdings, Inc. - Common Stock",,Q,N
STRT,STRATTEC SECURITY CORPORATION - Common Stock,,G,N
STRZ,Starz Entertainment Corp. - Common Shares,,Q,N
STTK,"Shattuck Labs, Inc. - Common Stock",,Q,N
STX,Seagate Technology Holdings PLC - Ordinary Shares (Ireland),,Q,N
SUGP,SU Group Holdings Limited - Class A Ordinary Shares,,S,N
SUIG,Sui Group Holdings Limited - Common Stock,,S,N
SUJA,"Suja Life, Inc. - Class A Common Stock",,Q,N
SUMA,SUMA Acquisition Corporation - Class A Ordinary Shares,,G,N
SUNE,"SUNation Energy, Inc. - Common Stock",,S,N
SUNS,"Sunrise Realty Trust, Inc. - Common Stock",,S,N
SUPN,"Supernus Pharmaceuticals, Inc. - Common Stock",,G,N
SUPX,SuperX AI Technology Limited - Ordinary Shares,,S,N
SURG,"SurgePays, Inc. - Common Stock",,S,D
SVA,"Sinovac Biotech, Ltd. - Ordinary Shares (Antigua/Barbudo)",,Q,N
SVAQ,Silicon Valley Acquisition Corp. - Class A Ordinary Shares,,G,N
SVC,Service Properties Trust - Common Shares of Beneficial Interest,,Q,N
SVCC,Stellar V Capital Corp. - Class A Ordinary Shares,,G,N
SVCO,"Silvaco Group, Inc. - Common Stock",,Q,N
SVIA,"Silvia, Inc. - Common Stock",,G,N
SVIV,Spring Valley Acquisition Corp. IV - Class A Ordinary Shares,,G,N
SVRA,"Savara, Inc. - Common Stock",,Q,N
SVRE,SaverOne 2014 Ltd. - American Depositary Shares,,S,N
SVRN,"SVRN, Inc. - Common Stock",,S,E
SWAG,"Stran & Company, Inc. - Common Stock",,S,N
SWBI,"Smith & Wesson Brands, Inc. - Common Stock",,Q,N
SWIM,"Latham Group, Inc. - Common Stock",,Q,N
SWKS,"Skyworks Solutions, Inc. - Common Stock",,Q,N
SWMR,"Swarmer, Inc - common stock",,S,N
SWRD,Stewards Inc - Common Stock,,S,N
SWVL,Swvl Holdings Corp - Ordinary Shares,,S,N
SXTC,"China SXT Pharmaceuticals, Inc. - Class A Ordinary Shares",,S,N
SXTP,"60 Degrees Pharmaceuticals, Inc. - Common Stock",,S,N
SY,So-Young International Inc. - American Depository Shares,,S,N
SYBT,"Stock Yards Bancorp, Inc. - Common Stock",,Q,N
SYM,Symbotic Inc. - Class A Common Stock,,G,N
SYNA,Synaptics Incorporated - Common Stock,,Q,N
SYPR,"Sypris Solutions, Inc. - Common Stock",,G,N
SYRE,"Spyre Therapeutics, Inc. - Common Stock",,Q,N
SZZL,Sizzle Acquisition Corp. II - Class A ordinary shares,,G,N
TACH,Titan Acquisition Corp. - Class A Ordinary Shares,,G,N
TACO,Berto Acquisition Corp. - Ordinary Shares,,G,N
TACT,TransAct Technologies Incorporated - Common Stock,,G,N
TANH,Tantech Holdings Ltd. - Class A Common Shares,,S,N
TAOP,Taoping Inc. - Ordinary Shares,,S,N
TAOX,Tao Synergies Inc. - Common Stock,,S,N
TARA,"Protara Therapeutics, Inc.  - Common Stock",,G,N
TARS,"Tarsus Pharmaceuticals, Inc. - Common Stock",,Q,N
TASK,"TaskUs, Inc. - Class A Common Stock",,Q,N
TATT,TAT Technologies Ltd. - Ordinary Shares,,G,N
TAVI,Tavia Acquisition Corp. - Ordinary Shares,,G,N
TAYD,"Taylor Devices, Inc. - Common Stock",,S,N
TBBK,"The Bancorp, Inc. - Common Stock",,Q,N
TBCH,Turtle Beach Corporation - Common Stock,,G,N
TBCV,"Thunder Bridge Capital Partners V, Ltd. - Class A Ordinary Shares",,G,N
TBLA,Taboola.com Ltd. - Ordinary Shares,,Q,N
TBLD,Thornburg Income Builder Opportunities Trust - Closed End Fund,,Q,N
TC,Token Cat Limited - American Depositary Shares,,S,N
TCBK,TriCo Bancshares - Common Stock,,Q,N
TCBS,"Texas Community Bancshares, Inc. - Common Stock",,S,N
TCGX,TCGX Acquisition Corp. - Class A Ordinary Shares,,S,N
TCMD,"Tactile Systems Technology, Inc. - Common Stock",,G,N
TCOM,Trip.com Group Limited - American Depositary Shares,,Q,N
TCPC,BlackRock TCP Capital Corp. - Closed End Fund,,Q,N
TCRT,"Alaunos Therapeutics, Inc. - Common Stock",,S,D
TCRX,"TScan Therapeutics, Inc. - Common Stock",,G,D
TCX,Tucows Inc. - Common Stock,,S,N
TDAC,Translational Development Acquisition Corp. - Ordinary Shares,,G,N
TDIC,Dreamland Limited - Class A Ordinary Shares,,S,N
TDTH,Trident Digital Tech Holdings Ltd - Class B Ordinary Shares,,S,N
TDUP,ThredUp Inc. - Class A Common Stock,,Q,N
TDWD,Tailwind 2.0 Acquisition Corp. - Class A Ordinary Shares,,G,N
TEAD,Teads Holding Co. - Common Stock,,Q,D
TEAM,Atlassian Corporation  - Class A Common Stock,,Q,N
TECH,Bio-Techne Corp - Common Stock,,Q,N
TECX,"Tectonic Therapeutic, Inc. - Common Stock",,G,N
TELA,"TELA Bio, Inc. - Common stock",,G,D
TELO,"Telomir Pharmaceuticals, Inc. - Common Stock",,S,N
TEM,"Tempus AI, Inc. - Class A Common Stock",,Q,N
TENB,"Tenable Holdings, Inc. - Common Stock",,Q,N
TENX,"Tenax Therapeutics, Inc. - Common Stock",,S,N
TER,"Teradyne, Inc. - Common Stock",,Q,N
TFSL,TFS Financial Corporation - Common Stock,,Q,N
TGHL,The GrowHub Limited - Class A Ordinary Shares,,S,D
TGL,Treasure Global Inc. - Common Stock,,S,N
TGTX,"TG Therapeutics, Inc. - Common Stock",,S,N
TH,Target Hospitality Corp. - Common Stock,,S,N
THCH,TH International Limited - Ordinary shares,,S,N
THEO,BOA Acquisition Corp. II - Class A Ordinary Shares,,G,N
THFF,First Financial Corporation  - Common Stock,,Q,N
THH,TryHard Holdings Limited - Ordinary Shares,,S,N
THRM,Gentherm Inc - Common Stock,,Q,N
THRY,"Thryv Holdings, Inc. - Common Stock",,S,N
TIGO,Millicom International Cellular S.A. - Common Stock,,Q,N
TIGR,UP Fintech Holding Limited - American Depositary Shares representing fifteen Class A Ordinary Shares,,Q,N
TIL,"Instil Bio, Inc. - Common Stock",,S,N
TILE,"Interface, Inc. - Common Stock",,Q,N
TIPT,Tiptree Inc. - Common Stock,,S,N
TITN,Titan Machinery Inc. - Common Stock,,Q,N
TJGC,TJGC Group Limited - Class A Ordinary Shares,,S,N
TKLF,"Tokyo Lifestyle Co., Ltd. - American Depositary Shares",,S,N
TKNO,"Alpha Teknova, Inc. - Common Stock",,G,N
TLAC,Three Lions Acquisition Corp. - Ordinary Shares,,G,N
TLF,"Tandy Leather Factory, Inc. - common stock",,S,N
TLIH,Ten-League International Holdings Limited - Ordinary Shares,,S,N
TLN,Talen Energy Corporation - Common Stock,,Q,N
TLNC,Talon Capital Corp. - Class A Ordinary Shares,,G,N
TLPH,"Talphera, Inc. - Common Stock",,S,N
TLRY,"Tilray Brands, Inc. - Common Stock",,Q,N
TLS,Telos Corporation - Common Stock,,G,N
TLSA,Tiziana Life Sciences Ltd - Common Shares,,S,N
TLSI,"TriSalus Life Sciences, Inc. - Common Stock",,G,N
TLX,Telix Pharmaceuticals Limited - American Depositary Shares,,Q,N
TMC,TMC the metals company Inc. - Common Stock,,Q,N
TMCI,"Treace Medical Concepts, Inc. - Common Stock",,Q,N
TMCR,The Metals Royalty Company Inc. - Common Stock,,S,N
TMDX,"TransMedics Group, Inc. - Common Stock",,G,N
TMS,Teamshares Inc. - Common Stock,,S,N
TMTS,Spartacus Acquisition Corp. II - Class A Ordinary Shares,,G,N
TMUS,"T-Mobile US, Inc. - Common Stock",,Q,N
TNDM,"Tandem Diabetes Care, Inc. - Common Stock",,G,N
TNGX,"Tango Therapeutics, Inc. - Common Stock",,G,N
TNMG,TNL Mediagene - Ordinary Shares,,S,D
TNON,"Tenon Medical, Inc. - Common Stock",,S,N
TNXP,Tonix Pharmaceuticals Holding Corp. - Common Stock,,Q,N
TNYA,"Tenaya Therapeutics, Inc. - Common Stock",,S,D
TOMZ,"TOMI Environmental Solutions, Inc. - Common Stock",,S,D
TONX,TON Strategy Company - Common Stock,,S,N
TOP,TOP Financial Group Limited - Class A Ordinary Shares,,S,N
TORO,Toro Corp. - Common Shares,,S,N
TOUR,Tuniu Corporation - American Depositary Shares,,S,N
TOWN,Towne Bank - Common Stock,,Q,N
TOYO,"TOYO Co., Ltd - Ordinary Shares",,S,N
TPCS,TechPrecision Corporation - Common stock,,S,N
TPG,TPG Inc. - Class A Common Stock,,Q,N
TPST,"Tempest Therapeutics, Inc. - Common Stock",,S,D
TRAW,"Traws Pharma, Inc. - Common Stock",,S,D
TRAX,"First Tracks Biotherapeutics, Inc. - Ordinary Shares",,Q,N
TRBG,TurboGen Ltd. - Ordinary Shares,,S,N
TRDA,"Entrada Therapeutics, Inc. - Common Stock",,G,N
TREE,"LendingTree, Inc. - Common Stock",,Q,N
TREO,Tactical Resources Corp. - Common Shares,,S,N
TRGS,TRG Latin America Acquisitions Corp. - Class A Ordinary Shares,,G,N
TRI,Thomson Reuters Corp - Common Shares,,Q,N
TRIB,Trinity Biotech plc - American Depositary Shares,,Q,D
TRIP,"TripAdvisor, Inc. - Common Stock",,Q,N
TRMB,Trimble Inc. - Common Stock,,Q,N
TRMD,TORM plc - Class A Common Stock,,Q,N
TRMK,Trustmark Corporation - Common Stock,,Q,N
TRNR,Interactive Strength Inc. - Common Stock,,S,N
TRNS,"Transcat, Inc. - Common Stock",,G,N
TRON,Tron Inc. - Common Stock,,S,N
TROO,"TROOPS, Inc.  - Ordinary Shares",,S,N
TROW,"T. Rowe Price Group, Inc. - Common Stock",,Q,N
TRS,TriMas Corporation - Common Stock,,Q,N
TRSG,Tungray Technologies Inc - Class A Ordinary Shares,,S,N
TRST,TrustCo Bank Corp NY - Common Stock,,Q,N
TRT,Trio-Tech International - Common Stock,,G,N
TRUG,"TruGolf Holdings, Inc. - Class A Common Stock",,S,D
TRUP,"Trupanion, Inc. - Common Stock",,G,N
TRVG,trivago N.V. - American Depositary Shares,,Q,N
TRVI,"Trevi Therapeutics, Inc. - Common Stock",,G,N
TRXB,"TRex Bio, Inc. - Common stock",,Q,N
TSAT,Telesat Corporation - Class A Common Shares and Class B Variable Voting Shares,,Q,N
TSBK,"Timberland Bancorp, Inc. - Common Stock",,G,N
TSCO,Tractor Supply Company - Common Stock,,Q,N
TSEM,Tower Semiconductor Ltd. - Ordinary Shares,,Q,N
TSHA,"Taysha Gene Therapies, Inc. - Common Stock",,Q,N
TSLA,"Tesla, Inc.  - Common Stock",,Q,N
TSSI,"TSS, Inc. - Common Stock",,S,N
TTAN,"ServiceTitan, Inc. - Class A Common Stock",,Q,N
TTD,"The Trade Desk, Inc. - Class A Common Stock",,G,N
TTEC,"TTEC Holdings, Inc. - Common Stock",,Q,N
TTEK,"Tetra Tech, Inc. - Common Stock",,Q,N
TTGT,"TechTarget, Inc. - Common Stock",,Q,N
TTMI,"TTM Technologies, Inc. - Common Stock",,Q,N
TTRX,Turn Therapeutics Inc. - Common Stock,,G,N
TTWO,"Take-Two Interactive Software, Inc. - Common Stock",,Q,N
TULP,"Bloomia Holdings, Inc. - Common Stock",,S,N
TURB,"Turbo Energy, S.A. - American Depositary Shares",,S,N
TUSK,"Mammoth Energy Services, Inc. - Common Stock",,Q,N
TVA,Texas Ventures Acquisition III Corp - Class A Ordinary Share,,G,N
TVAI,Thayer Ventures Acquisition Corporation II - Class A Ordinary Shares,,G,N
TVGN,Tevogen Inc. - Common Stock,,G,N
TVIV,Texas Ventures Acquisition IV Corp - Class A Ordinary Shares,,G,N
TVRD,"Tvardi Therapeutics, Inc. - Common Stock",,S,N
TVTX,"Travere Therapeutics, Inc. - Common Stock",,G,N
TW,Tradeweb Markets Inc. - Class A Common Stock,,Q,N
TWAV,"TaoWeave, Inc. - Common Stock",,S,N
TWFG,"TWFG, Inc. - Common Stock",,Q,N
TWG,Top Wealth Group Holding Limited - Class A Ordinary Shares,,S,N
TWIN,"Twin Disc, Incorporated - Common Stock",,Q,N
TWLV,Twelve Seas Investment Company III - Class A Ordinary Shares,,G,N
TWST,Twist Bioscience Corporation - Common Stock,,Q,N
TXG,"10x Genomics, Inc. - Common Stock",,Q,N
TXMD,"TherapeuticsMD, Inc. - Common Stock",,Q,N
TXN,Texas Instruments Incorporated - Common Stock,,Q,N
TXRH,"Texas Roadhouse, Inc. - Common Stock",,Q,N
TYGO,"Tigo Energy, Inc. - Common Stock",,S,N
TYRA,"Tyra Biosciences, Inc. - Common Stock",,Q,N
TZOO,Travelzoo - Common Stock,,Q,N
UAL,"United Airlines Holdings, Inc. - Common Stock",,Q,N
UBCP,"United Bancorp, Inc. - Common Stock",,S,N
UBSI,"United Bankshares, Inc. - Common Stock",,Q,N
UCAR,U Power Limited - Class A Ordinary Shares,,S,N
UCFI,CN Healthy Food Tech Group Corp. - Common Stock,,S,D
UCL,uCloudlink Group Inc. - American Depositary Shares,,G,D
UCTT,"Ultra Clean Holdings, Inc. - Common Stock",,Q,N
UEIC,Universal Electronics Inc. - Common Stock,,Q,N
UFCS,"United Fire Group, Inc - Common Stock",,Q,N
UFG,Uni-Fuels Holdings Limited - Class A Ordinary Shares,,S,D
UFPI,"UFP Industries, Inc. - Common Stock",,Q,N
UFPT,"UFP Technologies, Inc. - Common Stock",,S,N
UG,"United-Guardian, Inc. - Common Stock",,G,N
UK,Ucommune International Ltd  - Class A Ordinary Shares,,S,N
ULBI,Ultralife Corporation - Common Stock,,G,N
ULCC,"Frontier Group Holdings, Inc. - Common Stock",,Q,N
ULH,"Universal Logistics Holdings, Inc. - Common Stock",,Q,N
ULTA,"Ulta Beauty, Inc. - Common Stock",,Q,N
UMBF,UMB Financial Corporation - Common Stock,,Q,N
UNB,"Union Bankshares, Inc. - Common Stock",,G,N
UNCY,"Unicycive Therapeutics, Inc. - Common Stock",,S,N
UNIT,Uniti Group Inc. - Common Stock,,Q,N
UNTY,"Unity Bancorp, Inc. - Common Stock",,G,N
UONE,"Urban One, Inc.  - Class A Common Stock",,S,N
UONEK,"Urban One, Inc.  - Class D Common Stock",,S,N
UPB,"Upstream Bio, Inc. - Common Stock",,Q,N
UPBD,"Upbound Group, Inc. - Common Stock",,Q,N
UPC,Universe Pharmaceuticals Inc - Class A Ordinary Shares,,S,N
UPLD,"Upland Software, Inc. - Common Stock",,G,D
UPST,"Upstart Holdings, Inc. - Common stock",,Q,N
UPWK,Upwork Inc. - Common Stock,,Q,N
UPXI,"Upexi, Inc. - Common Stock",,S,D
URBN,"Urban Outfitters, Inc. - Common Stock",,Q,N
URGN,UroGen Pharma Ltd. - Ordinary Shares,,G,N
UROY,Uranium Royalty Corp. - Common Stock,,S,N
USAR,"USA Rare Earth, Inc. - Common Stock",,G,N
USAU,U.S. Gold Corp. - Common Stock,,S,N
USCB,"USCB Financial Holdings, Inc.  - Class A Common Stock",,G,N
USDE,StablecoinX Inc. - Class A Common Stock,,S,N
USEA,United Maritime Corporation - Common Stock,,S,N
USGO,U.S. GoldMining Inc. - Common stock,,S,D
USIO,"Usio, Inc. - Common Stock",,G,N
USLM,"United States Lime & Minerals, Inc. - Common Stock",,Q,N
UTHR,United Therapeutics Corporation - Common Stock,,Q,N
UTMD,"Utah Medical Products, Inc. - Common Stock",,Q,N
UTSI,UTStarcom Holdings Corp - Ordinary Shares,,Q,N
UVSP,Univest Financial Corporation - Common Stock,,Q,N
UXIN,Uxin Limited - American Depositary Shares,,Q,N
UYSC,UY Scuti Acquisition Corp. - Ordinary Shares,,S,N
UZX,Linkage Global Inc - Class A Ordinary Shares,,S,D
VABK,Virginia National Bankshares Corporation - Common Stock,,S,N
VAI,Valor Energy Incorporated - Common Stock,,S,D
VALN,Valneva SE - American Depositary Shares,,Q,N
VALU,"Value Line, Inc. - Common Stock",,S,N
VANI,"Vivani Medical, Inc.  - Common Stock",,S,N
VBIO,"Valion Bio, Inc. - Common stock",,S,N
VBNK,VersaBank - Common Shares,,Q,N
VC,Visteon Corporation - Common Stock,,Q,N
VCEL,Vericel Corporation - Common Stock,,G,N
VCIG,VCI Global Limited - Ordinary Share,,S,N
VCRE,Vicore Pharma Holding AB - American Depositary Shares,,S,N
VCTR,"Victory Capital Holdings, Inc. - Common Stock",,Q,N
VCYT,"Veracyte, Inc. - Common Stock",,G,N
VECO,Veeco Instruments Inc. - Common Stock,,Q,N
VEEA,Veea Inc. - Common Stock,,S,D
VEEE,Twin Vee PowerCats Co. - Common Stock,,S,N
VELO,"Velo3D, Inc. - Common stock",,S,N
VEON,VEON Ltd. - American Depositary Shares,,Q,N
VERA,"Vera Therapeutics, Inc. - Class A Common Stock",,G,N
VERI,"Veritone, Inc. - Common Stock",,G,N
VERU,Veru Inc. - Common Stock,,S,N
VERX,"Vertex, Inc. - Class A Common Stock",,G,N
VFF,"Village Farms International, Inc. - Common Shares",,S,N
VFS,VinFast Auto Ltd. - Ordinary Shares,,Q,N
VGAS,"Verde Clean Fuels, Inc. - Class A Common Stock",,S,N
VHC,VirnetX Holding Corp - Common Stock,,S,N
VHCP,Vine Hill Capital Investment Corp. II - Class A Ordinary Shares,,G,N
VHUB,"VenHub Global, Inc. - Common Stock",,G,D
VIAV,Viavi Solutions Inc. - Common Stock,,Q,N
VICR,Vicor Corporation - Common Stock,,Q,N
VINP,Vinci Compass Investments Ltd. - Class A Common Shares,,Q,N
VIOT,"Viomi Technology Co., Ltd - American Depositary Shares",,Q,N
VIP,Vulcan Infrastructure and Power Inc. - Class A Common Stock,,Q,D
VIR,"Vir Biotechnology, Inc. - Common Stock",,Q,N
VIRC,Virco Manufacturing Corporation - Common Stock,,G,N
VISN,"Vistance Networks, Inc.  - Common Stock",,Q,N
VITL,"Vital Farms, Inc. - Common Stock",,G,N
VIVK,"Vivakor, Inc. - Common Stock",,S,N
VIVO,VivoPower PLC - Class A Ordinary Shares,,S,N
VIVS,"VivoSim Labs, Inc. - Common Stock",,S,D
VKTX,"Viking Therapeutics, Inc. - Common Stock",,S,N
VLGEA,"Village Super Market, Inc. - Class A Common Stock",,Q,N
VLOS,Velos Acquisition I Corp. - Class A Ordinary shares,,G,N
VLY,Valley National Bancorp - Common Stock,,Q,N
VMAR,Vision Marine Technologies Inc. - Common Shares,,S,N
VMD,"Viemed Healthcare, Inc. - Common Shares",,S,N
VMET,Versamet Royalties Corporation - Common Stock,,S,N
VNCE,Vince Holding Corp. - Common Stock,,S,N
VNDA,Vanda Pharmaceuticals Inc. - Common Stock,,G,N
VNET,"VNET Group, Inc. - American Depositary Shares",,Q,N
VNME,Vendome Acquisition Corporation I - Class A Ordinary Shares,,G,N
VNOM,"Viper Energy, Inc.  - Class A Common Stock",,Q,N
VOD,Vodafone Group Plc - American Depositary Shares each representing ten Ordinary Shares,,Q,N
VOGX,Vogenx Inc - Common Stock,,S,N
VOR,Vor Biopharma Inc. - Common Stock,,Q,N
VOXR,Vox Royalty Corp. - common stock,,S,N
VRA,"Vera Bradley, Inc. - Common Stock",,Q,N
VRAX,Virax Biolabs Group Limited - Ordinary Shares,,S,N
VRCA,Verrica Pharmaceuticals Inc. - Common Stock,,S,N
VRDN,"Viridian Therapeutics, Inc.  - Common Stock",,S,N
VREX,Varex Imaging Corporation - Common Stock,,Q,N
VRM,"Vroom, Inc. - Common Stock",,G,N
VRNS,"Varonis Systems, Inc. - Common Stock",,Q,N
VRRM,Verra Mobility Corporation - Class A Common Stock,,S,N
VRSK,"Verisk Analytics, Inc. - Common Stock",,Q,N
VRSN,"VeriSign, Inc. - Common Stock",,Q,N
VRTX,Vertex Pharmaceuticals Incorporated - Common Stock,,Q,N
VRXA,Veraxa Biotech AG - Ordinary Shares,,G,N
VS,Versus Systems Inc. - Common Stock,,S,N
VSA,VisionSys AI Inc. - American Depositary Shares,,S,N
VSAT,"ViaSat, Inc. - Common Stock",,Q,N
VSEC,VSE Corporation - Common Stock,,Q,N
VSME,VS Media Holdings Limited - Class A Ordinary Shares,,S,N
VSNT,"Versant Media Group, Inc. - Class A Common Stock",,Q,N
VSTM,"Verastem, Inc. - Common Stock",,S,N
VTGN,"Vistagen Therapeutics, Inc. - Common Stock",,S,D
VTIX,Virtuix Holdings Inc. - Class A Common Stock,,G,D
VTRS,Viatris Inc. - Common Stock,,Q,N
VTSI,"VirTra, Inc. - Common Stock",,S,N
VTVT,vTv Therapeutics Inc. - Class A Common Stock,,S,N
VUZI,Vuzix Corporation  - Common Stock,,S,N
VVOS,"Vivos Therapeutics, Inc. - Common Stock",,S,D
VWAV,"VisionWave Holdings, Inc. - Common Stock",,G,N
VYGR,"Voyager Therapeutics, Inc. - Common Stock",,Q,N
WABC,Westamerica Bancorporation - Common Stock,,Q,N
WAFD,"WaFd, Inc. - Common Stock",,Q,N
WAFDP,"WaFd, Inc. - Depositary Shares",,Q,N
WAFU,Wah Fu Education Group Limited - Ordinary Shares,,S,N
WASH,"Washington Trust Bancorp, Inc. - Common Stock",,Q,N
WATR,Air Water Ventures Limited - Ordinary Shares,,G,N
WATT,Energous Corporation - Common Stock,,S,N
WAVE,Eco Wave Power Global AB (publ) - American Depositary Shares,,S,N
WAY,Waystar Holding Corp. - Common Stock,,Q,N
WB,Weibo Corporation - American Depositary Shares,,Q,N
WBTN,WEBTOON Entertainment Inc. - Common stock,,Q,N
WBUY,WEBUY GLOBAL LTD. - Class A Ordinary Shares,,S,D
WCCB,West Coast Community Bancorp - Common Stock,,S,N
WCT,Wellchange Holdings Company Limited - Class A Ordinary shares,,S,N
WDAY,"Workday, Inc. - Class A Common Stock",,Q,N
WDC,Western Digital Corporation - Common Stock,,Q,N
WDFC,WD-40 Company - Common Stock,,Q,N
WEN,Wendy's Company (The) - Common Stock,,Q,N
WENN,Wen Acquisition Corp - Class A Ordinary Shares,,G,N
WERN,"Werner Enterprises, Inc. - Common Stock",,Q,N
WEST,Westrock Coffee Company - Common Stock,,G,N
WETH,Wetouch Technology Inc. - Common Stock,,S,N
WETO,Wetour Robotics Limited - Ordinary Shares,,S,N
WEYS,"Weyco Group, Inc. - Common Stock",,Q,N
WFCF,"Where Food Comes From, Inc. - Common Stock",,S,N
WFF,WF Holding Limited - Ordinary Shares,,S,N
WFRD,Weatherford International plc - Ordinary shares,,Q,N
WGS,GeneDx Holdings Corp. - Class A Common Stock,,Q,N
WHF,"WhiteHorse Finance, Inc. - Closed End Fund",,Q,N
WHLR,"Wheeler Real Estate Investment Trust, Inc. - Common Stock",,S,N
WHWK,"Whitehawk Therapeutics, Inc. - Common Stock",,S,N
WIMI,WiMi Hologram Cloud Inc. - Class B Ordinary Shares,,G,N
WINA,Winmark Corporation - Common Stock,,G,N
WING,Wingstop Inc. - Common Stock,,Q,N
WIX,Wix.com Ltd. - Ordinary Shares,,Q,N
WKHS,"Workhorse Group, Inc. - Common Stock",,S,N
WKSP,"Worksport, Ltd. - Common Stock",,S,D
WLCO,Wilco 63 Corporation - Class A Ordinary Shares,,G,N
WLDN,"Willdan Group, Inc. - Common Stock",,G,N
WLDS,Wearable Devices Ltd. - Ordinary Share,,S,N
WLFC,Willis Lease Finance Corporation - Common Stock,,G,N
WLII,Willow Lane Acquisition Corp. II - Class A Ordinary Shares,,G,N
WLTH,Wealthfront Corporation - Common Stock,,Q,N
WMG,Warner Music Group Corp. - Class A Common Stock,,Q,N
WMT,Walmart Inc. - Common Stock,,Q,N
WNEB,"Western New England Bancorp, Inc. - Common Stock",,Q,N
WNW,Meiwu Technology Company Limited - Ordinary Shares,,S,N
WOK,WORK Medical Technology Group LTD - Class A Ordinary Shares,,S,N
WOOF,"Petco Health and Wellness Company, Inc. - Class A Common Stock",,Q,N
WORX,SCWorx Corp. - Common Stock,,S,N
WPRT,Westport Fuel Systems Inc - Common Shares,,Q,N
WQEY,WISeQey Corp - Ordinary Shares,,G,N
WRAP,"Wrap Technologies, Inc. - Common Stock",,S,N
WRD,WeRide Inc. - American Depositary Shares,,G,N
WRLD,World Acceptance Corporation - Common Stock,,Q,N
WSBC,"WesBanco, Inc. - Common Stock",,Q,N
WSBF,"Waterstone Financial, Inc. - Common Stock",,Q,N
WSBK,"Winchester Bancorp, Inc. - Common Stock",,S,N
WSC,WillScot Holdings Corporation - Class A Common Stock,,S,N
WSE,Wise Group plc - Class A Ordinary Shares,,Q,N
WSFS,WSFS Financial Corporation - Common Stock,,Q,N
WSHP,WeShop Holdings Limited - Class A Ordinary Shares,,S,N
WSTN,Westin Acquisition Corp - Class A Ordinary Share,,S,N
WTBA,West Bancorporation - Common Stock,,Q,N
WTF,Waton Financial Limited - Ordinary Shares,,S,N
WTFC,Wintrust Financial Corporation - Common Stock,,Q,N
WTG,Wintergreen Acquisition Corp. - Ordinary Shares,,S,N
WTW,Willis Towers Watson Public Limited Company - Ordinary Shares,,Q,N
WULF,TeraWulf Inc. - Common Stock,,S,N
WVE,"Wave Life Sciences, Inc. - Common Stock",,G,N
WVVI,"Willamette Valley Vineyards, Inc. - Common Stock",,S,N
WW,"WW International, Inc.  - Common Stock",,G,N
WWD,"Woodward, Inc. - Common Stock",,Q,N
WXM,WF International Limited - Ordinary Shares,,S,N
WYFI,"WhiteFiber, Inc. - Ordinary Shares",,S,N
WYHG,Wing Yip Food Holdings Group Limited - American Depositary Shares,,S,N
WYNN,"Wynn Resorts, Limited - Common Stock",,Q,N
XAIR,"Beyond Air, Inc. - Common Stock",,S,N
XBIO,"Xenetic Biosciences, Inc. - Common Stock",,S,N
XBIT,XBiotech Inc. - Common Stock,,Q,N
XBP,"XBP Global Holdings, Inc. - Common Stock",,S,N
XCBE,X3 Acquisition Corp. Ltd. - Class A Ordinary Shares,,G,N
XCH,XCHG Limited - ADS,,G,N
XCUR,"Exicure, Inc. - Common Stock",,S,D
XE,"X-Energy, Inc. - Class A Common Stock",,Q,N
XEL,Xcel Energy Inc. - Common Stock,,Q,N
XELB,"Xcel Brands, Inc - Common Stock",,S,D
XENE,Xenon Pharmaceuticals Inc. - Common Shares,,G,N
XERS,"Xeris Biopharma Holdings, Inc. - Common Stock",,Q,N
XFOR,"X4 Pharmaceuticals, Inc. - Common Stock",,S,N
XGN,Exagen Inc. - Common Stock,,G,N
XHG,XChange TEC.INC - American Depositary Shares,,S,N
XHLD,"TEN Holdings, Inc. - Common Stock",,S,N
XIII,Churchill Capital Corp XIII - Class A Ordinary Shares,,G,N
XLAB,Exascale Labs Holdings Inc. - Class A Common Stock,,G,N
XLO,"Xilio Therapeutics, Inc. - Common Stock",,S,N
XMAX,"XMAX, Inc. - Common Stock",,S,D
XMTR,"Xometry, Inc. - Class A Common Stock",,Q,N
XNCR,"Xencor, Inc. - Common Stock",,G,N
XNDU,Xanadu Quantum Technologies Limited - Class B Subordinate Voting Shares,,G,N
XNET,Xunlei Limited - American Depositary Shares,,Q,N
XOS,"Xos, Inc. - Common Stock",,S,N
XP,XP Inc. - Class A Common Stock,,Q,N
XPEL,"XPEL, Inc. - Common Stock",,S,N
XPON,"Expion Energy, Inc. - Common Stock",,S,N
XRAY,DENTSPLY SIRONA Inc. - Common Stock,,Q,N
XRPN,Armada Acquisition Corp. II - Class A Ordinary Shares,,G,N
XRTX,XORTX Therapeutics Inc. - Common Shares,,S,N
XRX,Xerox Holdings Corporation - Common Stock,,Q,N
XSLL,Xsolla SPAC 1 - Class A Ordinary Shares,,G,N
XTER,Karman Line Acquisition Corp. - Class A Ordinary Shares,,G,N
XTIA,"XTI Aerospace, Inc. Common Stock  - Common Stock",,S,E
XTLB,XTL Biopharmaceuticals Ltd. - American Depositary Shares,,S,N
XWEL,"XWELL, Inc. - Common Stock",,S,N
XXII,"22nd Century Group, Inc - Common Stock",,S,N
YAAS,Youxin Technology Ltd - Class A Ordinary shares,,S,N
YARW,"Yarrow Bioscience, Inc. - Common Stock",,S,N
YB,Yuanbao Inc. - American Depositary Shares,,G,N
YDDL,One and One Green Technologies. INC - Class A Ordinary Shares,,S,N
YDES,YD Bio Limited - Ordinary Shares,,G,N
YDKG,Yueda Digital Holding - Class A Ordinary Share,,S,N
YFOR,YYForce Inc. - Class A Ordinary Shares,,S,N
YHC,LQR House Inc. - Common Stock,,S,N
YHGJ,Yunhong Green CTI Ltd. - Common Stock,,S,N
YHNA,YHN Acquisition I Limited - Ordinary Shares,,G,D
YI,"111, Inc. - American Depositary Shares",,G,N
YIBO,Planet Image International Limited - Class A Ordinary Shares,,S,N
YICC,Yorkville International Capital Corp. - Class A Ordinary Shares,,G,N
YJ,Yunji Inc. - American Depository Shares,,S,N
YMAT,"J-Star Holding Co., Ltd. - Class A Ordinary Shares",,S,N
YMT,Yimutian Inc. - American Depositary Shares; each representing 25 Class A ordinary shares,,S,D
YORW,The York Water Company - Common Stock,,Q,N
YOUL,Youlife Group Inc. - American Depositary Shares,,S,D
YQ,17 Education & Technology Group Inc. - American Depositary Shares,,Q,N
YSWY,"Yesway, Inc. - Class A Common Stock",,Q,N
YSXT,"YSX Tech. Co., Ltd  - Class A Ordinary Shares",,S,N
YTRA,"Yatra Online, Inc. - Ordinary Shares",,S,N
YXT,YXT.COM GROUP HOLDING LIMITED - American Depository Shares,,G,N
YYAI,AiRWA Inc. - Common Stock,,S,N
Z,"Zillow Group, Inc. - Class C Capital Stock",,Q,N
ZBAO,Zhibao Technology Inc. - Class A Ordinary Shares,,S,D
ZBIO,"Zenas BioPharma, Inc. - Common Stock",,Q,N
ZBRA,Zebra Technologies Corporation - Class A Common Stock,,Q,N
ZCMD,Zhongchao Inc. - Class A Ordinary Shares,,S,N
ZD,"Ziff Davis, Inc. - Common Stock",,Q,N
ZDAI,"DirectBooking Technology Co., Ltd. - Class A Ordinary Shares",,S,N
ZENA,"ZenaTech, Inc. - Common Stock",,S,N
ZEO,Zeo Energy Corporation - Class A Common Stock,,S,D
ZG,"Zillow Group, Inc. - Class A Common Stock",,Q,N
ZION,Zions Bancorporation N.A. - Common Stock,,Q,N
ZJK,"ZJK Industrial Co., Ltd. - Class A Ordinary Shares",,S,N
ZJYL,JIN MEDICAL INTERNATIONAL LTD. - Class A Ordinary Shares,,S,N
ZKIN,"ZK International Group Co., Ltd - Ordinary Share",,S,N
ZKP,Lafayette Digital Acquisition Corp. I - Class A Ordinary Shares,,G,N
ZLAB,Zai Lab Limited - American Depositary Shares,,G,N
ZM,"Zoom Communications, Inc. - Class A Common Stock",,Q,N
ZNB,Zeta Network Group - Class A Ordinary Shares,,S,N
ZNTL,"Zentalis Pharmaceuticals, Inc. - common stock",,G,N
ZOOZ,ZOOZ Strategy Ltd. - Ordinary Shares,,S,N
ZS,"Zscaler, Inc. - Common Stock",,Q,N
ZSQR,Z Squared Inc. - Common Stock,,G,N
ZSTK,ZeroStack Corp. - Common Stock,,S,N
ZTG,Zenta Group Company Limited - Class A Ordinary Shares,,S,N
ZUMZ,Zumiez Inc. - Common Stock,,Q,N
ZURA,Zura Bio Limited - Class A Ordinary shares,,S,N
ZVRA,"Zevra Therapeutics, Inc.  - Common Stock",,Q,N
ZYBT,Zhengye Biotechnology Holding Limited - Class A Ordinary Shares,,S,N
ZYME,Zymeworks Inc. - Common Stock,,Q,N
