cik,sembol,sirket,fiyat,islem_hacmi,yatirilabilir,potansiyel,vade,risk,risk_yuzdelik,puan_1h,puan_1a,puan_3a,puan_6a,puan_1y,yol1,yol2,yol3,yol4,piyasa
1821175,MSGM,Motorsport Games Inc.,5.16,208172.5,False,100.0,3a,1.0,22.62,95.63,99.88,100.0,100.0,99.94,92.54,50.79,97.44,50.19,99.79
1867949,REFI,"Chicago Atlantic Real Estate Finance, Inc.",9.42,1794437.32,True,100.0,1h,1.0,18.81,100.0,100.0,99.91,99.82,99.73,99.82,50.67,95.3,87.9,72.45
2032779,EHLD,Euroholdings Ltd.,12.22,34386.0,False,100.0,1y,2.0,38.66,95.96,99.82,99.97,99.97,100.0,99.82,50.43,34.77,85.85,99.94
1119774,CGEN,Compugen Ltd.,2.13,482542.98,False,99.97,1h,2.0,41.66,99.97,99.85,98.99,98.04,98.13,100.0,3.66,39.94,74.41,90.55
1127371,CWBC,Community West Bancshares,25.71,5087778.97,True,99.97,1y,1.0,1.04,99.52,99.94,99.94,99.94,99.97,79.52,50.43,100.0,51.53,98.37
1500375,HFBL,"Home Federal Bancorp, Inc. of Louisiana",24.16,12362.5,False,99.97,1a,1.0,22.91,99.88,99.97,99.88,99.79,99.47,97.47,50.67,91.38,14.03,95.25
2020795,UNIT,Uniti Group Inc.,6.87,19831450.23,True,99.94,1h,2.0,35.96,99.94,98.66,92.81,88.65,84.96,87.13,50.67,51.59,96.76,98.78
1751783,RBKB,"Rhinebeck Bancorp, Inc.",12.86,1326687.46,True,99.91,1a,1.0,6.84,99.73,99.91,99.73,99.7,99.14,97.27,98.19,26.24,25.26,89.0
1051627,AXTI,AXT Inc,68.46,576884844.43,True,99.91,1h,3.0,57.18,99.91,97.15,83.92,75.54,72.39,91.8,16.23,87.19,92.99,100.0
1819253,BTMD,Biote Corp.,1.15,226303.5,False,99.91,6a,2.0,54.29,83.06,95.6,99.67,99.91,99.91,99.05,50.67,99.91,51.23,33.67
1031235,SELF,"Global Self Storage, Inc.",4.9,153265.5,False,99.88,6a,1.0,24.81,91.95,99.11,99.82,99.88,99.85,94.89,50.67,93.46,92.27,80.89
1735041,GTEC,Greenland Technologies Holding Corporation,0.77,131754.5,False,99.88,1y,4.0,82.97,98.4,98.78,99.38,99.73,99.88,99.76,50.43,29.39,98.13,61.81
1409375,OESX,"Orion Energy Systems, Inc.",25.83,1310326.01,True,99.85,1h,2.0,47.25,99.85,99.08,96.2,96.52,95.84,70.88,97.0,68.26,89.81,99.47
1302387,BVFL,"BV Financial, Inc.",21.24,283290.0,False,99.85,3a,1.0,23.45,97.15,99.76,99.85,99.85,99.82,99.05,50.79,98.07,79.29,84.64
50863,INTC,Intel Corporation,107.08,10290946020.55,True,99.82,1h,2.0,36.94,99.82,97.86,85.56,75.1,67.16,90.13,3.24,99.11,81.87,99.55
717806,FUSB,"First US Bancshares, Inc.",16.4,55011.0,False,99.79,3a,1.0,7.28,96.82,99.61,99.79,99.67,98.87,97.21,50.79,92.3,13.52,86.39
707605,ASRV,AmeriServ Financial Inc.,4.39,64848.0,False,99.79,1h,2.0,33.16,99.79,99.79,99.7,99.61,99.11,93.43,50.67,28.35,50.94,93.76
1481241,PSHG,Performance Shipping Inc.,1.66,61948.5,False,99.79,1y,2.0,34.65,92.15,97.77,98.87,99.08,99.79,99.79,50.43,53.58,86.51,72.39
754811,GROW,"U.S. Global Investors, Inc.",2.91,36584.5,False,99.76,1y,2.0,53.55,84.34,96.11,99.26,99.64,99.76,92.36,50.43,92.93,33.88,94.77
1805651,MKTW,"MarketWise, Inc.",19.76,242723.99,False,99.76,3a,1.0,19.82,98.81,99.64,99.76,99.41,98.57,99.94,50.79,39.44,22.14,85.91
1606366,LOCO,"El Pollo Loco Holdings, Inc.",15.22,3139231.96,True,99.76,6a,1.0,19.85,87.93,98.25,99.47,99.76,99.49,93.49,100.0,13.28,77.95,95.84
1166928,WTBA,West Bancorporation,28.37,1442300.0,True,99.76,1h,1.0,10.94,99.76,99.7,99.14,97.59,95.69,96.55,50.67,31.65,18.42,93.67
1901637,USCB,"USCB Financial Holdings, Inc. ",22.04,1097609.01,True,99.73,1a,1.0,4.9,99.58,99.73,99.61,99.11,99.2,97.95,50.67,96.79,50.04,84.93
1849867,CLST,"Catalyst Bancorp, Inc.",16.8,35577.0,False,99.7,1y,1.0,29.87,85.2,96.52,99.2,99.47,99.7,88.08,50.43,88.02,51.53,96.79
1823608,AMAL,Amalgamated Financial Corp.,46.58,8507212.16,True,99.7,1h,1.0,5.82,99.7,99.58,98.63,97.38,95.51,98.51,50.67,69.21,50.94,93.82
909724,TLF,"Tandy Leather Factory, Inc.",2.49,23452.5,False,99.67,1y,1.0,29.48,78.22,91.35,97.83,99.38,99.67,88.05,85.17,94.92,75.16,95.63
906465,QCRH,"QCR Holdings, Inc.",97.21,10972152.11,True,99.67,1h,1.0,2.17,99.67,99.44,97.86,94.8,93.67,98.87,50.67,37.41,3.6,90.91
1754226,OBT,"Orange County Bancorp, Inc.",36.93,1999783.48,True,99.67,1a,1.0,6.54,99.41,99.67,99.64,99.55,98.78,99.23,50.67,77.06,71.47,90.07
1126328,PFG,Principal Financial Group Inc,107.24,142283842.66,True,99.64,1h,1.0,1.07,99.64,98.6,93.43,89.0,87.61,99.23,87.88,76.23,6.21,92.87
65596,SIEB,Siebert Financial Corp.,2.26,51860.0,False,99.64,1y,2.0,45.26,83.48,95.51,98.9,99.58,99.64,99.55,50.43,87.16,30.94,63.33
1684425,PETZ,"TDH Holdings, Inc.",1.26,13366.0,False,99.61,1y,3.0,56.46,98.51,99.26,99.29,99.02,99.61,64.7,50.43,99.17,51.53,95.93
1275168,FSBC,Five Star Bancorp,42.48,6929541.37,True,99.61,1h,1.0,10.01,99.61,99.32,98.45,96.49,95.66,96.82,50.67,98.19,50.94,89.48
1318008,ZUMZ,Zumiez Inc.,14.48,3804236.97,True,99.58,1y,2.0,34.38,72.54,92.07,98.6,99.52,99.58,96.58,86.42,99.97,7.49,50.1
1514991,AMCX,AMC Global Media Inc.,10.81,6523618.59,True,99.58,3a,1.0,19.29,99.47,99.41,99.58,98.75,98.48,90.4,50.79,91.2,50.19,88.53
1328919,GASS,"StealthGas, Inc.",9.22,897109.01,False,99.55,1y,1.0,20.42,97.44,98.45,98.81,99.29,99.55,89.3,50.43,71.03,99.97,88.77
1712184,LILAK,Liberty Latin America Ltd.,8.12,9944069.95,True,99.55,1h,1.0,28.89,99.55,98.96,97.56,96.37,94.03,86.33,99.05,95.1,96.08,93.79
1275101,BOTJ,"Bank of the James Financial Group, Inc.",26.94,937216.02,False,99.55,1a,1.0,5.14,97.89,99.55,99.41,99.23,98.51,99.61,50.67,65.88,50.04,91.77
1093672,PEBK,"Peoples Bancorp of North Carolina, Inc.",43.78,1020511.52,True,99.55,3a,1.0,6.27,97.27,99.49,99.55,99.32,98.72,98.34,50.79,84.75,50.19,90.37
1478454,EBMT,"Eagle Bancorp Montana, Inc.",20.61,690741.98,False,99.52,1a,1.0,13.28,98.93,99.52,99.08,98.6,98.75,98.42,50.67,18.13,87.55,83.92
1723128,AMRX,"Amneal Pharmaceuticals, Inc.",19.91,36636158.81,True,99.52,1y,1.0,6.39,91.11,95.99,98.13,97.68,99.52,72.66,8.38,64.93,20.74,99.82
1569994,WSBF,"Waterstone Financial, Inc.",19.48,1327592.01,True,99.52,3a,1.0,4.96,98.48,99.47,99.52,98.69,97.53,97.59,50.79,86.98,3.36,86.36
1951276,SRBK,"SR Bancorp, Inc.",17.94,404035.5,False,99.49,3a,1.0,6.92,98.84,99.38,99.49,99.49,99.44,93.52,50.79,95.72,73.16,82.44
97210,TER,"Teradyne, Inc.",402.68,913655077.86,True,99.49,1h,1.0,19.38,99.49,93.79,78.45,65.97,56.91,88.11,99.47,66.18,27.73,99.58
889609,CPSS,"Consumer Portfolio Services, Inc.",9.38,203717.0,False,99.44,6a,1.0,14.03,85.53,96.32,99.02,99.44,99.35,96.11,50.67,92.1,19.2,83.8
1479681,NUTX,Nutex Health Inc.,206.29,27325296.49,True,99.44,1h,2.0,54.35,99.44,98.07,95.48,94.18,91.56,95.39,14.06,13.05,84.96,95.87
1130144,BSRR,Sierra Bancorp,38.9,2018189.0,True,99.44,3a,1.0,3.3,98.6,99.35,99.44,98.9,97.24,95.81,50.79,98.81,17.06,85.53
935419,RICK,"RCI Hospitality Holdings, Inc.",26.07,1134470.5,True,99.41,1y,3.0,73.37,95.25,98.69,98.96,99.05,99.41,94.77,10.07,98.45,51.53,67.34
37472,FLXS,"Flexsteel Industries, Inc.",85.17,4913075.59,True,99.38,1h,1.0,8.89,99.38,99.23,98.66,98.22,97.5,86.09,50.67,74.95,92.54,94.62
2031561,ALDF,Aldel Financial II Inc.,10.82,1609.5,False,99.38,1y,2.0,46.18,89.9,96.91,99.17,99.17,99.38,99.61,50.43,26.6,51.53,76.37
866729,SCHL,Scholastic Corporation,38.6,14075770.32,True,99.35,3a,1.0,10.82,83.98,97.06,99.35,99.2,97.09,94.86,99.08,98.96,76.94,77.44
1832332,AVAH,Aveanna Healthcare Holdings Inc.,12.25,30028769.38,True,99.35,1h,1.0,27.37,99.35,98.99,96.82,95.78,93.16,98.81,50.67,40.0,14.83,91.47
1641614,PMTS,CPI Card Group Inc.,25.54,2700379.04,True,99.35,6a,2.0,31.53,87.34,95.69,99.23,99.35,98.81,85.59,50.67,95.81,82.91,93.46
73124,NTRS,Northern Trust Corporation,168.21,181882763.63,True,99.32,1h,1.0,1.37,99.32,99.14,95.75,91.47,85.32,98.04,98.01,99.58,9.0,89.63
1948436,JL,J-Long Group Limited,4.67,31354.5,False,99.32,1y,2.0,36.82,74.41,89.51,96.55,98.45,99.32,92.93,50.43,53.58,51.53,82.85
1117297,QNST,"QuinStreet, Inc.",15.73,13702909.02,True,99.32,3a,2.0,32.07,88.77,97.53,99.32,99.26,98.69,99.23,93.43,84.73,5.68,78.57
1315399,PKBK,"Parke Bancorp, Inc.",32.19,1394035.55,True,99.29,1a,1.0,5.17,98.42,99.29,97.77,96.76,96.23,78.99,98.28,86.81,23.92,92.18
1698514,NESR,National Energy Services Reunited Corp,22.78,56553015.74,True,99.29,1h,2.0,48.77,99.29,95.96,88.53,84.73,83.03,89.27,86.45,82.76,20.45,98.9
1045742,LIVE,Live Ventures Incorporated,7.65,50860.5,False,99.29,1y,2.0,43.27,69.18,86.48,95.84,97.92,99.29,99.88,50.43,79.88,73.58,44.61
1941131,TORO,Toro Corp.,4.41,145909.0,False,99.26,1h,3.0,69.3,99.26,96.7,92.21,91.05,91.2,66.0,50.67,79.82,82.11,99.44
1133311,TZOO,Travelzoo,5.22,394403.99,False,99.26,1y,2.0,43.8,70.76,84.84,95.25,97.36,99.26,91.38,13.28,99.14,51.53,45.53
1005516,BOSC,B.O.S. Better Online Solutions,4.56,100432.0,False,99.23,1y,2.0,34.53,90.61,95.42,97.12,97.95,99.23,98.9,50.43,53.58,51.53,76.76
1514416,BAND,Bandwidth Inc.,53.27,49143783.59,True,99.23,1h,2.0,47.01,99.23,93.91,83.33,74.74,68.17,64.75,84.73,94.38,73.05,99.85
102212,UVSP,Univest Financial Corporation,40.9,8848470.68,True,99.2,1a,1.0,2.62,98.87,99.2,97.74,95.72,94.83,98.25,50.67,85.02,19.82,87.07
1177609,FIVE,"Five Below, Inc.",214.73,238383629.01,True,99.2,1h,1.0,12.48,99.2,97.83,94.21,88.17,85.47,91.38,90.82,72.3,50.94,93.34
718332,RAVE,"Rave Restaurant Group, Inc.",2.3,66073.0,False,99.17,1y,2.0,53.58,90.28,96.97,98.69,98.63,99.17,95.63,89.75,41.6,51.53,86.57
1750264,MAAS,Maase Inc.,12.29,1954509.02,True,99.17,1h,2.0,44.61,99.17,97.98,94.83,92.48,92.04,45.29,50.67,89.03,50.94,99.14
1132651,ATLO,Ames National Corporation,31.46,896916.99,False,99.17,1a,1.0,4.81,98.66,99.17,97.65,95.75,96.79,97.74,50.67,41.1,28.77,91.98
29002,DIOD,Diodes Incorporated,94.94,45656937.71,True,99.14,1h,2.0,40.24,99.14,94.56,86.81,81.34,83.27,91.65,4.55,39.76,94.26,97.95
1145255,HNNA,"Hennessy Advisors, Inc.",10.19,57737.0,False,99.14,6a,1.0,14.06,90.4,96.2,98.78,99.14,98.84,96.7,97.65,72.45,13.85,69.45
1114927,FNRN,First Northern Community Bancorp,16.05,1613943.49,True,99.11,1h,1.0,21.25,99.11,97.89,93.55,90.04,91.03,90.64,50.67,97.24,78.13,93.94
718413,CMTV,Community Bancorp. ,43.2,1171478.01,True,99.11,3a,1.0,26.15,88.44,97.41,99.11,98.48,98.6,98.9,85.82,28.59,70.76,96.61
1912847,USEA,United Maritime Corporation,2.54,205079.75,False,99.08,1y,2.0,33.11,95.39,97.59,98.25,97.98,99.08,60.68,50.43,83.06,95.36,99.38
1862935,CURR,Currenc Group Inc.,2.72,427969.51,False,99.08,1h,3.0,55.6,99.08,97.0,93.79,92.01,93.4,64.52,50.67,24.4,92.51,98.34
1750735,MRBK,Meridian Corporation,18.7,1460859.07,True,99.05,1a,1.0,17.92,96.76,99.05,99.05,98.99,98.16,99.17,50.67,68.77,50.04,83.12
1010470,PROV,"Provident Financial Holdings, Inc.",18.26,210786.0,False,99.05,1y,1.0,3.83,90.49,96.37,98.42,98.84,99.05,88.97,50.43,92.54,83.92,84.64
1000230,OCC,Optical Cable Corporation,15.8,2603099.46,True,99.05,1h,2.0,45.47,99.05,95.78,91.41,91.5,94.0,80.51,50.67,72.81,86.33,95.3
33488,ESCA,"Escalade, Incorporated",18.64,600411.51,False,99.02,1a,1.0,22.94,98.1,99.02,98.84,98.57,98.19,96.17,50.67,20.03,32.36,92.45
1876581,IMPP,Imperial Petroleum Inc.,5.44,1821801.97,True,99.02,1y,1.0,26.72,89.57,96.34,98.01,98.81,99.02,92.12,94.86,67.67,92.93,88.71
1120370,BWEN,"Broadwind, Inc.",3.87,1269262.55,False,99.02,1h,3.0,67.79,99.02,96.43,91.68,90.13,87.85,78.31,50.67,63.92,81.28,97.0
56868,PNRG,PrimeEnergy Resources Corporation,214.87,15390008.7,True,98.99,1y,2.0,53.28,76.97,91.65,96.79,98.31,98.99,87.37,50.43,90.82,91.95,92.21
1451809,SITM,SiTime Corporation,612.37,237614701.18,True,98.99,1h,2.0,40.36,98.99,90.28,68.23,51.62,42.32,81.9,87.37,88.2,71.2,99.67
39020,FEIM,"Frequency Electronics, Inc.",75.09,20979647.71,True,98.96,1h,2.0,41.6,98.96,93.43,82.97,78.96,74.41,85.5,89.96,14.71,94.89,99.32
716643,RGS,Regis Corporation,29.45,154627.5,False,98.96,6a,1.0,18.25,79.44,92.39,97.8,98.96,98.9,96.55,50.67,72.42,85.05,64.55
1080340,LOAN,"Manhattan Bridge Capital, Inc",3.43,99755.5,False,98.96,1y,2.0,34.86,96.08,98.16,98.22,98.72,98.96,92.21,50.43,94.26,51.53,52.45
1529628,SND,"Smart Sand, Inc.",5.28,1138271.03,True,98.93,1y,1.0,24.87,97.38,98.9,98.54,98.78,98.93,95.99,50.43,13.58,99.7,97.83
311094,WABC,Westamerica Bancorporation,58.66,9459801.01,True,98.93,1a,1.0,0.15,97.92,98.93,97.95,96.08,96.4,98.54,50.67,95.9,23.6,79.17
1098151,FDBC,"Fidelity D & D Bancorp, Inc.",54.73,436817.5,False,98.93,3a,1.0,8.26,96.37,98.75,98.93,98.54,98.1,98.72,50.79,69.99,50.19,81.37
1027838,TCMD,"Tactile Systems Technology, Inc.",22.44,6205982.38,True,98.93,6a,2.0,30.97,89.54,96.67,98.72,98.93,98.54,92.99,50.67,93.28,11.62,92.78
771266,KOPN,Kopin Corporation,4.46,14821126.1,False,98.9,1h,4.0,77.27,98.9,95.07,87.99,84.61,83.48,94.32,6.12,76.73,85.35,95.19
1367859,CZWI,"Citizens Community Bancorp, Inc.",21.1,873753.0,False,98.87,6a,1.0,10.04,96.4,98.84,98.4,98.87,98.07,96.05,50.67,85.59,51.23,88.53
1979330,NBBK,"NB Bancorp, Inc.",22.12,6092619.07,True,98.87,1a,1.0,13.31,98.07,98.87,97.5,96.7,95.27,88.74,50.67,99.47,2.44,80.89
1341170,ESEA,Euroseas Ltd.,71.24,2829557.6,True,98.81,1a,1.0,16.97,97.3,98.81,98.75,98.34,97.8,98.6,50.67,19.49,84.37,84.7
1092796,SWBI,"Smith & Wesson Brands, Inc.",13.98,6366194.95,True,98.78,1h,1.0,16.7,98.78,98.48,96.05,94.62,95.04,97.33,50.67,67.9,50.94,88.83
1541119,SFBC,"Sound Financial Bancorp, Inc.",42.46,179820.0,False,98.75,1h,1.0,21.55,98.75,98.51,97.47,97.44,96.97,94.23,50.67,18.25,50.94,80.8
1071236,RRBI,"Red River Bancshares, Inc.",100.27,6571262.52,True,98.72,1a,1.0,1.63,98.37,98.72,97.03,95.13,93.73,95.81,50.67,87.52,18.78,91.8
2083526,MWC,"Micware Co., Ltd.",1.45,262209.51,False,98.72,1h,3.0,70.1,98.72,97.38,95.19,94.41,95.93,96.26,50.67,51.59,90.55,76.64
1776111,MBX,"MBX Biosciences, Inc.",53.25,31266350.0,True,98.69,1h,2.0,54.47,98.69,94.18,86.18,78.01,67.96,74.83,50.67,72.9,68.68,99.26
1693577,MNSB,"MainStreet Bancshares, Inc.",24.92,691324.49,False,98.66,6a,1.0,3.21,90.94,96.64,98.04,98.66,97.98,96.88,50.67,87.96,33.4,86.39
849145,HGBL,Heritage Global Inc.,1.25,139067.5,False,98.66,1y,1.0,29.39,91.35,94.59,96.14,97.21,98.66,76.02,50.43,99.41,74.83,64.01
1039280,NTWK,NETSOL Technologies Inc.,5.93,72645.0,False,98.63,1y,1.0,28.5,81.01,87.85,94.06,97.0,98.63,91.89,50.43,80.71,92.36,61.4
1675644,FVCB,"FVCBankcorp, Inc.",17.37,1206685.97,True,98.63,1a,1.0,7.73,97.21,98.63,97.62,97.41,96.34,96.23,50.67,74.29,50.04,88.38
707549,LRCX,Lam Research Corporation,318.84,2651800670.65,True,98.63,1h,1.0,19.08,98.63,91.95,77.06,61.01,52.51,82.11,98.28,64.34,76.23,98.96
106040,WDC,Western Digital Corporation,397.28,3177699401.93,True,98.57,1h,2.0,42.23,98.57,93.05,85.08,73.91,65.79,90.46,1.28,90.58,85.29,97.8
1499422,RBB,RBB Bancorp,25.42,2718798.98,True,98.57,1a,1.0,4.34,97.95,98.57,96.43,96.14,95.39,93.64,50.67,85.44,25.82,89.57
101199,UFCS,"United Fire Group, Inc",55.14,7162053.41,True,98.57,3a,1.0,12.07,94.0,98.37,98.57,97.56,96.73,96.91,50.79,34.74,75.36,92.01
1047127,AMKR,"Amkor Technology, Inc.",49.12,213172463.97,True,98.54,1h,2.0,39.47,98.54,90.82,74.65,63.51,55.3,88.02,4.19,76.79,26.3,99.02
1163370,NRIM,Northrim BanCorp Inc,24.24,3471352.52,True,98.54,1a,1.0,25.29,96.02,98.54,98.31,97.33,95.48,97.59,50.67,79.47,13.73,78.69
1401667,PBYI,Puma Biotechnology Inc,10.29,2681053.58,True,98.51,6a,1.0,11.29,82.35,94.41,98.28,98.51,97.3,93.28,50.67,68.83,26.36,97.21
1084961,ECPG,Encore Capital Group Inc,99.77,29666002.1,True,98.51,3a,1.0,0.77,90.07,97.36,98.51,97.86,98.28,97.33,11.74,89.3,83.09,95.63
1423869,PCB,PCB Bancorp,27.73,977505.0,False,98.48,3a,1.0,5.94,95.51,97.8,98.48,98.28,97.36,99.11,50.79,74.0,18.28,84.73
1965473,CCG,Cheche Group Inc.,4.61,271302.01,False,98.45,1h,3.0,72.51,98.45,92.33,86.06,85.17,80.48,50.98,97.86,63.95,97.95,99.73
1360565,WFCF,"Where Food Comes From, Inc.",13.48,23909.5,False,98.45,1y,2.0,45.5,66.84,85.65,96.02,97.83,98.45,84.52,50.43,87.73,51.53,90.88
1979332,CPBI,"Central Plains Bancshares, Inc.",20.0,32017.5,False,98.42,6a,1.0,12.66,90.04,95.13,97.33,98.42,98.37,97.06,50.67,18.57,51.23,88.41
887733,CENTA,Central Garden & Pet Company,35.0,10336632.44,True,98.42,1y,1.0,6.42,88.32,95.9,97.59,97.89,98.42,99.08,50.43,94.38,51.53,68.95
1299969,CHCI,"Comstock Holding Companies, Inc.",18.71,564426.0,False,98.42,1a,1.0,27.25,94.41,98.42,97.92,98.13,98.01,99.08,50.67,92.01,93.11,82.29
1617242,KRNY,Kearny Financial,9.07,4669378.91,True,98.4,1a,1.0,11.03,97.47,98.4,96.94,95.19,92.93,88.02,50.67,94.98,50.04,89.39
1579157,VNCE,Vince Holding Corp.,11.09,634076.01,False,98.4,1y,2.0,39.64,82.53,93.76,97.3,98.25,98.4,92.15,50.43,32.9,84.1,98.84
1046050,TSBK,"Timberland Bancorp, Inc.",44.82,1301106.99,True,98.4,6a,1.0,22.82,96.05,98.28,98.19,98.4,97.0,94.38,50.67,73.02,84.75,89.63
1767837,RMBI,"Richmond Mutual Bancorporation, Inc.",15.32,883250.01,False,98.37,3a,1.0,13.16,92.48,97.71,98.37,98.1,98.25,97.12,50.79,94.62,13.97,76.4
1084048,ZD,"Ziff Davis, Inc.",56.52,29739594.03,True,98.37,6a,1.0,1.34,90.25,96.58,98.16,98.37,97.33,90.04,89.69,98.01,70.22,89.21
1505732,BWFG,"Bankwell Financial Group, Inc.",64.72,4267659.4,True,98.34,1a,1.0,9.63,97.5,98.34,97.27,94.65,89.78,93.02,50.67,24.04,31.89,91.2
1013488,BJRI,"BJ's Restaurants, Inc.",59.87,28139628.42,True,98.34,1h,1.0,16.49,98.34,98.04,96.23,94.74,94.12,73.37,85.29,98.69,50.94,94.41
1840502,TBLA,Taboola.com Ltd.,3.45,8825727.43,False,98.34,1y,2.0,39.88,78.42,91.92,96.32,96.79,98.34,96.61,84.78,98.25,51.53,75.63
1070296,FCAP,"First Capital, Inc.",62.7,991306.52,False,98.34,3a,1.0,10.79,93.88,98.31,98.34,98.07,97.03,99.88,50.79,15.04,18.13,88.77
706698,UTMD,"Utah Medical Products, Inc.",74.54,2204366.02,True,98.31,1y,1.0,3.48,82.29,91.53,96.17,97.12,98.31,95.39,50.43,87.99,72.48,77.47
775215,HBT,"HBT Financial, Inc.",34.95,4402137.05,True,98.31,1h,1.0,14.09,98.31,97.12,94.41,91.2,86.21,95.48,50.67,13.76,71.35,92.66
1113232,ACLS,"Axcelis Technologies, Inc.",134.71,43712258.38,True,98.28,1h,2.0,31.41,98.28,94.0,86.42,78.37,75.93,87.85,15.3,90.52,72.36,94.44
2023554,SNDK,Sandisk Corporation,1581.82,16922101126.32,True,98.25,1h,2.0,37.24,98.25,90.55,70.04,61.4,56.94,98.54,3.63,9.33,50.94,99.49
96536,TAYD,"Taylor Devices, Inc.",58.92,2129078.05,True,98.22,1y,2.0,31.11,70.01,84.28,94.15,96.82,98.22,94.65,50.43,15.93,99.64,95.01
1042729,MBWM,Mercantile Bank Corporation,57.78,6305895.97,True,98.22,1h,1.0,13.85,98.22,98.22,95.6,93.79,93.85,92.39,97.24,40.18,24.55,88.29
1446847,IRWD,"Ironwood Pharmaceuticals, Inc.",3.87,7084113.48,False,98.19,6a,2.0,41.9,80.68,93.16,97.36,98.19,97.56,86.75,14.12,68.38,10.1,98.6
1866816,OPTX,"Syntec Optics Holdings, Inc.",8.09,2148199.42,True,98.19,1h,3.0,69.93,98.19,94.09,85.77,80.03,78.93,68.97,50.67,96.34,68.77,99.29
1624322,BFST,"Business First Bancshares, Inc.",30.49,6455033.91,True,98.19,1a,1.0,2.88,96.2,98.19,96.67,95.66,94.38,99.55,50.67,22.26,69.51,81.49
2047235,WSBK,"Winchester Bancorp, Inc.",12.91,64825.0,False,98.16,6a,1.0,8.97,89.75,95.57,97.89,98.16,97.86,96.26,50.67,67.49,51.23,88.65
1012019,RUSHA,"Rush Enterprises, Inc.",44.52,30888227.92,True,98.16,1h,1.0,8.56,98.16,96.05,92.27,88.35,88.35,86.0,7.99,93.85,13.14,92.93
1780201,LVLU,"Lulu's Fashion Lounge Holdings, Inc.",12.05,398347.01,False,98.13,1h,4.0,79.88,98.13,97.68,96.49,96.02,96.08,42.26,50.67,30.1,50.94,97.5
719402,FXNC,First National Corporation,29.46,792069.5,False,98.13,1a,1.0,13.43,95.81,98.13,97.41,97.06,94.77,95.07,15.13,66.24,12.18,85.44
800457,DGICA,"Donegal Group, Inc.",18.23,1948649.0,True,98.1,3a,2.0,30.4,93.25,96.4,98.1,97.24,96.64,99.67,50.79,84.1,10.85,61.46
918965,SCSC,"ScanSource, Inc.",60.93,13337582.0,True,98.1,1a,1.0,20.45,96.55,98.1,96.73,95.07,94.74,95.69,50.67,96.52,10.76,82.82
1530249,FSBW,"FS Bancorp, Inc.",44.1,974246.99,False,98.07,3a,1.0,2.29,92.45,97.33,98.07,97.77,97.15,97.27,50.79,90.67,15.69,72.33
1140102,HQI,"HireQuest, Inc.",17.2,297540.0,False,98.04,1h,2.0,34.41,98.04,94.92,91.29,89.63,89.87,67.25,50.67,31.84,89.18,97.15
750558,QNBC,QNB Corp.,46.25,386562.5,False,98.04,1y,1.0,11.89,87.01,94.68,97.71,97.8,98.04,96.7,50.43,25.62,51.53,89.3
357301,TRST,TrustCo Bank Corp NY,53.59,7000866.04,True,98.01,1h,1.0,3.15,98.01,97.3,94.53,92.81,93.28,81.84,9.96,91.83,50.94,93.25
1041368,RVSB,Riverview Bancorp Inc,5.97,321457.49,False,98.01,6a,1.0,25.53,89.87,95.87,97.98,98.01,96.94,84.84,50.67,99.47,87.9,70.55
350852,CTBI,"Community Trust Bancorp, Inc.",74.16,7754672.89,True,98.01,1a,1.0,4.73,97.62,98.01,96.88,94.56,90.76,94.86,50.67,74.21,78.01,86.75
714562,THFF,First Financial Corporation ,72.79,7399390.85,True,97.98,1h,1.0,8.95,97.98,96.23,95.36,92.99,92.1,98.42,6.75,12.99,11.53,90.04
1823794,ARKO,ARKO Corp.,4.11,4195432.41,False,97.95,1y,2.0,45.62,94.68,96.94,97.06,96.73,97.95,93.25,91.89,93.85,94.35,66.57
1517228,VISN,"Vistance Networks, Inc. ",6.05,57000241.68,True,97.95,1a,1.0,21.37,96.7,97.95,96.52,94.38,93.97,85.11,98.81,89.12,87.9,88.2
1605301,CBFV,"CB Financial Services, Inc.",37.2,150500.5,False,97.92,1y,1.0,15.16,84.16,93.4,97.24,97.71,97.92,95.57,50.43,85.74,51.53,83.27
1730984,BCML,BayCom Corp,30.53,1588673.01,True,97.92,1a,1.0,8.29,95.9,97.92,96.85,96.05,94.09,93.08,50.67,98.25,19.55,71.68
1864943,FGI,FGI Industries Ltd.,7.75,146298.0,False,97.89,1y,4.0,80.77,77.86,86.33,92.45,95.45,97.89,63.3,50.43,70.67,94.65,99.61
56978,KLIC,"Kulicke and Soffa Industries, Inc.",92.01,69089589.45,True,97.86,1h,1.0,27.13,97.86,92.15,79.38,66.84,58.87,81.1,50.67,85.77,50.94,98.81
1916331,NCI,Neo-Concept International Group Holdings Limited,0.88,4769961.14,False,97.83,1y,3.0,63.24,57.95,78.07,90.97,95.3,97.83,77.24,50.43,53.58,51.53,88.35
1803696,ADEA,Adeia Inc. ,23.89,25428581.06,True,97.83,1h,1.0,26.45,97.83,93.52,85.35,82.35,78.87,85.65,50.67,21.72,94.83,96.17
8063,ATRO,Astronics Corporation,64.22,37438167.44,True,97.8,1h,2.0,31.98,97.8,92.84,84.87,81.49,81.87,83.06,7.67,67.07,98.84,96.85
1953984,BCG,"Binah Capital Group, Inc.",1.05,26787.0,False,97.77,1y,2.0,51.44,61.69,82.44,93.28,96.4,97.77,97.71,50.43,35.04,8.47,71.98
729580,BELFB,Bel Fuse Inc.,244.5,40551532.77,True,97.77,1h,2.0,40.59,97.77,93.49,85.79,78.6,80.71,86.3,85.41,85.08,93.16,95.63
1337068,MGYR,"Magyar Bancorp, Inc.",19.08,41200.0,False,97.74,1y,1.0,12.36,93.28,97.5,97.68,97.62,97.74,96.76,50.43,65.17,51.53,79.08
750686,CAC,Camden National Corporation,55.49,4975294.0,True,97.74,1h,1.0,4.22,97.74,97.56,95.9,93.52,90.52,92.87,50.67,41.1,25.68,91.77
934549,ACTG,Acacia Research Corporation,4.32,804633.01,False,97.74,1a,1.0,28.02,94.5,97.74,97.18,97.47,97.47,97.03,88.05,64.25,97.89,78.63
1847398,NECB,"NorthEast Community Bancorp, Inc.",27.0,981480.49,False,97.74,6a,1.0,4.28,87.43,95.3,97.44,97.74,96.58,99.29,50.67,18.13,51.23,86.63
1464343,ATLC,Atlanticus Holdings Corporation,93.73,13303057.69,True,97.71,1y,1.0,21.96,92.21,96.82,97.53,97.65,97.71,95.9,50.43,87.82,71.68,90.58
1409171,TITN,Titan Machinery Inc.,22.63,4155725.98,True,97.71,1h,2.0,37.06,97.71,95.48,92.57,91.0,85.35,71.68,91.59,25.56,50.94,95.6
880117,JBSS,"John B. Sanfilippo & Son, Inc.",67.0,9462048.26,True,97.68,1y,1.0,19.94,94.71,96.76,95.96,95.27,97.68,90.67,50.43,35.45,51.53,75.93
36146,TRMK,Trustmark Corporation,44.21,15492372.02,True,97.68,1h,1.0,0.71,97.68,96.02,93.02,89.03,86.33,96.52,50.67,82.64,28.35,85.79
1123134,IMOS,ChipMOS TECHNOLOGIES INC.,75.5,5617811.94,True,97.65,1h,2.0,43.98,97.65,94.23,90.58,88.77,86.63,60.24,50.67,51.59,73.02,98.6
1576427,CRTO,Criteo S.A.,15.73,5156246.29,True,97.65,1y,1.0,28.05,66.21,82.97,93.88,95.6,97.65,92.01,14.06,98.93,51.53,46.75
1431567,OVLY,Oak Valley Bancorp (CA),33.37,717688.51,False,97.65,1a,1.0,6.98,95.13,97.65,97.0,97.09,95.42,98.4,50.67,32.69,50.04,80.95
918251,MPAA,"Motorcar Parts of America, Inc.",10.55,1224654.05,True,97.62,1y,2.0,36.64,73.91,85.11,94.09,96.43,97.62,98.22,50.43,93.79,75.27,41.07
1828588,HNVR,"Hanover Bancorp, Inc.",24.48,965865.01,False,97.62,1a,1.0,8.92,97.12,97.62,95.93,94.71,91.32,90.28,50.67,94.15,17.59,79.26
2012600,RYOJ,"rYojbaba Co., Ltd.",2.91,81945.5,False,97.59,1y,3.0,66.21,73.79,87.79,95.27,96.58,97.59,61.63,50.43,53.58,51.53,99.91
1438533,TVTX,"Travere Therapeutics, Inc.",52.12,82755140.58,True,97.59,1h,2.0,32.78,97.59,92.96,83.06,80.74,66.0,74.8,50.67,38.72,11.5,99.05
861842,CATY,Cathay General Bancorp,59.12,25871906.45,True,97.56,1h,1.0,0.45,97.56,96.79,93.58,89.81,88.62,94.09,90.22,92.07,50.94,86.86
8858,AVT,"Avnet, Inc.",99.36,104954880.77,True,97.53,1h,2.0,40.71,97.53,95.1,90.49,87.1,82.38,75.81,93.91,71.59,73.34,96.64
1422930,PUBM,"PubMatic, Inc.",18.64,9740596.55,True,97.53,6a,1.0,21.13,90.13,96.08,97.38,97.53,97.41,82.94,85.11,92.33,80.3,95.93
1653384,RWAY,Runway Growth Finance Corp.,6.39,2512964.96,True,97.5,6a,2.0,31.05,92.81,95.33,95.54,97.5,97.44,94.62,50.67,98.75,80.36,39.26
854560,GSBC,"Great Southern Bancorp, Inc.",78.36,6845080.39,True,97.47,1a,1.0,0.98,95.54,97.47,97.21,95.51,95.25,95.9,50.67,87.28,5.05,80.42
1436425,HBCP,"Home Bancorp, Inc.",65.67,5084714.89,True,97.44,1a,1.0,8.11,96.79,97.44,96.4,93.37,92.84,95.01,50.67,90.55,27.25,81.99
1735707,GTX,Garrett Motion Inc.,25.75,64206620.59,True,97.41,1h,1.0,20.27,97.41,94.95,91.05,89.96,81.25,83.57,50.67,83.63,15.93,96.67
1857816,GCT,GigaCloud Technology Inc,56.42,27884873.84,True,97.38,1y,2.0,31.35,88.8,94.06,96.7,96.64,97.38,94.62,96.17,68.83,86.81,93.16
810136,PLAB,"Photronics, Inc.",29.62,26181066.95,True,97.36,1h,2.0,38.19,97.36,94.62,91.23,88.95,90.64,83.89,2.79,77.36,92.1,90.13
1158114,AAOI,"Applied Optoelectronics, Inc.",109.64,944668515.21,True,97.33,1h,3.0,67.16,97.33,91.71,77.8,66.95,59.73,80.65,50.67,67.64,50.94,98.22
2012726,FDSB,"Fifth District Bancorp, Inc.",17.32,86524.9,False,97.3,6a,1.0,8.23,86.98,93.88,96.46,97.3,96.43,88.35,50.67,80.45,51.23,90.67
1157647,WNEB,"Western New England Bancorp, Inc.",13.51,637398.99,False,97.27,1a,1.0,9.06,95.16,97.27,96.76,96.67,95.07,95.57,50.67,65.71,50.04,78.34
1026662,CLWT,Euro Tech Holdings Company Limited,1.36,20616.0,False,97.27,1y,3.0,61.81,58.96,72.96,86.92,92.93,97.27,60.86,50.43,85.47,99.38,96.94
796534,NKSH,"National Bankshares, Inc.",42.56,1424912.49,True,97.27,6a,1.0,7.58,92.87,96.85,96.91,97.27,94.59,93.58,3.0,83.0,29.84,93.52
1074902,LCNB,LCNB Corporation,18.52,601828.0,False,97.24,1a,1.0,13.79,95.36,97.24,95.72,95.01,95.87,88.56,50.67,33.37,50.04,83.48
772406,CRUS,"Cirrus Logic, Inc.",106.87,93105995.63,True,97.24,1h,1.0,20.12,97.24,91.05,81.16,69.12,63.33,89.6,94.56,98.6,74.03,85.02
2003977,CRE,Cre8 Enterprise Limited,2.86,67199.0,False,97.21,1y,3.0,57.65,41.4,67.25,85.91,93.08,97.21,91.8,50.43,53.58,51.53,51.11
862831,FISI,"Financial Institutions, Inc.",38.45,5053860.04,True,97.21,1a,1.0,3.6,96.34,97.21,95.42,94.5,93.82,77.92,50.67,85.35,69.81,91.53
811596,KALU,Kaiser Aluminum Corporation,151.51,33789531.8,True,97.18,1a,1.0,25.68,96.91,97.18,93.85,92.1,91.71,94.71,97.56,79.44,92.27,92.42
895456,RCKY,"Rocky Brands, Inc.",44.93,1997812.46,True,97.18,1h,1.0,21.01,97.18,97.09,95.13,94.35,91.0,95.45,12.07,14.23,50.94,92.69
1119083,MNDO,MIND C.T.I. Ltd.,0.92,34284.5,False,97.18,1y,2.0,36.32,94.23,95.16,95.63,95.84,97.18,88.62,50.43,53.58,51.53,68.05
1640428,EVER,"EverQuote, Inc.",19.8,14507861.81,True,97.18,6a,2.0,33.94,89.24,95.75,97.09,97.18,95.99,99.61,93.67,84.31,14.06,71.03
1823529,ACT,"Enact Holdings, Inc.",45.97,15033830.78,True,97.15,3a,1.0,1.55,91.26,96.61,97.15,95.93,95.36,97.95,50.79,91.83,50.19,78.42
700841,RCMT,"RCM Technologies, Inc.",41.38,2056270.5,True,97.15,6a,3.0,58.31,93.46,96.14,96.64,97.15,95.16,83.77,50.67,84.7,83.3,93.88
1726126,EPSN,Epsilon Energy Ltd.,5.95,717896.02,False,97.12,1y,1.0,23.09,80.65,89.75,92.93,96.46,97.12,72.48,50.43,80.95,97.36,93.79
897723,SANM,Sanmina Corporation,217.49,129946734.01,True,97.09,1h,1.0,21.99,97.09,90.58,79.11,75.3,79.32,89.51,7.79,82.08,97.5,95.54
2115119,CLBK,"Columbia Financial, Inc.",10.8,43622747.43,True,97.06,1h,1.0,2.67,97.06,93.85,87.58,81.9,76.76,50.98,50.67,93.28,90.1,95.33
946936,DSWL,"Deswell Industries, Inc.",3.03,22548.0,False,97.06,1y,2.0,30.01,83.95,91.0,94.95,95.81,97.06,95.96,50.43,53.58,51.53,62.44
39311,IBCP,Independent Bank Corporation,35.76,6714167.5,True,97.03,1a,1.0,3.63,95.42,97.03,96.11,94.89,94.62,98.87,88.92,40.03,50.04,75.42
33992,KINS,"Kingstone Companies, Inc",18.49,1565877.48,True,97.03,6a,2.0,38.69,89.12,93.37,95.33,97.03,96.67,86.3,50.67,77.71,71.17,84.87
875357,BOKF,BOK Financial Corporation,125.47,30876201.89,True,97.03,1h,1.0,2.82,97.03,96.88,94.29,90.67,88.95,97.38,90.61,94.74,50.94,82.29
751978,VICR,Vicor Corporation,266.07,186862931.97,True,97.0,1h,2.0,36.73,97.0,85.74,67.13,50.31,40.92,69.15,98.99,30.13,87.96,99.88
932781,FCCO,First Community Corporation,32.27,1443611.99,True,96.97,3a,1.0,15.93,92.72,96.17,96.97,96.88,96.85,94.74,50.79,90.34,24.01,78.99
1040470,AEHR,Aehr Test Systems,84.64,223381625.15,True,96.97,1h,2.0,51.08,96.97,87.93,71.98,56.91,50.43,57.5,50.67,84.84,50.94,99.97
913341,CFFI,C&F Financial Corporation,101.39,3477893.53,True,96.97,6a,1.0,5.05,81.78,92.1,96.37,96.97,94.86,94.98,50.67,16.2,51.23,93.19
1835385,MBBC,"Marathon Bancorp, Inc.",15.1,18000.0,False,96.94,6a,1.0,20.83,81.99,92.75,95.69,96.94,94.98,92.84,50.67,15.42,5.65,96.34
732026,TRT,Trio-Tech International,5.67,2103656.0,True,96.94,1h,4.0,84.31,96.94,95.25,92.3,92.04,88.29,84.34,50.67,13.08,50.94,97.36
1442236,QRHC,Quest Resource Holding Corporation,1.38,19363.0,False,96.91,1y,2.0,44.43,66.6,83.92,93.82,96.11,96.91,80.39,50.43,77.71,51.53,87.13
1866633,CCSI,"Consensus Cloud Solutions, Inc.",36.71,4969621.43,True,96.91,6a,1.0,21.69,79.05,89.6,94.47,96.91,96.17,92.72,50.67,29.12,51.23,87.73
31107,EML,Eastern Company (The),24.59,272118.0,False,96.88,1y,1.0,25.94,84.31,91.74,96.29,96.85,96.88,87.31,50.43,90.88,51.53,80.36
46129,ALNT,Allient Inc.,109.91,20938196.73,True,96.88,1h,1.0,27.04,96.88,94.03,87.4,80.71,73.37,78.22,50.67,92.42,17.59,97.62
720500,ASYS,"Amtech Systems, Inc.",16.45,4671146.48,True,96.85,1h,2.0,44.01,96.85,92.27,82.17,80.0,81.58,71.98,97.47,92.36,95.57,95.75
1582982,CCLD,"CareCloud, Inc.",2.0,573579.99,False,96.82,1y,4.0,75.78,75.22,81.6,87.96,94.29,96.82,88.02,50.43,70.82,94.89,39.44
872589,REGN,"Regeneron Pharmaceuticals, Inc.",746.54,494351100.26,True,96.76,1y,1.0,7.85,88.11,94.77,95.81,94.92,96.76,96.73,1.52,17.62,10.04,79.02
1001385,NWPX,"NWPX Infrastructure, Inc.",101.32,15464232.15,True,96.73,1h,1.0,25.79,96.73,94.47,89.93,86.89,84.87,88.44,50.67,74.03,32.69,95.57
1168455,PLBC,Plumas Bancorp,60.96,3041571.04,True,96.73,1a,1.0,11.11,96.17,96.73,95.78,95.33,93.52,91.47,50.67,70.22,69.9,88.86
101295,UG,"United-Guardian, Inc.",7.0,52888.5,False,96.7,1y,1.0,13.76,85.17,91.62,94.74,96.32,96.7,91.83,50.43,65.23,51.53,81.75
1050743,PGC,Peapack-Gladstone Financial Corporation,43.37,6426673.72,True,96.67,1h,1.0,9.21,96.67,96.49,93.76,90.25,84.37,94.92,14.21,21.19,13.11,91.5
717538,AROW,Arrow Financial Corporation,36.38,2959114.54,True,96.64,1h,1.0,9.45,96.64,95.39,93.73,90.52,87.82,90.34,50.67,35.25,4.58,91.41
1670061,ALM,Almonty Industries Inc.,11.87,86320448.28,True,96.61,1h,2.0,52.1,96.61,92.78,88.86,87.9,90.25,50.98,8.56,51.59,98.42,98.25
1401521,ACIC,American Coastal Insurance Corporation,9.78,2340668.52,True,96.61,6a,1.0,15.54,72.36,88.26,94.68,96.61,96.61,93.4,50.67,90.58,51.23,46.57
1034842,RIGL,"Rigel Pharmaceuticals, Inc.",49.08,10927729.26,True,96.61,3a,1.0,20.74,81.04,90.97,96.61,95.99,94.68,92.39,6.0,41.81,0.83,90.76
723646,FRAF,Franklin Financial Services Corporation,62.6,2078832.04,True,96.58,3a,1.0,7.01,92.07,96.26,96.58,95.57,93.79,98.45,50.79,16.32,71.56,85.79
1603923,WFRD,Weatherford International plc,77.92,78694582.31,True,96.58,1h,1.0,20.62,96.58,94.83,91.74,88.89,90.73,91.26,13.34,30.76,89.51,88.62
836690,IA,"Innovative Solutions and Support, Inc.",19.2,4626565.07,True,96.55,1y,2.0,32.69,86.86,93.34,95.99,95.9,96.55,88.17,50.43,70.16,51.53,96.29
1128361,HOPE,"Hope Bancorp, Inc.",13.28,12150238.95,True,96.55,1a,1.0,4.1,96.11,96.55,95.57,91.92,84.01,94.74,50.67,73.73,21.22,83.03
1914605,ECBK,"ECB Bancorp, Inc.",21.12,154311.5,False,96.55,6a,1.0,5.62,76.11,89.45,94.86,96.55,95.81,83.15,50.67,80.8,51.23,92.72
1693736,EQPT,EquipmentShare.com Inc,15.09,51829451.02,True,96.52,1h,2.0,47.4,96.52,88.29,70.7,57.38,52.72,84.1,50.67,97.98,94.03,82.38
30697,WEN,Wendy's Company (The),6.23,45201411.69,True,96.52,1y,1.0,26.51,78.63,89.27,95.01,96.34,96.52,95.16,16.11,98.69,51.53,42.88
913760,SNEX,StoneX Group Inc.,61.24,64171553.12,True,96.49,1h,2.0,35.3,96.49,91.23,78.57,67.04,52.78,84.81,96.79,96.11,20.24,95.84
1708259,LX,LexinFintech Holdings Ltd.,0.7,2017490.25,False,96.49,1y,2.0,48.62,54.68,71.83,86.6,92.18,96.49,95.6,50.43,98.22,84.19,10.43
1848275,TOP,TOP Financial Group Limited,14.92,1291919.48,True,96.46,1y,3.0,58.01,94.35,94.89,95.39,95.39,96.46,72.21,50.43,80.18,79.52,97.36
1048268,IESC,"IES Holdings, Inc.",300.43,95478757.22,True,96.46,1h,1.0,23.12,96.46,88.44,65.41,49.36,38.87,97.21,91.2,7.88,88.41,98.99
1090009,SFST,"Southern First Bancshares, Inc.",59.65,5674199.49,True,96.46,1a,1.0,12.15,93.43,96.46,95.22,91.38,90.04,95.78,50.67,91.08,4.01,86.78
799165,DWSN,Dawson Geophysical Company,2.59,353460.99,False,96.43,1h,3.0,59.7,96.43,94.5,91.89,93.22,94.65,69.0,50.67,51.59,81.13,95.13
1007019,JVA,"Coffee Holding Co., Inc.",4.63,141182.0,False,96.37,1y,2.0,43.45,43.68,69.33,90.22,94.95,96.37,82.23,50.43,29.24,51.53,87.96
750574,AUBN,"Auburn National Bancorporation, Inc.",26.54,29480.0,False,96.34,3a,1.0,18.66,89.36,94.44,96.34,96.2,95.57,96.85,50.79,72.96,9.99,71.5
1355839,IPM,Intelligent Protection Management Corp. ,1.78,10122.0,False,96.32,1y,1.0,27.76,64.99,77.83,89.18,93.76,96.32,65.74,50.43,76.76,89.15,77.59
879585,ATNI,"ATN International, Inc.",25.49,2266849.53,True,96.32,1h,2.0,31.83,96.32,93.67,88.02,84.58,82.56,66.27,8.86,72.93,71.03,97.86
765207,FNLC,"First Bancorp, Inc (ME)",32.97,1076331.5,True,96.29,1a,2.0,30.67,95.22,96.29,96.08,95.22,91.14,98.37,50.67,10.52,50.04,87.31
1672619,ELVN,"Enliven Therapeutics, Inc. ",40.98,46487473.4,True,96.29,1h,2.0,47.61,96.29,88.97,73.79,55.19,48.23,69.06,50.67,87.04,1.28,99.64
1476840,EXFY,"Expensify, Inc.",2.4,1364903.46,False,96.29,6a,3.0,70.88,65.02,83.03,93.31,96.29,95.9,73.14,96.52,92.39,72.69,90.22
1825024,OPAD,Offerpad Solutions Inc. ,2.71,113993.0,False,96.29,1y,4.0,83.15,93.94,94.21,94.18,94.59,96.29,63.66,9.72,72.48,33.64,92.45
1742692,INMD,InMode Ltd. ,14.08,6807061.51,True,96.26,1y,1.0,4.43,84.55,91.08,94.92,95.54,96.26,97.33,50.43,98.31,78.54,43.95
1039399,FORM,"FormFactor, Inc.",139.67,130843222.77,True,96.26,1h,1.0,28.08,96.26,88.95,75.22,63.06,51.86,90.58,50.67,23.68,20.51,98.57
1849466,TCBS,"Texas Community Bancshares, Inc.",17.0,17425.0,False,96.26,6a,1.0,11.44,84.43,92.93,95.45,96.26,96.14,90.31,50.67,96.29,2.2,78.25
919864,FNWD,Finward Bancorp,41.17,429853.49,False,96.26,3a,1.0,23.6,93.58,95.01,96.26,95.87,94.56,85.26,50.79,28.89,31.53,84.31
1855129,GHRS,GH Research PLC,20.45,5369278.02,True,96.23,1h,2.0,40.45,96.23,92.63,86.72,80.62,76.4,60.45,50.67,51.59,12.24,98.42
708781,CASS,"Cass Information Systems, Inc",53.4,3769577.08,True,96.23,6a,1.0,3.71,93.91,95.81,95.51,96.23,95.3,88.68,50.67,90.46,70.79,85.82
1738758,CHR,"Cheer Holding, Inc. ",1.51,51843.5,False,96.2,1y,2.0,49.0,84.25,86.12,88.59,91.03,96.2,99.91,50.43,53.58,51.53,14.38
720858,ITIC,Investors Title Company,298.63,15503666.13,True,96.17,6a,1.0,1.01,80.59,90.79,95.3,96.17,94.95,97.03,50.67,73.16,76.52,77.18
1987240,SHMD,SCHMID Group N.V.,3.82,2095200.96,False,96.14,1h,3.0,71.62,96.14,90.94,81.31,76.23,71.44,50.98,50.67,99.47,50.94,93.11
1289945,SPOK,"Spok Holdings, Inc.",10.73,1484888.03,True,96.11,1y,1.0,22.5,83.0,89.15,93.22,94.32,96.11,98.66,50.43,72.72,89.84,37.86
2007846,JLHL,Julong Holding Limited,4.39,819348.0,False,96.05,1y,3.0,69.6,68.02,84.64,93.91,95.48,96.05,79.91,50.43,53.58,51.53,98.07
2018529,NCT,Intercont (Cayman) Limited,1.49,3757289.0,False,96.02,1y,3.0,69.03,86.95,85.91,86.15,88.83,96.02,96.49,50.43,97.86,90.79,4.55
1077183,NEO,"NeoGenomics, Inc.",16.35,30252788.19,True,95.99,1h,1.0,26.33,95.99,89.09,76.11,66.12,60.33,61.63,86.06,62.47,5.56,98.69
318673,SNFCA,Security National Financial Corporation,9.18,222993.0,False,95.96,6a,1.0,18.63,80.62,91.44,95.66,95.96,94.41,98.37,50.67,21.1,5.08,76.58
1905511,JCSE,JE Cleantech Holdings Limited,1.39,8462.5,False,95.96,1y,2.0,37.53,84.07,90.04,92.04,92.51,95.96,66.98,50.43,27.19,51.53,99.35
750577,HWC,Hancock Whitney Corporation,72.4,60066617.82,True,95.93,1a,1.0,1.96,94.56,95.93,94.56,91.56,88.74,98.96,11.8,88.71,3.68,75.99
6951,AMAT,"Applied Materials, Inc.",507.03,3207908911.47,True,95.93,1h,1.0,19.44,95.93,88.53,74.35,60.8,57.27,81.49,94.0,70.67,79.49,97.77
1822523,AFCG,Advanced Flower Capital Inc.,3.03,236920.0,False,95.87,1h,2.0,36.37,95.87,92.54,90.55,87.79,91.08,67.55,50.67,62.97,50.94,84.9
103595,VLGEA,"Village Super Market, Inc.",44.03,1864897.0,True,95.87,3a,1.0,8.65,95.84,95.63,95.87,95.63,95.1,86.3,89.6,31.53,21.99,82.32
1606909,PANL,Pangaea Logistics Solutions Ltd.,8.32,2920306.92,True,95.84,1a,1.0,18.72,94.59,95.84,94.98,94.77,94.35,87.99,50.67,69.48,82.85,92.63
352825,FSTR,L.B. Foster Company,34.94,1914211.91,True,95.78,1h,1.0,29.9,95.78,94.32,91.83,90.82,91.89,70.31,50.67,86.48,72.18,92.57
722313,NSYS,Nortech Systems Incorporated,11.35,121276.0,False,95.78,1y,2.0,40.65,82.76,86.24,88.5,91.74,95.78,84.16,50.43,29.66,92.45,91.86
1941506,ZJK,"ZJK Industrial Co., Ltd.",1.91,20494.5,False,95.75,1y,2.0,52.51,69.33,82.5,90.37,93.73,95.75,99.49,50.43,53.58,51.53,54.44
1739016,ELVR,Elevra Lithium Limited,33.61,2312391.44,True,95.75,1h,3.0,62.17,95.75,91.26,86.03,84.25,83.98,50.98,50.67,40.86,95.1,97.33
700565,FMBH,"First Mid Bancshares, Inc.",48.52,6458103.39,True,95.72,1a,1.0,11.35,95.69,95.72,93.19,86.33,80.98,99.11,50.67,11.26,3.74,86.51
55529,KEQU,Kewaunee Scientific Corporation,33.79,78282.0,False,95.72,1y,1.0,27.22,76.4,83.68,90.46,94.09,95.72,91.23,50.43,72.75,84.4,50.07
1056943,PFIS,Peoples Financial Services Corp. ,67.25,3376180.48,True,95.72,1h,1.0,8.05,95.72,95.66,94.0,92.66,89.09,89.24,85.68,65.02,13.64,91.35
1731388,EDRY,EuroDry Ltd.,58.72,6054065.99,True,95.69,6a,2.0,37.47,74.62,89.0,94.65,95.69,95.45,71.56,50.67,87.9,51.23,99.79
737468,WASH,"Washington Trust Bancorp, Inc.",37.07,4893090.95,True,95.66,1h,1.0,7.76,95.66,94.86,92.07,87.19,84.22,84.19,50.67,18.16,26.0,92.07
1086434,AUDC,AudioCodes Ltd.,11.39,1038172.98,True,95.63,1y,1.0,9.0,65.59,78.45,87.61,91.65,95.63,76.61,11.0,96.46,98.04,72.93
1043186,SLNG,"Stabilis Solutions, Inc.",5.44,108924.0,False,95.6,1y,2.0,54.62,44.9,66.78,84.99,92.42,95.6,64.25,50.43,87.07,98.51,86.12
1217234,CDNA,"CareDx, Inc.",63.67,53674529.52,True,95.6,1h,1.0,25.02,95.6,90.64,81.34,77.3,71.35,74.92,50.67,84.31,79.79,97.83
712534,FRME,First Merchants Corporation,39.0,17015290.14,True,95.57,1h,1.0,14.26,95.57,94.12,89.84,86.86,84.04,98.48,96.37,16.43,7.07,79.2
1109242,HAFC,Hanmi Financial Corporation,30.78,6772896.05,True,95.54,1a,1.0,2.85,95.04,95.54,93.64,91.35,87.22,98.19,7.25,20.89,2.7,82.7
95953,ACNT,Ascent Industries Co.,13.55,536900.0,False,95.54,1y,1.0,26.84,84.52,87.04,90.19,93.19,95.54,69.0,50.43,96.05,95.33,83.48
1702123,CRDL,Cardiol Therapeutics Inc.,1.23,1882599.01,False,95.48,1h,3.0,57.71,95.48,90.34,82.94,78.31,71.89,50.98,50.67,51.59,10.88,98.4
810958,CZNC,Citizens & Northern Corp,24.94,1590081.98,True,95.45,1a,1.0,15.84,95.01,95.45,94.89,94.12,92.66,88.92,50.67,32.42,50.04,84.55
1370053,ANAB,"AnaptysBio, Inc.",45.95,23591488.17,True,95.45,1h,2.0,36.55,95.45,92.04,85.14,77.8,75.01,63.42,50.67,91.92,16.37,97.24
1572334,VABK,Virginia National Bankshares Corporation,48.5,286230.0,False,95.42,6a,1.0,10.64,75.57,86.98,94.59,95.42,93.25,94.68,50.67,13.52,51.23,88.95
763907,FUNC,First United Corporation,43.15,896467.49,False,95.36,6a,1.0,6.33,89.45,92.87,94.38,95.36,94.89,90.82,50.67,22.56,51.23,80.12
778164,ALTO,"Alto Ingredients, Inc.",3.72,6201724.82,False,95.36,1a,2.0,39.23,93.22,95.36,94.5,94.44,91.5,91.17,86.69,26.69,22.05,96.32
866291,ALGM,"Allegro MicroSystems, Inc.",35.57,87971791.85,True,95.33,1h,2.0,32.84,95.33,88.74,73.76,60.89,49.45,83.3,13.88,79.61,18.63,94.65
1845815,PAYO,Payoneer Global Inc.,7.14,18693934.68,True,95.33,1y,1.0,11.86,90.76,93.19,94.12,93.82,95.33,92.48,50.43,92.15,94.62,55.33
1581280,TWST,Twist Bioscience Corporation,159.78,200608168.94,True,95.3,1h,2.0,45.2,95.3,83.57,60.48,44.07,33.14,44.75,95.63,81.31,8.83,99.94
711377,NEOG,Neogen Corporation,11.85,23951349.82,True,95.27,1h,1.0,23.71,95.27,94.26,92.63,91.62,91.47,77.59,95.01,37.3,99.32,93.19
1273685,ADAM,"Adamas Trust, Inc.",7.65,7716107.79,True,95.27,1a,1.0,17.3,95.07,95.27,95.07,94.06,89.9,98.66,50.67,11.8,78.96,85.38
1845257,LFST,"LifeStance Health Group, Inc.",12.42,42954423.24,True,95.25,6a,1.0,8.14,82.08,91.03,94.8,95.25,92.81,85.23,96.17,41.78,68.97,95.39
1795815,BCAL,California BanCorp,21.23,3897159.02,True,95.22,1a,1.0,2.14,94.74,95.22,94.62,93.16,90.79,95.6,50.67,14.09,50.04,81.31
2000530,GMHS,Gamehaus Holdings Inc.,0.59,10630.95,False,95.22,1y,2.0,44.49,79.38,83.98,88.62,91.41,95.22,96.97,50.43,53.58,51.53,40.8
1001171,BYFC,Broadway Financial Corporation,11.44,20684.5,False,95.19,1y,2.0,52.04,82.02,89.54,93.14,94.83,95.19,70.7,50.43,66.78,51.53,97.24
907471,CASH,"Pathward Financial, Inc.",71.87,17236366.4,True,95.19,1a,2.0,30.07,94.95,95.19,92.48,89.48,89.81,98.31,15.16,38.04,24.87,69.33
1116942,TTMI,"TTM Technologies, Inc.",121.01,268563152.01,True,95.19,1h,2.0,39.2,95.19,83.06,59.73,46.63,34.47,81.37,91.74,21.43,8.02,98.87
106532,WEYS,"Weyco Group, Inc.",51.46,1078916.01,True,95.16,6a,1.0,5.74,84.28,91.2,92.66,95.16,92.33,92.15,50.67,15.6,81.99,94.89
1609065,PBHC,"Pathfinder Bancorp, Inc.",16.96,37068.5,False,95.16,3a,1.0,23.03,90.37,93.73,95.16,94.21,93.34,89.69,50.79,28.17,29.09,74.0
1162896,PROP,Prairie Operating Co.,0.44,769439.7,False,95.13,1y,4.0,86.63,31.8,50.55,74.53,86.95,95.13,80.8,50.43,72.81,95.48,35.22
874396,LCUT,"Lifetime Brands, Inc.",9.52,1416150.62,True,95.1,6a,1.0,27.99,75.33,86.3,91.62,95.1,94.92,82.5,50.67,74.95,84.07,99.38
714395,GABC,"German American Bancorp, Inc.",48.82,6366019.53,True,95.1,3a,1.0,4.37,93.97,94.8,95.1,92.24,86.39,93.58,50.79,89.27,74.71,77.24
1685040,BHF,"Brighthouse Financial, Inc.",48.53,42663485.78,True,95.1,1h,1.0,16.85,95.1,94.38,90.79,86.06,82.44,99.49,85.44,77.56,1.81,73.55
356171,TCBK,TriCo Bancshares,51.41,13367794.65,True,95.04,1a,1.0,8.47,94.06,95.04,93.7,89.54,85.88,94.62,95.72,70.67,75.57,78.93
1808997,AOUT,"American Outdoor Brands, Inc.",16.5,1005852.96,True,95.04,6a,1.0,29.54,79.14,86.42,92.33,95.04,93.61,75.57,50.67,83.18,51.23,98.31
1794338,IGIC,International General Insurance Holdings Ltd.,24.86,2049946.55,True,95.04,3a,1.0,8.8,84.67,92.48,95.04,94.98,94.8,94.44,50.79,92.6,50.19,72.63
2032755,PFAI,Pinnacle Food Group Limited,3.05,2767.5,False,95.01,1y,3.0,67.43,51.62,71.05,87.49,91.71,95.01,41.58,50.43,53.58,90.55,99.67
1228454,BCBP,"BCB Bancorp, Inc. (NJ)",8.23,1535621.44,True,94.98,1a,2.0,39.52,93.08,94.98,93.08,93.88,93.91,96.08,50.67,6.78,50.04,72.27
773840,HON,Honeywell International Inc.,207.73,578366404.54,True,94.98,1h,1.0,5.23,94.98,94.15,91.77,88.74,82.88,96.7,11.32,64.55,83.33,73.16
3197,CECO,CECO Environmental Corp.,65.82,50555173.08,True,94.92,1h,3.0,68.74,94.92,83.86,66.81,48.38,37.98,71.29,95.75,95.78,10.85,96.88
2007919,INBX,"Inhibrx Biosciences, Inc.",92.76,23755311.03,True,94.89,1h,2.0,53.02,94.89,92.12,90.13,83.98,75.13,31.47,50.67,96.88,80.0,97.12
724004,MLAB,"Mesa Laboratories, Inc.",126.06,15863040.28,True,94.86,1h,1.0,19.52,94.86,91.77,85.53,84.31,81.46,63.27,50.67,37.77,11.71,94.68
1531177,SGHT,"Sight Sciences, Inc.",8.89,1559130.01,True,94.86,6a,2.0,42.32,74.8,88.17,93.4,94.86,91.86,78.45,3.18,76.29,74.86,98.66
1110803,ILMN,"Illumina, Inc.",264.57,424623114.15,True,94.83,1h,1.0,5.44,94.83,92.69,86.69,76.58,68.26,90.25,8.38,76.61,12.6,95.39
719220,STBA,"S&T Bancorp, Inc.",48.05,12167461.3,True,94.8,1h,1.0,1.28,94.8,93.31,89.27,85.2,82.26,87.82,50.67,73.37,50.94,89.6
1070524,GCBC,"Greene County Bancorp, Inc.",34.34,920713.52,False,94.77,3a,1.0,9.33,86.78,92.57,94.77,93.91,87.58,97.24,50.79,10.55,69.3,91.14
1555279,MASS,908 Devices Inc.,11.55,3413266.91,True,94.77,1h,2.0,40.8,94.77,90.7,85.97,83.63,76.17,85.2,50.67,26.24,50.94,88.17
736772,CCNE,CNB Financial Corporation,33.28,4845124.64,True,94.74,1a,1.0,3.0,93.79,94.74,93.49,92.6,93.14,72.04,50.67,94.86,50.04,87.19
763901,BPOP,"Popular, Inc.",156.29,79024770.9,True,94.71,1a,1.0,1.46,94.09,94.71,92.72,86.75,81.19,97.62,93.52,70.94,2.35,81.16
1978527,GVH,Globavend Holdings Limited,1.07,117843.0,False,94.71,1y,3.0,62.02,75.19,80.92,85.74,89.18,94.71,93.22,50.43,53.58,51.53,30.13
1070494,ACAD,ACADIA Pharmaceuticals Inc.,19.78,39407011.87,True,94.71,3a,1.0,29.36,91.38,92.42,94.71,90.76,86.27,95.66,12.81,80.42,21.96,77.0
1000209,MFIN,Medallion Financial Corp.,12.05,673120.5,False,94.68,6a,1.0,7.96,80.09,87.37,93.46,94.68,94.15,88.59,50.67,22.53,73.79,86.92
903419,ALRS,Alerus Financial Corporation,31.07,5488692.81,True,94.65,1a,1.0,3.74,94.62,94.65,91.32,87.16,77.74,93.22,50.67,18.22,29.0,92.48
807863,MITK,"Mitek Systems, Inc.",17.07,10374997.69,True,94.65,1h,1.0,21.31,94.65,93.55,90.52,88.92,86.03,74.86,50.67,13.82,96.79,94.21
1277902,MVBF,MVB Financial Corp.,29.5,1408900.48,True,94.53,1a,1.0,11.14,94.12,94.53,94.44,94.15,93.94,92.07,50.67,68.59,50.04,75.78
1538716,OPRT,Oportun Financial Corporation,8.92,3059376.13,True,94.53,6a,2.0,30.64,71.23,85.68,92.75,94.53,94.26,83.36,50.67,24.22,18.6,94.47
860413,FIBK,"First Interstate BancSystem, Inc.",34.52,37947646.88,True,94.53,1h,1.0,2.79,94.53,93.25,88.77,85.23,80.77,87.88,11.29,73.02,3.83,86.69
1044777,OSPN,OneSpan Inc.,18.22,6568842.53,True,94.53,1y,1.0,1.84,83.09,89.24,92.51,92.54,94.53,93.7,14.71,41.78,93.61,66.86
66382,MLKN,"MillerKnoll, Inc.",20.77,13176669.01,True,94.5,1y,1.0,24.64,79.02,87.61,92.6,94.26,94.5,98.13,50.43,64.87,79.35,76.4
1438423,MRAM,"Everspin Technologies, Inc.",16.55,15497519.9,True,94.47,1h,2.0,52.96,94.47,86.86,77.36,75.96,70.97,64.61,50.67,76.08,96.2,95.96
1009829,JAKK,"JAKKS Pacific, Inc.",28.23,1837653.54,True,94.47,6a,1.0,10.43,71.83,83.45,91.14,94.47,93.76,76.76,91.56,75.1,95.99,92.1
1770088,WIMI,WiMi Hologram Cloud Inc.,0.64,126482.5,False,94.47,1y,3.0,61.19,91.98,91.32,90.01,90.07,94.47,99.23,50.43,53.58,22.7,18.28
875582,NTIC,Northern Technologies International Corporation,7.69,30783.84,False,94.44,1y,1.0,23.95,75.42,82.76,90.76,93.64,94.44,76.85,50.43,83.18,74.41,78.6
2027815,BMHL,Bluemount Holdings Limited,3.55,4424.0,False,94.44,1h,3.0,68.11,94.44,88.2,79.64,73.76,69.12,41.49,50.67,51.59,50.94,97.06
278166,CVCO,"Cavco Industries, Inc.",532.43,53358362.0,True,94.38,1h,1.0,15.36,94.38,88.65,78.87,65.88,67.82,83.24,50.67,91.32,81.31,85.5
36377,FHB,"First Hawaiian, Inc.",24.69,50168327.44,True,94.35,1a,1.0,4.67,93.34,94.35,92.69,88.53,87.46,98.1,12.51,88.41,84.01,70.85
1600620,AUPH,Aurinia Pharmaceuticals Inc,16.65,13453746.44,True,94.35,3a,1.0,5.88,83.71,91.86,94.35,93.94,93.11,96.46,85.35,88.83,1.16,81.07
1547903,NMIH,NMI Holdings Inc,40.01,20241372.06,True,94.32,3a,1.0,6.72,83.12,91.56,94.32,93.97,93.31,96.79,50.79,82.82,50.19,70.85
1232524,JAZZ,Jazz Pharmaceuticals plc,218.42,170887180.61,True,94.32,1h,1.0,10.97,94.32,88.08,76.76,63.48,57.53,85.11,0.39,37.83,17.56,97.27
1951067,CISS,C3is Inc.,0.78,556176.01,False,94.32,1y,3.0,66.66,72.57,78.16,84.9,88.14,94.32,95.87,50.43,53.58,51.53,14.5
1549966,SAMG,Silvercrest Asset Management Group Inc.,10.23,674072.5,False,94.29,1y,1.0,22.64,83.15,88.62,91.56,93.7,94.29,90.52,50.43,98.6,17.83,37.74
1321741,GAIN,Gladstone Investment Corporation,15.38,2718507.01,True,94.29,1a,2.0,35.9,92.57,94.29,91.98,92.75,91.11,86.84,8.83,90.94,85.2,76.85
776901,INDB,Independent Bank Corp.,77.12,27377529.2,True,94.29,1h,1.0,9.72,94.29,90.19,87.76,80.77,76.34,93.11,16.34,70.52,50.94,86.45
908937,SIRI,SiriusXM Holdings Inc.,26.51,107324793.88,True,94.26,3a,1.0,8.35,84.49,91.98,94.26,92.72,92.69,99.02,92.81,24.64,92.69,79.7
1049502,MKSI,MKS Inc.,260.38,332792305.59,True,94.26,1h,1.0,28.38,94.26,86.84,70.07,53.85,41.58,87.19,50.67,25.97,4.16,98.01
1802665,HRMY,"Harmony Biosciences Holdings, Inc.",40.28,29708397.2,True,94.23,6a,1.0,7.49,84.75,91.83,93.61,94.23,91.74,88.56,50.67,91.68,5.71,86.18
1334325,CODA,"Coda Octopus Group, Inc.",10.25,779582.01,False,94.23,1y,1.0,27.01,94.15,92.51,90.82,91.83,94.23,72.69,50.43,72.36,98.9,67.31
767405,SBFG,"SB Financial Group, Inc.",29.21,451821.5,False,94.23,3a,1.0,7.79,89.0,93.02,94.23,93.49,93.43,80.92,50.79,35.07,50.19,92.18
1076930,NOVT,Novanta Inc.,141.28,51636074.13,True,94.21,1h,1.0,23.18,94.21,88.68,78.07,67.22,64.87,92.96,50.67,38.57,77.92,92.99
1371489,III,"Information Services Group, Inc.",5.72,938001.0,False,94.21,1y,1.0,18.93,75.63,85.2,91.03,93.31,94.21,83.33,97.59,87.43,70.88,61.49
1448397,SHIP,Seanergy Maritime Holdings Corp.,17.11,5466130.31,True,94.18,1h,1.0,24.1,94.18,93.46,92.96,93.25,91.05,72.78,12.51,65.47,80.77,95.45
10329,BSET,"Bassett Furniture Industries, Incorporated",20.95,446465.0,False,94.18,1y,1.0,17.44,71.05,80.74,89.96,94.0,94.18,82.76,95.42,21.04,92.33,83.71
1696558,JRSH,"Jerash Holdings (US), Inc.",6.15,389353.0,False,94.06,1y,1.0,17.06,82.05,86.89,91.0,92.84,94.06,73.16,50.43,23.15,82.41,98.31
1094831,BGC,"BGC Group, Inc.",11.48,32079590.37,True,94.03,1h,1.0,5.79,94.03,92.66,91.2,87.28,84.13,82.59,50.67,95.66,50.94,86.78
715579,ACNB,ACNB Corporation,62.29,3672641.86,True,94.03,3a,1.0,3.45,93.05,93.82,94.03,94.03,89.96,87.88,50.79,27.1,50.19,87.46
1913971,BPRN,"Princeton Bancorp, Inc.",42.82,1023301.0,True,93.97,3a,1.0,6.48,91.2,93.64,93.97,93.02,89.72,71.29,50.79,93.94,13.82,86.42
1290900,CVGI,"Commercial Vehicle Group, Inc.",2.87,947836.97,False,93.97,1a,3.0,55.93,92.63,93.97,91.5,90.19,92.07,75.99,50.67,83.95,50.04,95.16
2012706,SUNS,"Sunrise Realty Trust, Inc.",5.85,504831.0,False,93.94,3a,2.0,37.0,91.74,92.81,93.94,93.67,93.22,82.44,50.79,94.09,13.14,44.16
1521951,FBIZ,"First Business Financial Services, Inc.",69.36,3676916.02,True,93.94,1a,1.0,7.37,92.99,93.94,93.25,92.33,86.45,91.71,50.67,12.1,68.35,87.22
785557,DLHC,DLH Holdings Corp.,4.31,45555.5,False,93.88,1y,2.0,38.96,42.35,67.64,87.01,92.57,93.88,79.11,50.43,91.41,70.16,58.25
1817241,ARTV,"Artiva Biotherapeutics, Inc.",6.94,3486632.56,True,93.85,6a,3.0,60.51,82.88,91.14,93.34,93.85,91.26,78.93,50.67,84.46,0.95,99.26
319201,KLAC,KLA Corporation ,195.57,1789712554.44,True,93.85,1h,2.0,35.16,93.85,84.81,69.33,54.56,51.05,79.85,85.47,63.54,84.75,96.61
1680062,ACMR,"ACM Research, Inc.",71.37,66325640.06,True,93.82,1h,2.0,46.06,93.82,78.72,54.5,41.22,33.97,62.91,50.67,76.67,8.11,99.23
1807120,DSGN,"Design Therapeutics, Inc.",11.65,6904567.01,True,93.76,1h,2.0,53.64,93.76,88.92,83.63,83.66,81.37,56.11,50.67,70.85,99.85,96.58
1007587,KVHI,"KVH Industries, Inc.",6.59,1065098.99,True,93.73,1h,2.0,36.52,93.73,93.08,89.72,88.62,92.72,86.86,50.67,74.5,95.33,86.66
108985,YORW,The York Water Company,31.06,3858353.05,True,93.7,1y,1.0,15.25,82.5,90.31,93.05,91.98,93.7,95.25,50.43,69.21,51.53,65.11
1166691,CMCSA,Comcast Corporation,20.66,666528881.98,True,93.7,1a,1.0,14.15,93.31,93.7,89.63,83.92,81.99,96.94,3.74,93.91,68.62,54.53
100378,TWIN,"Twin Disc, Incorporated",26.26,1994149.03,True,93.7,1h,1.0,29.03,93.7,89.3,83.39,82.2,83.12,60.86,91.98,73.97,89.06,95.72
1050377,CNXN,"PC Connection, Inc.",92.81,10990763.44,True,93.67,3a,1.0,0.24,88.41,93.22,93.67,91.11,89.54,95.48,13.16,82.47,14.23,81.22
1471265,NWBI,"Northwest Bancshares, Inc.",14.67,14647412.34,True,93.67,1h,1.0,9.78,93.67,92.72,90.67,86.39,81.28,90.07,11.8,93.34,50.94,87.37
731653,UBCP,"United Bancorp, Inc.",14.66,44918.0,False,93.64,1y,1.0,19.05,84.4,89.87,92.54,93.28,93.64,89.78,50.43,14.77,72.07,88.83
833640,POWI,"Power Integrations, Inc.",49.12,38787717.67,True,93.64,1h,2.0,32.21,93.64,87.07,76.7,70.1,63.6,58.45,50.67,92.45,82.38,95.99
2047273,BUUU,BUUU Group Limited,43.27,2019892.52,True,93.61,6a,2.0,35.99,75.04,86.81,92.99,93.61,91.17,79.32,50.67,53.16,51.23,99.23
1342338,HIMX,"Himax Technologies, Inc.",13.3,14563471.72,True,93.61,1h,2.0,51.23,93.61,88.41,81.75,78.87,78.4,43.92,3.83,68.65,73.19,97.98
1234006,GOOD,Gladstone Commercial Corporation,12.71,4897837.38,True,93.61,1a,1.0,7.82,90.88,93.61,92.18,88.5,85.41,93.25,14.15,37.33,17.03,74.35
1664710,KROS,"Keros Therapeutics, Inc.",11.95,2017276.51,True,93.58,6a,1.0,27.88,48.77,69.9,89.78,93.58,92.99,83.57,50.67,96.17,14.09,41.4
739421,CZFS,"Citizens Financial Services, Inc.",78.05,2213663.91,True,93.58,1a,1.0,6.57,92.84,93.58,92.84,91.53,91.44,71.74,50.67,86.39,50.04,89.93
1841666,APA,APA Corporation,45.88,212914178.25,True,93.58,1y,1.0,1.75,63.45,74.59,84.73,90.94,93.58,44.81,50.43,53.58,96.94,98.75
2034313,OBA,Oxley Bridge Acquisition Limited,10.44,0.0,False,93.55,1y,2.0,50.55,67.4,78.99,86.84,90.73,93.55,78.42,50.43,34.18,51.53,80.92
2046042,JCAP,"Jefferson Capital, Inc.",19.93,5724126.07,True,93.55,6a,1.0,17.95,77.8,87.16,92.24,93.55,93.05,87.07,50.67,70.4,83.66,78.04
1505065,BWAY,BrainsWay Ltd.,11.77,1379661.0,True,93.55,1h,2.0,32.99,93.55,91.29,87.37,83.24,77.53,60.0,93.19,38.16,18.81,95.16
1720161,CTRM,Castor Maritime Inc.,1.7,71690.5,False,93.52,1h,2.0,46.21,93.52,89.84,86.95,87.37,89.48,64.43,50.67,51.59,27.25,87.82
920427,UNTY,"Unity Bancorp, Inc.",54.33,3151860.94,True,93.52,3a,1.0,11.23,90.85,92.99,93.52,90.37,82.17,94.98,50.79,38.34,2.26,77.15
108385,WRLD,World Acceptance Corporation,175.48,13588693.91,True,93.49,1y,1.0,15.9,79.97,88.02,89.75,90.22,93.49,83.39,50.43,97.41,14.03,63.89
1850119,IPSC,"Century Therapeutics, Inc.",1.46,1038745.49,False,93.49,1h,3.0,60.98,93.49,88.89,84.81,81.31,77.89,58.78,50.67,86.86,23.33,96.46
898437,ANIK,Anika Therapeutics Inc.,19.58,1771585.0,True,93.46,6a,1.0,19.79,72.78,85.05,90.64,93.46,89.84,60.8,50.67,95.51,12.87,98.93
1727263,FTDR,"Frontdoor, Inc.",79.8,39005154.52,True,93.46,1y,1.0,15.42,78.28,86.78,91.08,92.15,93.46,93.31,50.43,91.2,90.7,59.55
788920,PDEX,"Pro-Dex, Inc.",62.49,4077852.16,True,93.43,6a,1.0,26.57,91.44,92.36,90.73,93.43,89.33,91.23,50.67,8.38,51.23,95.57
1625278,NRDS,"NerdWallet, Inc.",9.74,5879874.85,True,93.4,6a,1.0,26.63,55.72,77.5,91.38,93.4,92.48,85.2,89.09,98.63,3.71,52.18
1770787,TXG,"10x Genomics, Inc.",80.65,195629757.42,True,93.4,1h,1.0,28.56,93.4,82.29,64.16,50.73,39.47,35.1,94.03,76.29,50.94,99.91
1743102,JFIN,Jiayin Group Inc.,1.35,62711.0,False,93.37,1y,3.0,57.44,58.13,72.39,84.34,87.76,93.37,99.58,50.43,93.61,25.17,7.88
912958,TIGO,Millicom International Cellular S.A.,79.48,96440229.41,True,93.37,1h,1.0,14.12,93.37,88.47,80.95,77.95,76.11,59.17,5.94,73.31,50.94,97.71
939767,EXEL,"Exelixis, Inc.",59.86,119266822.33,True,93.37,3a,1.0,0.09,81.13,89.63,93.37,91.68,87.4,92.45,87.34,90.82,5.79,79.73
95574,SGC,"Superior Group of Companies, Inc.",13.05,470456.0,False,93.34,6a,1.0,20.59,75.25,84.96,90.85,93.34,92.51,70.61,50.67,93.61,51.23,84.25
712771,CNOB,"ConnectOne Bancorp, Inc.",29.94,11164905.65,True,93.28,1a,1.0,5.91,93.16,93.28,92.39,90.31,85.02,95.04,50.67,24.64,16.82,80.27
1788451,LIFE,Ethos Technologies Inc.,36.96,41343442.74,True,93.19,1y,2.0,40.03,37.12,59.67,83.09,92.36,93.19,57.5,11.26,83.3,18.16,94.15
1439725,BDSX,"Biodesix, Inc.",26.02,1900068.03,True,93.19,1h,2.0,43.63,93.19,90.25,84.43,80.18,75.04,58.63,50.67,40.3,29.3,97.56
1013272,NWFL,Norwood Financial Corp.,33.53,1049158.46,True,93.16,3a,1.0,5.11,85.77,90.73,93.16,90.85,88.05,83.09,50.79,86.54,3.8,86.84
803164,COFS,"ChoiceOne Financial Services, Inc.",32.48,2603315.96,True,93.14,1a,1.0,3.86,89.69,93.14,93.11,91.23,84.52,97.3,50.67,16.67,12.1,77.95
1394056,OSS,"One Stop Systems, Inc.",7.74,8682357.97,True,93.14,1h,3.0,61.63,93.14,87.19,76.73,71.29,67.49,64.13,50.67,84.25,50.94,96.11
1069533,RGCO,RGC Resources Inc.,22.29,305690.99,False,93.14,6a,1.0,19.61,72.3,83.54,91.17,93.14,92.45,82.76,50.67,96.73,17.86,69.99
916907,SMBC,"Southern Missouri Bancorp, Inc.",69.93,6345587.93,True,93.11,1a,1.0,4.19,92.51,93.11,91.26,87.01,83.83,79.52,50.67,40.53,15.07,88.71
1991792,CGON,"CG Oncology, Inc.",63.82,61675723.89,True,93.11,1h,2.0,45.08,93.11,87.01,73.02,57.33,47.43,78.54,50.67,38.84,8.23,94.83
1496443,PAYS,"Paysign, Inc.",15.37,7926633.95,True,93.11,6a,1.0,25.23,68.26,82.41,89.57,93.11,93.02,71.32,50.67,68.8,74.12,99.44
1013934,STRA,"Strategic Education, Inc.",82.39,21327885.98,True,93.08,1y,1.0,3.12,75.66,87.28,92.87,92.21,93.08,94.47,50.43,95.39,17.3,54.86
1829864,TASK,"TaskUs, Inc.",8.14,3483884.0,True,93.05,6a,1.0,29.66,75.81,86.57,92.42,93.05,92.75,95.27,50.67,88.8,29.15,45.68
811589,FBNC,First Bancorp,59.17,12648722.29,True,93.02,1h,1.0,4.52,93.02,90.43,85.88,77.98,66.48,94.95,98.16,14.77,2.56,89.18
1652535,ICHR,Ichor Holdings,58.83,43682277.94,True,92.96,1h,2.0,43.92,92.96,84.73,71.74,61.55,59.64,66.06,50.67,85.88,50.94,98.37
751365,VIRC,Virco Manufacturing Corporation,6.48,124133.5,False,92.96,6a,2.0,30.52,78.1,84.87,91.92,92.96,91.65,66.06,50.67,99.94,27.1,54.98
891103,MTCH,"Match Group, Inc.",41.5,118017508.31,True,92.96,1y,1.0,1.16,77.56,87.4,91.47,92.45,92.96,89.96,13.19,95.87,51.53,65.68
889331,LFUS,"Littelfuse, Inc.",426.5,85261477.19,True,92.93,1h,1.0,9.18,92.93,89.36,85.65,84.7,81.84,57.83,92.45,83.42,71.56,94.92
1275014,UCTT,"Ultra Clean Holdings, Inc.",68.59,79657586.83,True,92.9,1h,2.0,35.25,92.9,85.82,71.59,62.76,59.79,80.74,50.67,17.44,29.75,97.89
1297341,KFFB,Kentucky First Federal Bancorp,5.75,25522.0,False,92.9,6a,1.0,20.77,74.95,86.06,91.71,92.9,91.95,86.51,50.67,68.23,51.23,94.65
1377789,AVNW,"Aviat Networks, Inc.",20.77,2646115.04,True,92.9,1y,1.0,29.45,72.39,81.75,89.36,92.27,92.9,91.03,89.87,26.72,76.79,58.37
1034054,SBAC,SBA Communications Corporation,182.49,153185591.14,True,92.9,3a,1.0,9.93,76.05,87.99,92.9,90.55,92.21,97.56,94.95,99.55,76.79,47.28
1025835,EFSC,Enterprise Financial Services Corporation,58.59,13150240.07,True,92.9,1a,1.0,5.26,92.6,92.9,89.9,83.77,75.39,99.29,15.22,17.41,0.83,73.08
1828962,CRCT,"Cricut, Inc.",6.39,3609698.49,True,92.87,6a,1.0,13.14,89.42,91.5,91.86,92.87,92.63,95.99,16.11,41.96,85.17,56.7
1496099,NMFC,New Mountain Finance Corporation,6.73,3414696.53,True,92.87,1y,1.0,13.37,87.79,90.22,90.94,89.72,92.87,89.87,50.43,96.52,51.53,34.26
103145,VECO,Veeco Instruments Inc.,52.28,35680994.44,True,92.78,1h,2.0,39.35,92.78,83.77,69.12,59.29,55.36,68.53,96.94,84.58,29.09,96.32
1817358,ASO,"Academy Sports and Outdoors, Inc.",53.49,67899735.77,True,92.78,3a,1.0,11.41,72.96,84.61,92.78,92.39,92.15,93.25,50.79,97.24,50.19,64.16
1297184,AMPH,"Amphastar Pharmaceuticals, Inc.",26.62,9677521.05,True,92.78,6a,1.0,17.27,71.17,84.49,91.44,92.78,90.58,93.22,5.68,96.55,26.03,53.85
1831096,GEG,"Great Elm Group, Inc. ",2.15,9396.0,False,92.78,1y,2.0,42.59,69.51,81.22,86.09,89.66,92.78,79.08,50.43,96.94,26.54,63.18
1288469,MXL,"MaxLinear, Inc",93.7,200353001.33,True,92.75,1h,2.0,53.52,92.75,80.86,58.9,48.83,42.2,62.97,50.67,24.67,97.65,99.76
354647,CVBF,CVB Financial Corporation,21.49,27284177.45,True,92.69,1h,1.0,10.85,92.69,89.66,81.81,74.12,71.95,95.9,50.67,79.85,50.94,85.74
914122,PPIH,"Perma-Pipe International Holdings, Inc.",31.32,1843517.97,True,92.69,6a,1.0,24.28,88.53,90.52,91.8,92.69,91.38,84.13,50.67,77.65,51.23,74.71
203596,WSBC,"WesBanco, Inc.",36.59,32961316.31,True,92.66,1h,1.0,26.03,92.66,90.76,83.86,71.26,63.66,91.68,88.71,76.32,0.45,87.46
76282,PKOH,Park-Ohio Holdings Corp.,49.03,3093561.04,True,92.63,6a,1.0,24.04,73.4,84.75,91.11,92.63,92.39,70.88,50.67,64.61,51.23,99.14
946673,BANR,Banner Corporation,66.43,21305083.42,True,92.6,1a,1.0,3.54,91.47,92.6,90.07,84.99,82.62,97.38,50.67,33.16,31.92,73.46
1753673,SJ,Scienjoy Holding Corporation,0.97,12251.0,False,92.6,1y,3.0,59.55,40.98,67.9,83.74,90.4,92.6,61.93,50.43,24.55,51.53,99.08
1985273,TOYO,"TOYO Co., Ltd",4.37,2845900.97,False,92.57,1y,3.0,58.72,67.9,74.29,80.06,86.81,92.57,84.99,50.43,53.58,95.42,33.34
1720420,IBEX,IBEX Limited,44.4,4023358.43,True,92.54,1y,1.0,8.02,76.94,84.99,89.24,91.95,92.54,87.64,50.43,21.9,74.68,66.66
785786,PLXS,Plexus Corp.,262.54,55780923.21,True,92.54,1h,1.0,9.09,92.54,85.17,73.05,62.23,53.97,80.03,94.53,62.23,86.72,95.22
34782,SRCE,1st Source Corporation,83.9,9281659.92,True,92.45,1a,1.0,2.38,91.89,92.45,91.59,89.87,89.3,73.43,50.67,34.99,50.04,89.18
2044523,ORIQ,Origin Investment Corp I,10.41,0.0,False,92.42,1y,3.0,58.48,67.16,76.11,83.95,87.99,92.42,71.59,50.43,53.58,51.53,86.33
1421642,MSLE,Satellos Bioscience Inc.,7.34,311653.99,False,92.42,1h,3.0,59.26,92.42,86.6,79.32,73.25,68.56,50.98,50.67,51.59,28.08,94.77
745732,ROST,"Ross Stores, Inc.",222.41,499700302.4,True,92.39,1h,1.0,4.55,92.39,86.95,74.23,58.9,48.65,75.57,98.4,74.41,80.27,91.71
1708688,IFRX,InflaRx N.V.,1.53,1230611.5,False,92.36,1h,3.0,68.38,92.36,86.69,79.73,74.8,72.1,50.98,50.67,51.59,50.94,95.25
75362,PCAR,PACCAR Inc.,108.04,350275272.7,True,92.36,1y,1.0,3.89,85.08,90.4,92.15,91.86,92.36,87.19,97.95,66.84,28.11,84.25
885550,CACC,Credit Acceptance Corporation,547.6,66662195.71,True,92.36,3a,1.0,9.15,80.33,88.71,92.36,89.69,89.21,94.06,92.18,86.15,6.98,71.35
1973239,ARM,Arm Holdings plc,266.28,1212833254.82,True,92.33,1h,2.0,42.56,92.33,78.22,55.57,46.75,39.76,60.33,4.93,76.88,91.11,98.93
1385613,GLRE,"Greenlight Reinsurance, Ltd.",14.97,2034742.52,True,92.3,6a,1.0,13.82,70.91,81.46,89.09,92.3,91.83,77.62,50.67,91.29,51.23,75.54
1981546,CBK,"Commercial Bancgroup, Inc.",30.89,1343916.48,True,92.3,1h,1.0,10.73,92.3,92.21,87.31,86.51,79.2,92.99,50.67,20.74,50.94,86.75
1829576,CARE,"Carter Bankshares, Inc.",30.16,8811361.5,True,92.3,1a,1.0,7.31,90.79,92.3,90.16,86.18,83.39,80.3,50.67,89.21,20.98,89.99
2055879,VNME,Vendome Acquisition Corporation I,10.31,0.0,False,92.3,1y,2.0,52.99,73.52,80.24,86.24,88.86,92.3,78.66,50.43,53.58,51.53,79.05
1386716,SBLK,Star Bulk Carriers Corp.,29.7,44320684.13,True,92.27,1y,1.0,7.22,91.71,90.07,90.31,91.8,92.27,38.96,98.48,86.57,99.41,95.16
80035,PLPC,Preformed Line Products Company,397.25,30439596.4,True,92.27,1h,1.0,23.21,92.27,85.79,74.09,62.32,53.7,80.68,50.67,15.69,50.94,96.4
357173,OSBC,"Old Second Bancorp, Inc.",24.61,11236530.22,True,92.24,1a,1.0,12.33,91.59,92.24,92.1,88.56,83.86,92.75,16.61,12.27,18.37,85.47
1027664,ESLT,Elbit Systems Ltd.,655.74,54045047.28,True,92.24,1h,1.0,28.2,92.24,88.23,77.12,65.56,53.08,76.76,0.09,25.29,1.4,93.55
1818093,SKIN,SkinHealth Systems Inc.,0.55,252650.5,False,92.24,1y,4.0,82.79,85.94,81.78,85.17,88.29,92.24,93.85,50.43,85.26,51.53,18.81
1088034,USIO,"Usio, Inc.",2.78,613143.5,False,92.18,1h,2.0,41.28,92.18,92.01,89.99,90.61,88.8,68.65,50.67,31.29,93.76,93.28
1649739,BAFN,BayFirst Financial Corp.,5.38,299661.99,False,92.18,1y,2.0,46.33,91.32,90.1,89.3,89.27,92.18,74.15,50.43,37.06,78.6,54.74
2033377,MGRT,Mega Fortune Company Limited,102.0,1101591.48,True,92.18,1a,3.0,68.65,91.8,92.18,89.45,85.88,80.03,74.23,50.67,53.97,50.04,96.55
1874071,PDLB,"Ponce Financial Group, Inc.",20.05,1367505.02,True,92.12,3a,1.0,6.3,88.89,91.17,92.12,91.89,90.37,78.1,50.79,76.46,31.8,83.27
1172052,SAFT,"Safety Insurance Group, Inc.",103.82,13693936.88,True,92.12,6a,1.0,16.08,83.03,87.64,92.01,92.12,91.41,71.26,50.67,29.06,77.62,93.22
1876431,PRE,Prenetics Global Limited,21.84,4091821.06,True,92.12,1y,2.0,36.43,67.19,81.63,88.89,91.08,92.12,45.32,50.43,77.74,77.12,97.8
1436208,LEGH,Legacy Housing Corporation,27.81,2238420.0,True,92.12,1h,1.0,7.67,92.12,89.03,82.79,80.12,72.6,90.4,50.67,28.47,76.49,86.06
1513845,NBIS,Nebius Group N.V.,221.07,3597148279.84,True,92.1,1h,2.0,39.44,92.1,78.75,52.07,39.82,34.74,73.55,10.01,88.83,50.94,97.65
1834376,INNV,InnovAge Holding Corp.,9.11,2707003.97,True,92.07,6a,2.0,31.89,80.21,86.03,90.88,92.07,90.22,76.52,50.67,31.0,90.58,95.48
839923,VOD,Vodafone Group Plc,15.56,56277576.89,True,92.04,1h,1.0,8.32,92.04,88.56,82.76,79.14,78.96,50.98,10.07,51.59,88.14,94.47
46080,HAS,"Hasbro, Inc.",93.32,138118562.0,True,92.01,1y,2.0,34.59,63.6,77.03,88.08,90.49,92.01,74.35,98.19,72.04,23.06,91.26
928876,TSEM,Tower Semiconductor Ltd.,228.71,354398171.39,True,92.01,1h,2.0,31.38,92.01,83.48,70.13,58.78,56.49,65.74,14.03,83.06,89.84,97.92
88948,SENEA,Seneca Foods Corp.,178.34,17276757.29,True,91.98,1y,1.0,18.22,88.86,90.61,90.28,91.59,91.98,80.27,90.28,19.82,99.58,89.15
1833141,HELP,Helus Pharma Inc. ,11.8,15957262.34,True,91.95,3a,2.0,39.7,82.82,90.13,91.95,91.32,88.53,51.04,50.79,90.25,32.66,97.83
1683825,TRVG,trivago N.V.,4.19,629888.49,False,91.92,1h,2.0,48.32,91.92,83.42,72.07,64.7,57.74,50.98,5.32,40.09,50.94,97.74
2100704,EWAV,East West Ave Acquisition Corp.,9.92,131560.0,False,91.92,1y,4.0,85.38,64.28,73.16,83.3,86.48,91.92,51.25,50.43,97.53,51.53,75.1
709337,FMNB,Farmers National Banc Corp.,14.97,5716151.83,True,91.89,1a,1.0,18.34,90.58,91.89,90.43,89.24,89.93,88.53,86.54,75.54,72.3,73.91
80420,POWL,"Powell Industries, Inc.",191.93,108520689.15,True,91.86,1h,2.0,31.8,91.86,87.67,79.82,72.54,75.07,88.5,6.57,86.24,78.04,92.51
1964789,HUT,Hut 8 Corp.,84.27,415485715.36,True,91.83,1h,2.0,50.31,91.83,80.21,62.05,48.44,40.95,67.13,50.67,85.11,50.94,97.68
1337117,ITRN,Ituran Location and Control Ltd.,51.78,5966994.88,True,91.8,1a,1.0,17.15,91.0,91.8,90.7,89.93,88.77,86.21,50.67,53.97,50.04,86.86
1847075,SAIH,SAIHEAT Limited,25.61,254929.0,False,91.8,1y,3.0,55.72,59.49,75.6,87.9,90.01,91.8,43.51,50.43,53.58,51.53,99.88
1020214,CERS,Cerus Corporation,2.3,4825649.85,False,91.77,6a,2.0,48.97,73.67,84.1,89.51,91.77,86.54,78.16,50.67,82.23,76.49,92.21
1584549,VFF,"Village Farms International, Inc.",2.68,1820467.95,False,91.77,1h,2.0,50.37,91.77,89.42,86.33,84.43,84.25,89.87,86.39,27.1,74.83,65.17
1066194,EGAN,eGain Corporation,5.32,966537.99,False,91.77,1y,2.0,38.1,86.6,85.5,85.38,87.22,91.77,91.29,11.95,96.7,51.53,9.51
1734107,SOHU,Sohu.com Limited ,12.74,636588.0,False,91.68,1y,1.0,27.9,67.99,80.95,88.92,91.14,91.68,84.04,88.65,98.16,51.53,56.4
1839970,BLSM,"BlossomHill Therapeutics, Inc.",17.48,3713087.04,True,91.68,1h,2.0,43.36,91.68,89.33,87.93,83.12,82.29,50.98,50.67,97.68,14.09,72.48
1466026,MSBI,"Midland States Bancorp, Inc.",32.56,4857078.49,True,91.68,1a,1.0,3.24,88.95,91.68,90.04,86.92,81.31,77.38,50.67,34.26,72.75,94.68
1754301,FOXA,Fox Corporation,62.41,299476711.95,True,91.65,3a,1.0,11.26,85.02,89.9,91.65,89.15,87.55,89.9,2.32,99.26,12.72,61.04
709283,QMCO,Quantum Corporation,30.42,21192502.61,True,91.65,1h,4.0,84.4,91.65,79.85,60.39,53.82,55.07,39.76,96.34,78.81,88.68,99.11
783412,DJCO,Daily Journal Corp. (S.C.),642.18,36423441.44,True,91.62,1h,1.0,3.03,91.62,89.93,88.35,83.42,85.23,76.08,6.89,33.91,50.94,89.27
740664,RFIL,"RF Industries, Ltd.",8.31,2480680.02,True,91.62,1y,2.0,48.83,76.55,80.06,83.42,87.43,91.62,73.11,94.06,31.08,95.19,87.01
907242,MCRI,"Monarch Casino & Resort, Inc.",115.37,17529781.28,True,91.59,1a,1.0,7.93,90.55,91.59,89.06,85.79,85.17,90.97,86.51,88.77,50.04,76.05
849146,LFVN,Lifevantage Corporation,6.0,317014.0,False,91.59,1y,2.0,46.75,66.33,75.48,85.71,90.34,91.59,75.57,15.93,85.82,70.04,44.52
799167,MRTN,"Marten Transport, Ltd.",12.79,9218790.03,True,91.56,1h,1.0,21.34,91.56,91.47,88.32,82.94,80.45,83.03,50.67,41.16,7.22,87.49
1969928,TJGC,TJGC Group Limited,33.28,4028093.99,True,91.53,3a,2.0,51.68,83.18,89.06,91.53,91.44,89.42,68.71,50.79,53.16,50.19,98.63
1944885,APLM,Apollomics Inc.,21.5,151290.0,False,91.53,1h,3.0,56.82,91.53,89.57,83.27,76.05,67.79,39.14,50.67,98.16,13.82,88.53
1683695,IMXI,"International Money Express, Inc.",12.43,5065046.98,True,91.53,1y,1.0,26.92,55.63,72.04,87.28,88.23,91.53,81.46,50.43,88.08,75.6,60.21
1478320,ADPT,Adaptive Biotechnologies Corporation,26.49,53591655.14,True,91.5,1h,2.0,33.28,91.5,83.0,72.87,60.51,47.34,70.58,96.76,35.42,4.61,95.07
859070,FCBC,"First Community Bankshares, Inc.",47.34,3918575.96,True,91.41,1a,1.0,8.68,89.63,91.41,89.33,85.32,81.22,94.35,50.67,14.35,29.99,86.27
1688757,ESTA,Establishment Labs Holdings Inc.,61.67,28694041.12,True,91.41,1h,2.0,39.79,91.41,87.49,78.63,69.45,61.87,77.86,50.67,78.96,15.16,94.15
797721,VSAT,"ViaSat, Inc.",72.01,124297931.26,True,91.38,1a,2.0,30.55,88.68,91.38,90.1,87.7,88.11,87.46,95.96,80.74,97.12,91.71
879635,MPB,Mid Penn Bancorp,36.17,3954132.02,True,91.35,3a,1.0,29.51,88.14,90.67,91.35,91.17,86.51,94.5,50.79,13.61,50.19,80.33
1421517,ERII,"Energy Recovery, Inc.",6.84,6358683.03,True,91.35,1y,2.0,30.31,53.73,66.48,79.76,86.12,91.35,89.72,12.12,97.24,96.43,21.07
1826681,PDYN,Palladyne AI Corp.,5.04,4380636.04,True,91.29,1h,3.0,55.01,91.29,89.69,84.75,85.82,88.71,93.49,50.67,89.0,98.45,53.05
1338940,PERI,Perion Network Ltd,8.86,2604753.43,True,91.29,1y,1.0,18.07,56.43,70.34,83.8,90.79,91.29,86.63,85.68,73.25,96.88,60.98
1499780,GLBS,Globus Maritime Limited,3.5,441538.99,False,91.29,6a,2.0,38.16,80.95,86.15,89.15,91.29,89.45,45.74,50.67,91.11,90.22,98.78
1701758,LOVE,The Lovesac Company,14.21,3240542.08,True,91.26,6a,1.0,28.71,86.33,88.86,88.97,91.26,89.03,91.74,90.73,90.37,51.23,50.46
886977,MEOH,Methanex Corporation,62.04,41355722.54,True,91.23,1y,1.0,10.22,60.71,73.49,83.24,88.05,91.23,59.79,6.66,53.58,97.74,98.1
1046025,HFWA,Heritage Financial Corporation,27.16,11213058.02,True,91.23,1h,1.0,16.61,91.23,89.78,86.0,81.52,75.66,92.6,50.67,15.81,50.94,85.05
1479615,SLN,Silence Therapeutics Plc,9.86,8923913.2,True,91.17,1h,3.0,55.36,91.17,89.48,85.2,83.6,76.37,38.45,50.67,51.59,5.77,97.59
1802974,AVO,"Mission Produce, Inc.",11.73,9340662.07,True,91.14,1h,1.0,26.48,91.14,81.49,75.51,62.38,58.81,78.04,93.88,15.72,71.98,85.26
315374,HURC,"Hurco Companies, Inc.",21.0,379546.99,False,91.11,1a,1.0,24.46,91.03,91.11,89.03,90.88,90.31,81.52,50.67,67.85,69.03,81.22
1746109,BFC,Bank First Corporation,145.41,11189639.84,True,91.08,1h,1.0,10.91,91.08,87.88,81.43,72.24,68.29,92.18,87.9,89.18,72.87,85.2
1579428,AXSM,"Axsome Therapeutics, Inc.",168.35,143788465.11,True,91.05,1h,2.0,34.89,91.05,82.94,68.32,54.65,46.57,67.19,50.67,84.87,11.0,96.43
1000228,HSIC,"Henry Schein, Inc.",84.01,98014482.81,True,90.97,1h,1.0,0.42,90.97,90.46,85.44,81.63,79.94,81.93,6.78,94.15,17.0,83.18
1069899,PAHC,Phibro Animal Health Corporation,38.3,7236470.12,True,90.97,6a,2.0,30.04,77.15,85.77,90.91,90.97,90.67,98.07,15.72,29.99,73.67,49.96
1432133,KLTR,"Kaltura, Inc.",1.32,361778.5,False,90.97,1y,2.0,37.18,62.14,74.8,83.48,88.44,90.97,66.6,50.43,97.92,87.82,58.28
1826660,WETH,Wetouch Technology Inc.,0.93,68137.5,False,90.94,1y,4.0,80.89,78.19,75.72,83.21,86.63,90.94,100.0,50.43,4.34,32.15,54.5
1743759,CRSR,"Corsair Gaming, Inc.",13.63,14623752.12,True,90.91,1a,2.0,36.88,89.09,90.91,90.25,89.21,84.28,84.28,50.67,65.5,16.49,90.58
1610590,MBAI,MBody AI Ltd.,3.01,113785.5,False,90.91,1y,4.0,78.9,83.3,81.07,80.89,83.71,90.91,86.15,50.43,53.58,94.92,32.63
108312,WWD,"Woodward, Inc.",335.51,195575089.95,True,90.91,6a,1.0,14.32,74.0,80.15,88.74,90.91,90.4,75.19,99.14,73.82,32.81,88.68
1760854,NBTX,Nanobiotix S.A.,23.68,4823904.54,True,90.91,1h,2.0,53.16,90.91,86.21,80.59,76.85,73.94,50.98,50.67,51.59,50.94,94.38
2028177,YOUL,Youlife Group Inc.,0.36,27368.5,False,90.88,1y,3.0,69.48,81.16,79.91,80.21,82.23,90.88,98.04,50.43,53.58,74.44,16.23
1423689,AGNC,AGNC Investment Corp.,8.67,253287542.95,True,90.88,1a,1.0,14.89,90.43,90.88,86.78,80.36,70.67,97.21,95.22,35.75,0.21,69.66
1493761,TBCH,Turtle Beach Corporation,13.24,3567829.99,True,90.85,1a,1.0,24.37,89.84,90.85,90.4,90.64,90.85,89.78,50.67,94.12,23.06,54.56
1703956,BBCP,"Concrete Pumping Holdings, Inc. ",9.36,1494363.49,True,90.82,1h,1.0,27.7,90.82,89.21,83.83,82.73,75.42,67.52,50.67,80.12,50.94,93.16
924719,SMID,Smith-Midland Corporation,22.4,347346.51,False,90.82,1y,4.0,81.84,64.49,76.14,84.28,89.12,90.82,86.33,50.43,78.31,51.53,45.23
821026,ANDE,"The Andersons, Inc.",63.89,21993425.22,True,90.73,1h,1.0,17.12,90.73,88.05,84.25,81.58,81.63,43.89,12.54,40.45,82.91,94.56
1580560,FLYW,Flywire Corporation,18.76,26499030.97,True,90.7,6a,1.0,21.16,75.16,85.14,90.34,90.7,88.86,90.76,50.67,63.63,73.91,83.68
1017303,TACT,TransAct Technologies Incorporated,4.49,78332.0,False,90.7,1y,2.0,37.38,84.7,85.56,87.1,89.42,90.7,70.58,50.43,76.49,51.53,61.6
1403475,BMRC,Bank of Marin Bancorp,26.67,3716218.0,True,90.7,1h,1.0,7.61,90.7,89.99,88.83,87.4,85.26,81.6,50.67,24.64,50.94,83.3
4127,SWKS,"Skyworks Solutions, Inc.",76.35,363944989.88,True,90.67,1h,1.0,24.01,90.67,82.38,60.68,48.77,52.69,64.01,92.42,72.1,72.15,93.37
1325670,FRST,Primis Financial Corp.,15.25,2279694.01,True,90.64,1h,1.0,12.21,90.64,90.49,88.05,85.38,81.55,92.21,50.67,13.97,76.26,89.99
825324,GTIM,Good Times Restaurants Inc.,1.49,53980.0,False,90.61,1y,1.0,27.85,62.29,71.89,81.99,88.59,90.61,71.2,50.43,80.56,51.53,79.44
1571123,SAIC,Science Applications International Corporation,134.66,49666482.77,True,90.61,3a,1.0,0.36,78.16,88.83,90.61,90.1,89.12,89.63,93.67,97.38,26.12,76.85
1746129,BSVN,Bank7 Corp.,54.79,2003060.03,True,90.58,6a,2.0,40.89,84.87,87.7,88.8,90.58,84.99,95.45,50.67,10.19,51.23,74.86
1981662,NIVF,NewGenIvf Group Limited,0.07,1210851.13,False,90.55,1y,3.0,71.2,63.39,68.95,80.12,82.29,90.55,36.61,50.43,96.91,22.62,85.59
1868279,AVBP,"ArriVent BioPharma, Inc.",16.73,14291038.98,True,90.52,1h,3.0,56.23,90.52,76.37,60.45,42.67,33.31,44.49,50.67,84.61,4.55,96.49
854775,DGII,Digi International Inc.,75.63,25634856.6,True,90.49,1y,1.0,17.03,79.17,82.62,84.93,88.68,90.49,61.28,14.38,37.95,97.77,97.15
1787414,BSBK,Bogota Financial Corp.,9.08,51613.5,False,90.46,6a,1.0,7.19,73.76,81.99,88.47,90.46,90.01,89.3,50.67,22.47,51.23,62.56
1943444,TRSG,Tungray Technologies Inc,1.15,2528.0,False,90.46,1y,2.0,51.38,60.53,72.01,82.35,86.78,90.46,69.9,50.43,53.58,51.53,94.03
1810019,RXT,"Rackspace Technology, Inc.",3.9,24548769.78,False,90.46,1h,3.0,58.1,90.46,88.5,84.55,77.38,78.07,59.38,1.75,85.79,89.24,96.97
1758021,KRT,Karat Packaging Inc.,54.58,6150041.91,True,90.43,6a,1.0,23.86,86.09,89.18,89.69,90.43,87.67,88.44,50.67,13.79,98.9,94.77
726854,CHCO,City Holding Company,139.97,15745576.12,True,90.43,1y,1.0,0.74,86.69,88.77,89.21,89.39,90.43,80.48,0.62,84.46,72.63,76.88
887596,CAKE,The Cheesecake Factory Incorporated,108.45,149877639.32,True,90.37,1a,1.0,6.63,88.74,90.37,88.2,83.06,77.38,84.7,0.83,92.6,21.04,92.51
1840706,SOPH,SOPHiA GENETICS SA,7.41,3457815.12,True,90.34,1h,2.0,36.46,90.34,85.23,78.28,75.07,71.32,50.98,9.45,79.47,50.94,96.52
39092,FRD,Friedman Industries Inc.,41.98,2256972.56,True,90.34,1y,2.0,33.85,80.24,87.73,88.29,89.99,90.34,78.4,50.43,18.6,82.29,98.45
1710072,EWTX,"Edgewise Therapeutics, Inc.",39.06,48199356.97,True,90.31,1h,2.0,40.09,90.31,85.32,78.99,73.16,53.46,44.1,50.67,29.66,11.65,98.07
1672909,CPHC,Canterbury Park Holding Corporation,15.7,18024.0,False,90.28,1y,1.0,18.84,72.12,81.69,86.89,88.8,90.28,90.07,86.92,35.13,51.53,66.21
1717307,ILPT,Industrial Logistics Properties Trust,7.19,2612992.05,True,90.28,6a,1.0,28.41,75.96,85.26,88.65,90.28,85.62,87.93,50.67,12.07,51.23,92.15
723125,MU,"Micron Technology, Inc.",1035.84,29860787417.24,True,90.22,1h,1.0,29.3,90.22,79.76,59.47,50.16,49.48,70.94,10.55,87.99,88.56,97.47
1085243,VTSI,"VirTra, Inc.",2.69,76476.5,False,90.19,1y,2.0,45.02,67.67,73.82,82.5,86.45,90.19,81.07,50.43,77.47,23.95,36.76
1425205,IOVA,"Iovance Biotherapeutics, Inc.",13.31,106655573.65,True,90.19,1h,2.0,52.6,90.19,79.47,66.51,52.54,42.62,36.08,9.48,32.39,74.77,98.84
880641,EFSI,Eagle Financial Services Inc,45.53,1835502.04,True,90.16,6a,1.0,7.1,73.46,83.24,88.38,90.16,81.96,92.48,50.67,11.0,11.8,83.33
1954694,LGCL,Lucas GC Limited,2.23,404441.5,False,90.16,1y,3.0,64.58,78.34,77.3,78.19,81.69,90.16,93.11,50.43,53.58,51.53,8.89
792966,FMAO,"Farmers & Merchants Bancorp, Inc.",34.55,1757040.03,True,90.16,1a,1.0,6.51,89.06,90.16,87.82,85.97,77.27,89.87,50.67,18.57,50.04,88.62
2023153,HTLM,HomesToLife Ltd,1.72,6512.2,False,90.16,1h,3.0,55.25,90.16,86.09,81.93,81.66,84.4,99.44,50.67,51.59,68.59,53.11
54187,MAYS,"J. W. Mays, Inc.",40.95,0.0,False,90.13,1y,1.0,28.77,58.87,73.7,87.07,89.75,90.13,68.5,50.43,75.16,26.45,83.15
2055459,RDAG,Republic Digital Acquisition Company,10.44,13971.0,False,90.1,1y,1.0,21.58,71.0,79.08,85.82,88.2,90.1,80.86,50.43,53.58,51.53,73.4
317788,APPS,"Digital Turbine, Inc.",10.43,29824148.66,True,90.1,1h,2.0,48.29,90.1,81.72,70.28,66.48,62.47,43.18,50.67,27.34,72.39,96.37
2097163,XNDU,Xanadu Quantum Technologies Limited,3.9,12617325.0,False,90.07,1y,4.0,80.09,80.86,79.79,80.51,83.36,90.07,51.25,50.43,53.58,87.79,76.02
728535,JBHT,"J.B. Hunt Transport Services, Inc.",229.26,235582243.74,True,90.01,1h,1.0,9.12,90.01,86.72,81.9,76.94,78.19,70.01,9.84,95.57,89.69,93.4
1087294,CPIX,Cumberland Pharmaceuticals Inc.,7.03,507941.51,False,90.01,1a,2.0,41.16,88.59,90.01,88.95,89.57,83.92,45.47,9.54,13.85,69.45,97.77
2058584,DKI,DarkIris Inc.,0.34,73457.0,False,89.99,1h,4.0,85.26,89.99,82.91,77.24,75.42,79.52,19.41,50.67,51.59,50.94,99.52
230557,SIGI,"Selective Insurance Group, Inc.",84.22,37132230.72,True,89.99,1y,1.0,5.32,80.3,82.53,86.86,87.96,89.99,71.26,50.43,81.13,97.15,68.32
1226616,MNOV,"MediciNova, Inc.",1.54,84486.5,False,89.96,1h,3.0,69.24,89.96,85.08,77.56,78.1,70.31,63.45,50.67,6.0,11.59,94.53
1163668,SPFI,"South Plains Financial, Inc.",42.32,4794819.93,True,89.96,1a,1.0,16.4,88.5,89.96,87.7,84.49,82.97,96.26,50.67,27.99,50.04,73.49
2035709,PHOE,Phoenix Asia Holdings Limited,17.51,262875.0,False,89.93,1h,4.0,76.46,89.93,84.34,79.02,71.71,68.14,57.03,50.67,51.59,50.94,92.6
1710482,JMSB,"John Marshall Bancorp, Inc.",22.8,1107604.01,True,89.9,6a,1.0,3.18,80.77,86.51,88.23,89.9,78.81,97.74,50.67,8.95,3.39,76.23
1141688,LARK,Landmark Bancorp Inc.,31.16,249119.0,False,89.87,3a,2.0,52.93,80.92,85.35,89.87,88.32,87.19,77.0,50.79,96.08,18.99,81.84
1785680,BVC,BitVentures Limited,12.09,273345.0,False,89.84,6a,3.0,64.81,71.98,82.7,89.6,89.84,85.97,73.76,50.67,53.16,90.04,97.95
790359,NBTB,NBT Bancorp Inc.,50.06,16698467.15,True,89.81,1a,1.0,2.02,88.97,89.81,89.66,85.56,83.33,69.87,89.06,39.67,18.34,82.47
2059653,LSBK,"Lake Shore Bancorp, Inc.",18.25,183076.01,False,89.81,3a,1.0,17.56,83.86,88.11,89.81,89.78,86.66,86.27,50.79,11.41,50.19,88.02
879169,INCY,Incyte Corporation,112.75,176342313.49,True,89.81,1h,1.0,14.8,89.81,86.39,78.93,66.51,53.58,87.1,14.5,69.66,10.49,88.44
1570827,VCTR,"Victory Capital Holdings, Inc.",112.44,65846258.16,True,89.78,1h,1.0,2.08,89.78,89.72,88.11,84.46,77.12,86.66,6.84,69.36,10.31,88.89
2056634,PCAP,ProCap Acquisition Corp,10.4,28520.0,False,89.75,1y,1.0,21.93,70.61,78.25,85.02,87.73,89.75,79.35,50.43,53.58,51.53,73.22
1109138,CAMT,Camtek Ltd.,152.81,61771141.28,True,89.72,1h,2.0,33.08,89.72,80.48,69.63,68.59,58.25,71.05,96.67,31.71,23.89,92.27
1272842,AIRG,"Airgain, Inc.",4.04,325929.51,False,89.69,1y,2.0,47.76,89.51,86.36,82.85,86.21,89.69,40.06,50.43,89.0,98.6,85.02
1040896,IDN,"Intellicheck, Inc.",2.29,746757.51,False,89.66,1y,3.0,56.26,43.71,61.25,73.91,86.27,89.66,83.15,50.43,41.52,85.11,46.18
2031009,KAZR,Skyline Builders Group Holding Limited,2.16,364513.51,False,89.66,1h,2.0,53.88,89.66,84.52,82.05,82.7,89.0,78.1,50.67,97.8,50.94,63.3
1957001,FEBO,Fenbo Holdings Limited,0.77,4029.2,False,89.63,1y,3.0,58.63,28.41,50.82,75.84,85.59,89.63,38.34,50.43,53.58,31.89,94.74
1574094,RNXT,"RenovoRx, Inc.",1.28,755876.25,False,89.6,1h,4.0,87.16,89.6,80.65,70.61,68.62,63.0,26.92,50.67,21.87,77.98,96.91
1681622,VREX,Varex Imaging Corporation,18.46,9931318.63,True,89.6,6a,1.0,28.74,77.95,82.02,84.7,89.6,88.17,72.45,50.67,81.99,98.22,91.95
2038378,ACCL,Acco Group Holdings Limited,2.68,45853.54,False,89.6,1y,2.0,49.69,42.23,62.05,77.3,84.87,89.6,59.88,84.99,53.58,51.53,80.98
1960355,EXYN,"Exyn Technologies, Inc.",2.38,309190.0,False,89.57,1y,4.0,89.9,39.79,53.61,72.15,83.18,89.57,43.83,50.43,53.58,98.01,82.97
1210677,FA,First Advantage Corporation,19.04,32626578.29,True,89.54,3a,1.0,27.49,74.53,85.38,89.54,87.46,83.42,90.61,50.79,31.23,26.45,82.79
1467623,DBX,"Dropbox, Inc.",34.36,131656127.13,True,89.51,6a,1.0,4.49,78.69,86.0,88.26,89.51,87.96,83.86,5.41,98.42,26.86,66.06
1137091,PSIX,"Power Solutions International, Inc.",50.07,13559104.33,True,89.51,1y,2.0,46.48,41.9,51.56,73.58,79.23,89.51,98.96,91.83,19.55,79.88,17.59
88941,SMTC,Semtech Corporation,187.3,374728195.77,True,89.48,1h,1.0,25.91,89.48,81.34,65.02,55.01,46.24,63.77,99.61,87.37,29.57,96.82
1602658,ISTR,Investar Holding Corporation,29.06,2930769.96,True,89.48,3a,2.0,31.86,86.15,88.38,89.48,87.64,81.69,90.22,50.79,15.99,20.65,82.56
1824403,RSVR,"Reservoir Media, Inc..",9.6,435779.99,False,89.45,6a,1.0,12.54,76.88,83.83,88.17,89.45,88.59,82.79,50.67,71.77,81.31,75.87
1298946,DRH,Diamondrock Hospitality Company,12.62,30624869.76,True,89.42,3a,1.0,2.2,81.58,84.37,89.42,87.31,80.21,87.1,50.79,71.08,4.04,87.19
56701,KOSS,Koss Corporation,3.84,62478.0,False,89.39,1y,2.0,33.88,55.48,63.21,73.14,82.02,89.39,73.7,15.48,72.07,95.27,52.63
721994,LKFN,Lakeland Financial Corporation,56.84,9925676.44,True,89.39,1h,1.0,4.31,89.39,87.82,83.68,78.16,73.73,95.1,50.67,62.29,31.41,71.47
1863218,SFWL,Shengfeng Development Limited,8.44,10366.2,False,89.39,3a,3.0,56.29,81.63,86.63,89.39,89.06,86.0,66.48,50.79,53.16,50.19,98.9
826154,ORRF,"Orrstown Financial Services, Inc.",40.9,3922187.02,True,89.39,1a,1.0,7.99,89.18,89.39,87.64,85.35,79.55,95.75,50.67,11.35,12.01,79.85
1655891,TRMD,TORM plc,39.94,24329829.93,True,89.36,6a,1.0,7.52,80.36,84.13,87.43,89.36,88.92,45.82,91.86,64.31,97.86,97.33
1906364,BXBL,"BOXABL, Inc. ",3.2,763294.5,False,89.36,1y,5.0,91.77,52.42,63.71,68.92,81.13,89.36,88.5,50.43,6.67,89.36,42.26
1544522,FRSH,Freshworks Inc.,13.92,76889633.12,True,89.33,6a,1.0,1.43,64.52,78.93,87.88,89.33,86.24,86.72,87.13,97.83,29.03,58.99
1419536,CBNK,"Capital Bancorp, Inc.",38.54,1901442.97,True,89.33,1h,1.0,25.65,89.33,86.27,82.41,81.99,74.56,95.66,50.67,5.88,16.85,86.36
2054507,HBNB,Hotel101 Global Holdings Corp.,4.42,9936.37,False,89.3,1h,2.0,53.22,89.3,83.95,77.15,72.72,69.03,56.17,50.67,51.59,50.94,92.54
1528287,NPCE,"Neuropace, Inc.",12.67,2061527.02,True,89.3,6a,2.0,45.91,77.65,83.51,87.46,89.3,86.95,45.65,50.67,98.31,82.82,81.99
1109345,NVMI,Nova Ltd.,353.0,173163637.92,True,89.27,1h,2.0,33.67,89.27,76.05,55.39,46.33,33.43,83.86,88.47,12.48,11.89,92.12
1054905,IOSP,Innospec Inc.,97.69,15389201.51,True,89.27,1y,1.0,1.19,71.95,78.51,83.98,87.13,89.27,80.36,88.95,42.17,96.61,85.85
1993727,SNT,Senstar Technologies Corporation,1.52,15202.5,False,89.24,1y,2.0,46.36,60.77,68.23,77.83,84.04,89.24,89.69,50.43,53.58,80.77,30.64
1020710,DXPE,"DXP Enterprises, Inc.",180.92,22012183.71,True,89.21,1h,1.0,15.1,89.21,78.37,61.4,48.35,43.24,69.6,50.67,26.3,50.94,94.8
2089271,HONA,Honeywell Aerospace Inc.,157.94,546123172.64,True,89.18,1y,2.0,36.79,50.7,64.84,79.58,85.53,89.18,57.41,99.38,89.17,86.66,57.15
835324,SYBT,"Stock Yards Bancorp, Inc.",75.09,11901642.74,True,89.15,1h,1.0,15.63,89.15,84.25,75.93,60.71,56.2,91.56,50.67,13.22,23.8,84.43
355948,RELL,"Richardson Electronics, Ltd.",20.79,2934455.05,True,89.15,1y,1.0,16.2,63.03,80.62,86.21,87.93,89.15,89.27,97.92,19.88,83.77,96.64
1492298,SBRA,"Sabra Health Care REIT, Inc.",18.96,45633605.02,True,89.12,1a,1.0,16.14,88.17,89.12,87.55,84.81,77.44,93.05,50.67,38.22,74.03,72.63
912766,LAUR,"Laureate Education, Inc.",39.47,36946262.09,True,89.12,3a,1.0,2.11,78.48,85.62,89.12,88.47,84.07,87.76,94.15,88.05,77.33,70.49
832428,SSP,E.W. Scripps Company (The),2.86,1666535.5,False,89.09,6a,2.0,47.22,64.93,78.84,88.56,89.09,87.99,62.91,50.67,39.11,51.23,98.1
1943421,RUBI,Rubico Inc.,0.5,204757.53,False,89.06,1y,3.0,71.92,81.69,80.0,79.47,81.6,89.06,92.33,50.43,53.58,16.43,8.62
792987,ASTE,"Astec Industries, Inc.",38.71,8492332.36,True,89.03,1h,2.0,30.28,89.03,82.11,74.21,67.9,71.05,83.18,50.67,30.64,97.18,73.79
1050797,COLM,Columbia Sportswear Company,57.04,35975807.08,True,89.0,3a,1.0,8.17,85.35,88.59,89.0,86.6,85.65,91.03,91.68,93.58,31.03,65.62
1502292,PRHI,"Presurance Holdings, Inc.",8.28,54030.0,False,88.97,1y,2.0,48.74,26.09,47.19,74.59,85.05,88.97,66.86,50.43,77.95,51.53,75.27
806172,SOTK,Sono-Tek Corporation,7.08,213953.0,False,88.97,6a,1.0,21.46,45.5,68.2,81.66,88.97,88.44,81.4,50.67,80.06,51.23,78.84
1810546,EBC,"Eastern Bankshares, Inc.",21.03,47944351.83,True,88.92,1h,1.0,10.58,88.92,88.8,84.31,76.26,72.24,93.79,9.57,78.51,16.32,79.79
842517,ISBA,Isabella Bank Corporation,37.29,1950482.54,True,88.89,1y,1.0,27.43,87.07,88.32,88.68,88.08,88.89,91.14,9.09,20.59,85.65,63.83
1667011,AIP,"Arteris, Inc. ",22.44,16469726.21,True,88.83,1h,2.0,43.18,88.83,77.89,60.51,52.66,47.85,40.68,50.67,85.68,81.49,97.38
1922641,ENLT,Enlight Renewable Energy Ltd.,67.41,11655002.0,True,88.83,1y,2.0,34.23,71.41,77.44,83.89,87.34,88.83,63.6,94.09,31.89,78.34,98.22
1434647,ZVRA,"Zevra Therapeutics, Inc. ",11.39,10460129.33,True,88.71,6a,2.0,43.06,59.44,73.94,84.46,88.71,85.14,86.89,50.67,78.96,18.16,71.32
1697862,ARGX,argenx SE,825.03,239587640.3,True,88.71,1h,1.0,20.09,88.71,81.87,73.37,67.58,63.45,60.06,96.17,51.59,50.94,89.66
1083446,ASTH,Astrana Health Inc.,37.55,14364882.39,True,88.71,3a,2.0,52.18,74.47,83.6,88.71,87.58,84.19,93.14,50.79,85.88,72.15,76.34
1452477,SEVN,Seven Hills Realty Trust ,6.9,1110292.0,True,88.68,1y,1.0,29.27,65.91,77.68,87.19,88.02,88.68,99.32,50.43,14.26,51.53,54.71
828944,WSFS,WSFS Financial Corporation,75.39,28268250.57,True,88.65,1h,1.0,1.1,88.65,87.58,85.11,83.15,78.72,63.03,88.14,79.08,50.94,90.4
2057030,AXIN,Axiom Intelligence Acquisition Corp 1,10.36,376765.01,False,88.65,1y,1.0,21.87,67.31,76.46,83.77,86.36,88.65,77.0,50.43,53.58,51.53,77.24
1334036,CROX,"Crocs, Inc.",114.98,120799156.85,True,88.62,1h,1.0,9.96,88.62,88.35,80.65,70.64,63.51,57.44,98.1,99.88,10.61,89.36
912767,UFPI,"UFP Industries, Inc.",74.21,34844765.07,True,88.56,1h,1.0,15.72,88.56,85.97,82.88,77.86,80.36,82.05,92.24,95.93,75.9,66.06
2130606,OBX,"Obsidian Therapeutics, Inc.",13.0,3025860.01,True,88.56,1y,3.0,56.08,71.03,74.32,78.4,82.59,88.56,51.25,50.43,53.58,51.53,80.45
1854572,IZM,ICZOOM Group Inc.,0.91,39984.6,False,88.5,1y,3.0,74.09,83.42,81.1,79.29,80.98,88.5,94.8,50.43,53.58,51.53,9.63
1640043,PXS,Pyxis Tankers Inc.,7.79,265723.49,False,88.47,1y,1.0,17.53,58.84,64.52,75.16,83.95,88.47,29.96,50.43,15.81,99.94,99.52
90498,SFNC,Simmons First National Corporation,22.18,27705839.59,True,88.47,1h,1.0,9.57,88.47,86.66,83.71,77.71,65.38,81.28,94.68,34.0,9.3,85.29
1766400,PNTG,"The Pennant Group, Inc.",39.73,9969932.89,True,88.44,3a,1.0,11.95,82.85,87.9,88.44,86.42,84.73,85.94,50.79,40.95,50.19,87.58
1262976,CMPR,Cimpress plc,74.21,13621976.88,True,88.41,6a,1.0,21.63,85.62,87.55,87.34,88.41,82.76,84.78,16.52,90.19,51.23,74.47
2001699,HPAI,Helport AI Limited,0.31,39482.65,False,88.41,1y,3.0,72.66,30.79,44.9,62.59,75.19,88.41,70.31,50.43,53.58,74.03,29.12
763563,CHMG,Chemung Financial Corp ,80.54,5435749.96,True,88.41,3a,1.0,3.98,85.79,87.13,88.41,88.11,86.36,71.89,50.79,30.1,50.19,93.49
842633,TRS,TriMas Corporation,38.15,13629432.38,True,88.38,6a,1.0,8.53,87.88,87.96,87.22,88.38,86.15,85.08,50.67,98.34,23.77,51.35
1651721,GIPR,Generation Income Properties Inc.,0.46,318444.81,False,88.38,1y,5.0,92.21,22.76,41.04,62.97,71.32,88.38,76.64,97.77,20.53,30.7,35.69
726601,CCBG,Capital City Bank Group,48.1,3586545.49,True,88.38,1h,1.0,6.18,88.38,87.76,84.01,77.41,73.67,81.19,50.67,64.49,19.88,83.12
1893645,PLRZ,Polyrizon Ltd.,8.99,454561.49,False,88.35,1h,3.0,61.66,88.35,85.94,83.12,81.87,87.01,39.73,50.67,83.83,90.22,92.84
2056611,LTGO,"Latigo Biotherapeutics, Inc.",16.0,5100000.0,True,88.32,1y,2.0,41.43,50.4,63.45,76.67,82.53,88.32,51.25,50.43,86.54,51.53,81.93
887343,COLB,"Columbia Banking System, Inc.",28.37,83168596.62,True,88.29,1h,1.0,16.11,88.29,85.02,82.08,75.99,62.41,94.12,50.67,64.52,4.07,80.98
100517,UAL,"United Airlines Holdings, Inc.",107.46,445555467.16,True,88.26,1h,1.0,20.95,88.26,82.08,68.68,59.55,50.28,88.38,1.9,63.8,78.69,83.0
2046117,MAGH,Magnitude International Ltd,6.76,0.0,False,88.26,6a,1.0,3.77,82.11,85.71,88.14,88.26,87.76,57.0,50.67,53.16,51.23,99.02
2104391,CATL,Catalyst Acquisition Corp.,9.82,76830.0,False,88.26,1y,3.0,62.7,56.67,65.79,79.49,83.51,88.26,51.25,50.43,95.07,51.53,70.76
1842566,AISP,"Airship AI Holdings, Inc",2.42,541508.01,False,88.23,1y,3.0,64.31,33.85,48.77,69.27,84.07,88.23,84.58,50.43,76.67,98.07,34.65
1764013,IMVT,"Immunovant, Inc. ",30.26,42431567.9,True,88.23,1h,2.0,44.55,88.23,76.02,60.89,50.7,40.03,41.46,1.1,35.75,10.43,99.08
1722010,OPBK,OP Bancorp,14.89,676642.49,False,88.2,1h,2.0,39.97,88.2,87.34,86.63,83.54,84.34,85.26,50.67,16.73,50.94,80.83
2039060,RBNE,Robin Energy Ltd.,2.23,97684.0,False,88.2,1y,3.0,69.69,39.73,47.07,56.34,72.1,88.2,68.02,50.43,70.04,99.2,21.22
2033122,TACO,Berto Acquisition Corp.,10.46,379722.5,False,88.14,1y,1.0,29.21,68.29,76.4,83.15,86.15,88.14,78.48,16.46,53.58,51.53,71.38
1058811,IMMR,Immersion Corporation,7.14,2769864.03,True,88.14,1a,2.0,47.07,87.16,88.14,87.85,86.0,85.29,97.0,12.6,10.67,28.32,72.48
1812364,RLAY,"Relay Therapeutics, Inc.",17.88,50933344.75,True,88.08,1h,2.0,41.63,88.08,80.45,68.74,53.88,46.92,38.72,50.67,75.19,4.7,98.04
880984,ACFN,"Acorn Energy, Inc.",18.69,591240.98,False,88.08,1y,2.0,34.21,67.04,71.95,76.26,84.93,88.08,88.38,95.99,6.6,90.34,59.67
2086841,CBAT,CBAK Energy Technology Limited,1.05,382231.0,False,88.05,1h,3.0,55.96,88.05,78.13,65.65,58.6,57.21,50.98,50.67,51.59,50.94,90.43
1520262,ALKS,Alkermes plc,40.61,76983663.83,True,88.02,1h,1.0,24.61,88.02,81.43,73.11,63.3,51.47,75.01,87.28,86.57,11.98,89.78
356037,CSPI,CSP Inc.,7.36,70465.0,False,88.02,1y,2.0,37.56,68.53,73.31,80.45,85.08,88.02,88.86,50.43,30.94,80.86,40.27
897322,GILT,Gilat Satellite Networks Ltd.,9.32,5243968.48,True,87.99,1h,2.0,42.11,87.99,83.18,78.66,78.07,78.66,79.44,99.91,19.23,93.7,60.39
59527,LECO,"Lincoln Electric Holdings, Inc.",261.13,98170840.25,True,87.96,1h,1.0,4.7,87.96,80.56,67.99,54.21,50.58,79.35,98.81,72.36,28.95,82.62
2087587,CSHR,CoinShares PLC,4.67,978460.01,False,87.93,1y,2.0,51.83,74.06,75.75,78.51,81.96,87.93,51.25,50.43,53.58,51.53,78.93
2049187,KMRK,K-Tech Solutions Company Limited,1.18,31971.5,False,87.9,1y,3.0,69.57,37.8,53.67,72.01,80.27,87.9,69.51,50.43,53.58,51.53,64.67
882508,QUIK,QuickLogic Corporation,10.85,2711601.98,True,87.9,1h,2.0,54.03,87.9,80.39,69.99,68.05,65.2,32.78,50.67,90.1,86.63,96.08
851520,EXPO,"Exponent, Inc.",69.81,29179540.61,True,87.88,6a,1.0,9.6,66.09,79.97,86.48,87.88,87.7,69.99,91.41,91.59,70.1,71.8
1794515,GTM,ZoomInfo Technologies Inc.,3.83,21273697.08,False,87.88,1y,2.0,47.9,52.81,69.48,82.62,86.69,87.88,90.79,5.85,99.23,75.69,9.06
876883,STGW,Stagwell Inc.,8.65,10135244.28,True,87.85,6a,1.0,13.7,66.78,76.49,83.0,87.85,87.07,39.38,97.74,29.75,81.37,97.41
1784930,MAKO,Mako Mining Corp,9.0,1436316.02,True,87.85,1h,2.0,38.72,87.85,87.22,86.27,86.3,87.49,56.94,93.79,51.59,93.08,91.17
1704711,FNKO,"Funko, Inc.",6.44,5665201.49,True,87.82,6a,2.0,34.5,47.99,66.66,80.15,87.82,86.98,42.05,8.02,94.41,93.79,98.22
1596961,RDNW,"RideNow Group, Inc.",4.94,359444.01,False,87.82,1h,2.0,54.15,87.82,79.73,75.87,79.44,78.31,42.67,50.67,14.15,50.94,94.95
894405,ARCB,ArcBest Corporation,129.36,34530575.76,True,87.79,3a,1.0,23.51,86.63,87.52,87.79,85.65,78.63,67.22,50.79,87.31,15.66,95.93
1726978,GSHD,"Goosehead Insurance, Inc.",45.38,23433583.34,True,87.79,1y,2.0,34.44,75.6,79.23,84.04,86.98,87.79,80.83,50.43,99.44,97.27,27.01
1888886,GPCR,Structure Therapeutics Inc.,25.67,35011548.2,True,87.76,1h,3.0,55.1,87.76,75.81,66.66,52.24,40.74,69.87,50.67,38.22,5.62,90.88
1636282,SYRE,"Spyre Therapeutics, Inc.",85.69,96544791.75,True,87.73,1h,2.0,48.2,87.73,71.47,52.84,42.23,33.02,71.86,7.93,9.84,21.69,99.2
2089536,CEPS,"Cantor Equity Partners VI, Inc.",10.24,0.0,False,87.73,1y,2.0,36.67,66.24,74.68,81.37,84.55,87.73,74.98,50.43,53.58,51.53,73.61
1070750,HST,"Host Hotels & Resorts, Inc.",22.65,191090975.19,True,87.73,3a,1.0,2.94,83.54,87.1,87.73,85.5,79.17,92.12,50.79,22.47,50.19,80.03
1997464,MRX,Marex Group Limited,71.17,46170349.01,True,87.7,1h,1.0,13.05,87.7,87.43,85.85,85.02,83.3,60.89,50.67,64.28,50.94,92.96
314489,BUSE,First Busey Corporation,28.93,21739385.65,True,87.67,1h,1.0,0.92,87.67,84.9,80.48,76.55,73.19,74.38,5.79,73.76,50.94,87.43
2013639,FBLA,"FB Bancorp, Inc.",16.77,1258696.01,True,87.67,3a,1.0,0.95,81.55,86.54,87.67,86.24,84.1,68.74,50.79,95.81,77.12,80.53
1826836,AYA,Aya Gold & Silver Inc.,27.42,24591116.68,True,87.67,6a,2.0,30.1,73.58,81.66,86.75,87.67,86.42,51.16,50.67,53.16,51.23,98.84
1845840,TSAT,Telesat Corporation,45.96,6696434.86,True,87.64,1h,2.0,48.65,87.64,85.44,82.56,80.59,81.72,50.98,50.67,51.59,94.38,91.83
1486159,CHRD,Chord Energy Corporation,141.54,93197804.01,True,87.64,1y,1.0,6.75,78.87,83.33,84.16,85.41,87.64,76.82,92.42,90.61,95.93,83.24
1490906,CFFN,"Capitol Federal Financial, Inc.",8.39,7140164.72,True,87.61,1h,1.0,1.52,87.61,86.92,82.7,79.11,72.01,81.58,11.74,11.59,23.68,88.68
1886428,SLDE,"Slide Insurance Holdings, Inc.",25.14,22150011.36,True,87.61,6a,1.0,2.47,72.81,82.32,86.39,87.61,82.35,88.11,50.67,25.88,11.41,90.07
1901279,NYAX,Nayax Ltd.,45.6,900289.02,False,87.58,1h,2.0,47.43,87.58,81.93,73.16,70.22,66.69,68.2,50.67,97.95,32.63,73.97
766792,CVV,CVD Equipment Corporation,4.18,428881.49,False,87.55,6a,3.0,65.38,83.51,84.78,87.25,87.55,86.75,60.33,50.67,84.1,8.68,95.45
1111335,VC,Visteon Corporation,85.43,41258083.56,True,87.55,1h,1.0,16.23,87.55,83.63,76.82,69.24,70.82,89.12,91.86,69.9,92.66,65.97
889971,LPTH,"LightPath Technologies, Inc.",9.72,28902758.17,True,87.52,1h,3.0,57.15,87.52,74.56,54.83,46.95,50.61,77.8,4.9,85.26,89.03,89.33
1397911,LPLA,LPL Financial Holdings Inc.,330.88,222211553.37,True,87.52,1y,1.0,20.68,64.81,77.59,86.12,87.07,87.52,81.75,85.2,68.17,51.53,80.33
2034267,CEPF,"Cantor Equity Partners IV, Inc.",10.27,47244.0,False,87.52,6a,2.0,30.94,67.61,75.84,83.6,87.52,86.18,78.69,50.67,79.82,51.23,60.48
932696,NSIT,"Insight Enterprises, Inc.",163.6,45649856.32,True,87.52,3a,1.0,4.84,82.41,87.31,87.52,84.1,82.85,87.43,87.55,81.99,88.56,83.36
921557,RBCAA,"Republic Bancorp, Inc.",90.93,9046664.17,True,87.49,1h,1.0,8.2,87.49,85.29,80.24,72.57,64.7,90.88,3.68,12.39,24.25,88.5
1616533,PENG,"Penguin Solutions, Inc.",76.28,93214077.5,True,87.49,6a,1.0,26.89,69.84,79.05,84.58,87.49,86.12,67.67,99.82,28.65,26.15,96.4
878927,ODFL,"Old Dominion Freight Line, Inc.",181.97,310960510.27,True,87.46,1a,1.0,12.18,83.63,87.46,82.26,77.12,73.4,90.43,96.67,42.35,87.58,73.52
1563880,TRVI,"Trevi Therapeutics, Inc.",13.19,28473703.55,True,87.46,1h,2.0,43.21,87.46,81.19,68.47,56.46,46.48,68.68,50.67,72.33,1.87,94.0
2058359,CRAQ,Cal Redwood Acquisition Corp.,10.41,0.0,False,87.43,1y,2.0,48.8,69.21,77.21,83.45,85.94,87.43,78.04,50.43,53.58,51.53,74.06
355811,GNTX,Gentex Corporation,21.15,50402588.18,True,87.4,1h,1.0,5.2,87.4,82.88,76.97,71.03,79.85,86.54,90.31,97.33,96.91,65.02
2042182,OYSE,Oyster Enterprises II Acquisition Corp,10.4,2071.0,False,87.37,1y,1.0,25.08,69.54,77.24,83.51,85.91,87.37,78.31,50.43,53.58,51.53,73.67
1329394,SIMO,Silicon Motion Technology Corporation,263.9,204417346.74,True,87.37,1h,2.0,32.36,87.37,75.3,53.58,45.2,31.17,73.88,8.2,13.64,13.79,98.63
1848309,SGML,Sigma Lithium Corporation,9.35,17877291.48,True,87.34,1y,3.0,56.7,60.56,72.69,80.68,84.37,87.34,59.41,84.84,53.58,90.46,95.66
1703057,ABCL,AbCellera Biologics Inc.,12.55,51630237.4,True,87.31,1h,3.0,63.06,87.31,78.28,66.63,53.61,37.41,27.49,0.92,97.27,7.31,98.19
2080921,APC,ARKO Petroleum Corp.,16.15,2423060.97,True,87.31,1y,1.0,29.33,35.13,51.89,68.41,76.61,87.31,41.19,50.43,27.73,51.53,92.87
927003,AEIS,"Advanced Energy Industries, Inc.",288.66,146479379.08,True,87.28,1h,1.0,29.42,87.28,75.54,53.37,42.2,36.43,79.49,10.91,23.27,50.94,95.1
1936804,SDA,SunCar Technology Group Inc.,0.46,55333.9,False,87.28,1y,3.0,70.19,30.07,48.62,68.53,77.92,87.28,92.66,50.43,53.58,51.53,33.16
708955,FFBC,First Financial Bancorp.,30.9,25247236.06,True,87.25,1h,1.0,4.61,87.25,87.25,86.54,82.91,79.97,69.03,50.67,75.81,32.18,85.38
1635282,RMNI,"Rimini Street, Inc.",4.16,1606741.97,False,87.25,6a,2.0,37.27,82.62,84.67,85.68,87.25,86.89,84.81,50.67,37.71,51.23,58.84
884624,OFIX,Orthofix Medical Inc. ,9.17,3232792.03,True,87.25,1y,2.0,35.22,58.22,70.07,80.09,82.14,87.25,90.7,50.43,94.65,78.75,28.5
1418819,IRDM,Iridium Communications Inc,47.56,52010215.57,True,87.22,1h,1.0,21.72,87.22,83.12,80.74,79.79,78.1,76.94,85.5,9.75,93.34,95.36
1690680,NMRK,"Newmark Group, Inc.",12.12,20905316.95,True,87.19,1h,1.0,26.66,87.19,84.7,79.08,69.51,59.41,86.36,94.74,89.96,27.93,63.54
1828791,DSP,Viant Technology Inc.,13.13,3046487.49,True,87.16,3a,1.0,28.68,68.44,78.96,87.16,87.04,82.91,73.76,11.2,83.89,13.16,87.85
1291855,SPCB,"SuperCom, Ltd.",9.11,668990.48,False,87.16,1y,2.0,49.9,79.23,79.38,81.72,84.28,87.16,79.88,50.43,53.58,51.53,66.12
49196,HBAN,Huntington Bancshares Incorporated,15.32,402737152.02,True,87.13,3a,1.0,17.21,83.68,83.89,87.13,83.09,71.23,94.35,96.26,71.44,0.86,56.97
1004702,OCFC,OceanFirst Financial Corp.,16.08,17504206.7,True,87.13,1h,1.0,22.41,87.13,82.47,76.32,66.42,63.92,86.63,99.52,74.15,69.15,79.08
1039065,OSIS,"OSI Systems, Inc.",194.91,40137541.35,True,87.13,1y,1.0,23.48,83.45,85.53,86.45,82.47,87.13,97.62,13.37,96.55,23.51,21.58
1045810,NVDA,NVIDIA Corporation,229.28,24959782087.03,True,87.1,1h,1.0,2.44,87.1,81.84,73.31,59.94,60.56,98.57,2.53,22.7,81.22,78.87
1385818,AYTU,"Aytu BioPharma, Inc. ",2.03,49056.0,False,87.1,1y,2.0,41.81,63.18,73.19,79.05,75.81,87.1,71.05,94.18,41.43,2.14,64.84
1278021,MKTX,"MarketAxess Holdings, Inc.",164.31,137029772.43,True,87.04,1y,1.0,20.53,77.53,81.16,85.05,80.92,87.04,93.28,11.5,94.03,31.65,28.65
914156,UFPT,"UFP Technologies, Inc.",288.97,37795076.81,True,87.04,1h,1.0,22.11,87.04,80.53,69.54,57.56,53.73,65.26,12.27,68.8,9.72,90.85
1701605,BKR,Baker Hughes Company,56.7,408745848.36,True,87.04,3a,1.0,15.57,81.66,83.27,87.04,82.62,82.94,96.26,12.93,22.85,78.9,71.98
894671,OVBC,Ohio Valley Banc Corp.,44.74,1349052.03,True,86.98,3a,1.0,9.27,73.97,82.79,86.98,85.68,83.51,81.87,50.79,72.75,28.02,83.09
1712189,TH,Target Hospitality Corp.,18.41,22005630.88,True,86.92,1h,1.0,24.07,86.92,82.23,71.8,65.44,62.73,67.99,50.67,86.03,50.94,94.23
1701541,BDTX,"Black Diamond Therapeutics, Inc.",1.83,1148753.51,False,86.92,1y,2.0,49.42,71.89,76.85,82.14,85.26,86.92,92.96,50.43,72.51,51.53,21.31
1275187,ANGO,"AngioDynamics, Inc.",11.52,6874312.03,True,86.89,1h,1.0,28.11,86.89,77.09,63.15,63.68,49.6,58.01,50.67,8.32,29.06,95.81
1845123,ANNA,"AleAnna, Inc.",2.57,554968.5,False,86.86,1y,2.0,50.22,83.27,81.58,80.03,82.32,86.86,75.13,50.43,72.63,96.23,42.5
1933951,INEO,INNEOVA Holdings Limited,0.55,19769.4,False,86.84,1y,3.0,63.71,72.15,74.26,76.43,79.02,86.84,74.5,50.43,53.58,51.53,45.14
731012,HCSG,"Healthcare Services Group, Inc.",20.59,14341350.52,True,86.84,6a,1.0,17.0,85.11,86.75,86.66,86.84,78.75,88.2,4.58,14.32,74.09,78.87
879407,ARWR,"Arrowhead Pharmaceuticals, Inc.",62.75,118078867.53,True,86.84,1h,1.0,26.21,86.84,83.3,74.26,67.34,56.05,75.33,88.41,73.91,5.41,94.29
1114925,LTRX,"Lantronix, Inc.",6.85,4537117.1,True,86.81,1h,2.0,33.05,86.81,84.22,76.14,72.01,79.88,72.87,15.16,98.37,95.93,76.61
2047148,CTW,CTW,2.3,59210.0,False,86.81,1y,2.0,43.68,44.52,63.68,78.34,84.13,86.81,75.36,10.79,53.58,51.53,81.31
2088256,HQ,Horizon Quantum Holdings Ltd.,16.3,3468980.51,True,86.78,1y,3.0,69.66,34.92,50.67,66.39,73.82,86.78,51.25,50.43,27.28,32.75,92.33
1600641,DIBS,"1stdibs.com, Inc.",3.78,359960.0,False,86.75,1h,2.0,48.38,86.75,85.41,82.73,83.68,77.36,36.2,50.67,39.35,50.94,94.06
1196298,NEPH,"Nephros, Inc.",3.53,71990.5,False,86.72,1y,2.0,51.17,76.32,76.23,77.09,83.8,86.72,74.77,50.43,38.31,86.18,55.87
1462056,BLZE,"Backblaze, Inc.",12.69,26877003.38,True,86.72,1h,2.0,49.03,86.72,75.57,55.51,45.74,42.5,64.04,91.8,21.25,93.91,93.05
1875609,SWVL,Swvl Holdings Corp,3.92,102606.0,False,86.72,6a,4.0,75.04,74.5,81.55,85.5,86.72,86.48,43.48,89.12,53.16,77.5,98.72
1537054,GOGO,Gogo Inc.,2.26,4875024.96,False,86.69,1y,2.0,52.63,32.99,49.39,71.65,82.76,86.69,87.79,87.79,74.23,98.93,17.27
752714,MGRC,McGrath RentCorp,112.73,15931263.17,True,86.66,1h,1.0,4.93,86.66,82.14,76.17,71.11,72.45,90.37,50.67,71.89,82.02,70.22
70487,NRC,NRC Health,20.33,2296358.0,True,86.66,6a,1.0,11.38,76.46,80.68,84.49,86.66,83.95,37.44,50.67,92.6,51.23,94.98
2077033,MMTX,Miluna Acquisition Corp,10.21,26765.0,False,86.6,1y,2.0,40.83,49.54,62.59,74.89,82.82,86.6,51.25,50.43,75.81,32.54,79.35
876167,PRGS,Progress Software Corporation,39.33,19747268.17,True,86.57,1y,1.0,20.48,53.88,70.28,79.61,80.39,86.57,86.48,99.02,91.98,93.31,41.78
793074,WERN,"Werner Enterprises, Inc.",32.7,31997403.55,True,86.57,1h,1.0,22.79,86.57,73.22,53.67,51.56,52.66,56.05,14.92,30.19,17.68,93.02
1819133,TNGX,"Tango Therapeutics, Inc.",23.81,57083834.82,True,86.57,3a,2.0,53.79,79.29,85.85,86.57,80.65,74.18,89.75,50.79,64.1,9.72,96.29
1729149,VMD,"Viemed Healthcare, Inc.",9.52,3007998.1,True,86.57,6a,1.0,20.33,58.1,68.92,79.67,86.57,86.09,66.18,50.67,91.74,26.48,84.58
1075880,KZIA,Kazia Therapeutics Limited,8.93,2355452.93,True,86.54,1h,2.0,49.78,86.54,84.07,80.42,78.57,74.5,50.98,14.23,51.59,80.92,91.38
1327607,MYFW,"First Western Financial, Inc.",30.1,1297305.99,True,86.54,6a,1.0,22.26,76.37,82.26,85.47,86.54,77.95,88.41,50.67,16.79,18.4,87.88
21535,COHU,"Cohu, Inc.",68.19,52933997.69,True,86.51,1h,1.0,27.31,86.51,72.42,49.42,41.52,35.07,61.72,50.67,24.22,74.86,98.66
1476204,PECO,"Phillips Edison & Company, Inc.",37.57,36163177.6,True,86.51,3a,1.0,8.83,85.05,84.31,86.51,80.53,77.8,89.33,50.79,79.08,50.19,64.81
2012593,RAPP,"Rapport Therapeutics, Inc.",30.65,13205193.99,True,86.48,1h,2.0,49.96,86.48,81.52,73.25,69.18,58.78,62.85,50.67,39.85,82.56,93.91
729986,UBSI,"United Bankshares, Inc.",45.46,44924367.93,True,86.45,1a,1.0,0.65,86.03,86.45,84.13,79.88,76.14,71.38,93.19,67.82,20.8,84.04
1466593,OTTR,Otter Tail Corporation,87.46,18090761.79,True,86.45,1h,1.0,3.51,86.45,83.8,81.96,81.28,83.15,85.35,91.77,68.29,99.76,76.17
1833197,SWIM,"Latham Group, Inc.",6.04,4448055.4,True,86.42,1h,2.0,35.48,86.42,82.2,78.84,77.27,81.4,83.63,50.67,28.65,98.01,66.6
1880438,ANTX,"AN2 Therapeutics, Inc.",4.4,1217415.03,False,86.39,1h,3.0,61.34,86.39,76.08,61.19,59.44,49.12,24.78,50.67,88.8,50.94,99.79
1002047,NTAP,"NetApp, Inc.",237.15,434415602.56,True,86.36,3a,1.0,5.02,77.59,84.16,86.36,84.64,81.75,88.65,99.23,38.54,9.15,86.66
1326110,IBRX,"ImmunityBio, Inc.",9.91,70672964.56,True,86.36,1h,2.0,42.62,86.36,76.82,58.63,45.85,34.68,44.16,13.85,40.92,2.08,97.03
2075816,EMIS,Emmis Acquisition Corp.,10.27,0.0,False,86.3,1y,1.0,10.55,56.11,65.77,74.74,80.95,86.3,51.25,50.43,65.77,51.53,72.63
1680367,STTK,"Shattuck Labs, Inc.",5.97,6277279.28,True,86.3,1h,2.0,51.47,86.3,74.41,56.37,46.12,42.29,30.19,50.67,84.37,11.83,99.35
1665988,BVS,Bioventus Inc.,13.06,7031492.83,True,86.3,3a,1.0,24.16,84.64,85.88,86.3,84.78,81.9,67.52,50.79,35.39,21.34,93.46
1097864,ON,ON Semiconductor Corporation,77.53,765973030.3,True,86.27,1h,1.0,29.09,86.27,73.28,51.11,44.16,35.93,68.74,88.32,10.01,50.94,97.18
97476,TXN,Texas Instruments Incorporated,283.74,1507623890.69,True,86.24,1h,1.0,11.56,86.24,83.21,82.64,81.37,78.54,63.51,9.21,87.31,87.1,91.03
1283699,TMUS,"T-Mobile US, Inc.",148.58,752004062.47,True,86.21,1h,1.0,11.83,86.21,75.93,60.09,51.0,48.02,82.26,12.63,92.99,50.94,71.5
1747068,MCBS,"MetroCity Bankshares, Inc.",34.68,2651558.96,True,86.18,1a,1.0,11.98,85.88,86.18,83.57,78.19,71.83,90.55,50.67,14.83,26.36,81.34
855658,LSCC,Lattice Semiconductor Corporation,126.05,186392367.8,True,86.18,1h,1.0,22.76,86.18,70.37,45.82,37.59,28.65,62.56,99.38,33.64,92.36,96.02
1043277,CHRW,"C.H. Robinson Worldwide, Inc.",142.31,238936380.66,True,86.12,1h,1.0,23.0,86.12,72.45,56.4,50.43,41.16,78.34,99.76,9.18,7.19,91.8
1944552,ANL,Adlai Nortye Group Ltd.,15.62,2102665.99,True,86.09,6a,2.0,34.83,63.42,75.99,83.18,86.09,82.73,44.75,50.67,71.29,51.23,99.67
1434621,TREE,"LendingTree, Inc.",25.19,9119733.68,True,86.06,1y,2.0,41.01,57.56,70.49,79.44,80.45,86.06,99.52,9.93,41.1,24.7,21.34
1517175,CHEF,"The Chefs' Warehouse, Inc.",114.32,62817156.2,True,86.06,1h,1.0,10.61,86.06,83.15,75.69,66.89,54.83,81.63,50.67,20.68,50.94,92.45
876523,EZPW,"EZCORP, Inc.",31.96,21660822.28,True,86.03,6a,1.0,15.27,71.5,80.98,85.23,86.03,81.07,86.54,12.21,13.76,78.04,93.43
1993400,FATN,"FatPipe, Inc.",5.19,338968.0,False,86.0,1h,3.0,61.07,86.0,78.63,75.66,78.04,83.77,73.14,84.84,62.2,91.14,76.11
1604821,NTRA,"Natera, Inc.",400.71,399503011.09,True,85.97,1h,1.0,16.34,85.97,79.67,65.38,50.79,41.6,71.89,92.1,80.51,6.24,93.73
1053706,CRAI,"CRA International,Inc.",176.73,21121139.84,True,85.94,3a,1.0,15.07,68.77,79.82,85.94,84.16,85.74,93.94,92.87,86.03,50.19,46.03
2116230,NCO,Southern Cross Acquisition I Corp.,9.96,40672.0,False,85.94,1y,3.0,65.47,52.48,62.97,72.3,78.4,85.94,51.25,50.43,53.58,92.6,76.55
1982012,TLIH,Ten-League International Holdings Limited,5.75,10485.0,False,85.91,1y,2.0,39.17,62.41,71.65,79.94,84.34,85.91,62.7,50.43,53.58,51.53,86.81
2104204,ALMR,"Alamar Biosciences, Inc.",25.27,9198259.92,True,85.91,1h,2.0,49.66,85.91,74.44,57.86,52.04,51.08,65.91,50.67,51.59,79.76,80.77
1873835,IMMX,"Immix Biopharma, Inc.",9.29,16078440.88,True,85.85,1h,2.0,51.0,85.85,77.12,70.76,59.7,52.99,38.6,50.67,93.05,28.53,96.79
1468642,AUGO,Aura Minerals Inc.,91.26,65045119.02,True,85.85,6a,2.0,36.29,59.47,71.14,80.62,85.85,81.81,59.88,93.58,33.46,76.82,99.49
275053,NATR,"Nature's Sunshine Products, Inc.",12.64,2040621.93,True,85.85,1y,2.0,34.03,59.73,69.84,80.77,85.44,85.85,80.71,85.65,83.6,51.53,57.27
1402436,SSNC,"SS&C Technologies Holdings, Inc.",81.03,115522072.53,True,85.82,1y,1.0,2.53,71.68,79.94,84.52,84.19,85.82,98.16,14.65,92.42,51.53,32.75
1124796,LASR,"nLIGHT, Inc.",38.48,52545647.31,True,85.82,1h,2.0,35.75,85.82,76.64,61.78,52.81,50.7,67.16,50.67,75.25,50.94,92.1
2137777,RACD,Research Alliance Corporation IV,11.7,28800.0,False,85.79,1y,2.0,36.17,40.65,57.09,72.1,79.82,85.79,51.25,50.43,53.58,51.53,84.13
1425450,KIDS,OrthoPediatrics Corp.,21.65,4070375.99,True,85.77,6a,2.0,34.32,84.61,84.58,84.84,85.77,83.8,76.79,50.67,70.16,91.29,77.0
1985139,LSE,"Leishen Energy Holding Co., Ltd.",5.17,16991.5,False,85.77,1y,2.0,44.16,36.85,55.45,75.9,81.4,85.77,73.91,50.43,53.58,51.53,85.62
1769663,PBFS,"Pioneer Bancorp, Inc.",17.4,195177.0,False,85.74,6a,1.0,8.08,85.38,85.47,85.59,85.74,82.41,69.18,50.67,84.34,51.23,80.27
1826600,MNTK,"Montauk Renewables, Inc.",2.74,435871.99,False,85.74,1h,2.0,39.82,85.74,82.64,79.7,77.77,75.27,68.71,50.67,26.63,29.9,86.6
1707925,LIN,Linde plc,483.73,932459622.65,True,85.71,1y,1.0,1.66,62.59,71.59,80.3,82.67,85.71,79.76,13.76,89.54,31.53,68.53
69733,NATH,"Nathan's Famous, Inc.",101.77,2292720.97,True,85.71,6a,1.0,4.16,69.99,77.41,83.54,85.71,85.5,89.15,11.32,68.86,51.23,52.33
1710340,ETON,"Eton Pharmaceuticals, Inc.",55.21,27845736.86,True,85.71,1h,2.0,31.92,85.71,85.59,84.07,82.5,75.19,75.69,87.55,74.56,7.67,91.44
822663,IPAR,"Interparfums, Inc.",111.6,24678376.46,True,85.68,1h,2.0,54.59,85.68,82.85,80.71,74.95,75.51,81.66,50.67,35.45,83.45,79.47
1907909,VOXR,Vox Royalty Corp.,5.12,2188414.86,True,85.68,1y,1.0,28.95,62.08,69.6,77.68,82.44,85.68,58.57,93.52,53.58,92.66,89.99
1802768,RPRX,Royalty Pharma plc,56.93,157296225.1,True,85.65,1h,1.0,3.33,85.65,84.43,80.86,74.23,65.47,80.21,50.67,90.97,5.26,87.88
315709,IBOC,International Bancshares Corporation,68.4,22991419.81,True,85.62,3a,2.0,42.64,81.1,82.73,85.62,83.21,80.56,81.43,50.79,84.67,27.31,67.46
1833214,SABS,"SAB Biotherapeutics, Inc.",2.98,1306389.99,False,85.62,6a,3.0,63.18,71.77,76.26,81.55,85.62,81.04,65.08,50.67,86.39,51.23,91.89
1993463,YSXT,"YSX Tech. Co., Ltd ",1.3,13224.55,False,85.59,1y,3.0,71.47,31.89,46.33,66.27,76.7,85.59,78.51,50.43,53.58,51.53,51.92
1356090,PGEN,"Precigen, Inc.",7.81,30150224.5,True,85.59,1h,2.0,51.29,85.59,73.25,51.05,44.75,35.01,32.81,90.28,83.92,21.72,98.51
1739410,RLYB,Rallybio Corporation,17.02,227632.0,False,85.56,1y,2.0,37.03,80.12,82.67,82.53,79.49,85.56,33.49,50.43,34.65,51.53,99.32
707179,ONB,Old National Bancorp,24.58,103046484.93,True,85.56,1h,1.0,0.83,85.56,84.55,81.78,79.05,63.36,95.16,8.44,14.92,13.55,79.97
1772921,ONEW,OneWater Marine Inc.,9.35,948933.99,False,85.53,1y,2.0,43.33,71.59,72.21,72.45,80.21,85.53,83.74,50.43,37.18,99.44,31.77
1023731,EGHT,8x8 Inc,2.11,2918817.97,False,85.5,1h,2.0,47.7,85.5,82.17,81.25,78.84,71.2,74.41,89.06,15.42,50.94,76.85
851205,CGNX,Cognex Corporation,62.92,105682351.86,True,85.47,1h,1.0,27.93,85.47,74.83,64.9,55.36,49.57,71.11,97.27,77.3,33.05,92.3
1581990,PAGP,"Plains GP Holdings, L.P.",26.62,42776196.37,True,85.47,6a,1.0,2.23,69.66,76.17,82.11,85.47,84.49,40.89,50.67,19.02,51.23,97.59
1603454,CELC,Celcuity Inc.,67.94,82789404.45,True,85.44,1h,2.0,53.11,85.44,71.2,57.03,43.92,39.55,35.9,50.67,64.07,3.51,95.93
2030277,LFS,"LEIFRAS Co., Ltd.",2.21,159923.01,False,85.44,1y,3.0,65.68,38.66,56.2,72.27,79.7,85.44,83.45,50.43,53.58,51.53,45.26
1889109,BLTE,"Belite Bio, Inc",154.49,24868817.74,True,85.41,1h,2.0,36.34,85.41,79.2,68.59,57.95,45.71,64.84,50.67,65.35,1.99,95.27
1050441,EGBN,"Eagle Bancorp, Inc.",28.22,7302308.0,True,85.41,3a,1.0,6.86,80.53,83.71,85.41,83.83,78.22,78.31,90.88,39.79,79.85,78.84
1853921,SCTX,Scribe Therapeutics Inc.,21.17,6724124.99,True,85.38,1y,2.0,40.18,36.58,57.62,77.95,83.48,85.38,41.28,50.43,96.76,8.83,81.6
1684693,SLGL,Sol-Gel Technologies Ltd.,71.77,3694820.07,True,85.32,3a,1.0,19.17,79.82,83.09,85.32,84.84,81.66,33.11,50.79,91.89,50.19,93.61
1854368,DGXX,Digi Power X Inc.,3.17,10747808.55,False,85.32,1h,3.0,67.52,85.32,70.4,45.71,38.19,41.13,31.68,13.79,92.39,94.53,92.72
912615,URBN,"Urban Outfitters, Inc.",82.18,73415297.84,True,85.29,3a,1.0,0.59,75.99,81.96,85.29,81.19,72.93,94.47,95.1,66.27,21.19,62.44
1041934,FOCL,EDAP TMS S.A.,4.19,365272.49,False,85.29,6a,2.0,53.61,82.64,84.46,84.64,85.29,83.57,31.56,50.67,90.97,51.23,97.74
1818838,ADAG,Adagene Inc.,2.76,737022.0,False,85.29,1h,2.0,51.89,85.29,82.82,71.26,63.39,59.76,42.47,50.67,92.78,21.34,91.89
1381668,TFSL,TFS Financial Corporation,16.07,13244461.77,True,85.26,1h,1.0,5.56,85.26,77.71,66.84,57.0,43.18,78.69,50.67,12.66,50.94,91.08
1443575,AVBH,"Avidbank Holdings, Inc.",31.05,1927067.99,True,85.26,3a,1.0,15.19,80.98,84.4,85.26,84.4,82.7,82.73,50.79,66.06,25.94,74.77
1518715,MCHB,Mechanics Bancorp,14.51,7668060.16,True,85.23,1h,2.0,50.16,85.23,79.26,75.07,71.5,64.04,84.31,50.67,30.94,79.58,82.11
1317945,OFLX,"Omega Flex, Inc.",26.32,919440.49,False,85.2,1y,2.0,37.86,72.04,78.69,83.03,84.96,85.2,86.6,50.43,20.18,51.53,50.67
1999860,WYHG,Wing Yip Food Holdings Group Limited,3.08,181734.0,False,85.14,1h,3.0,63.68,85.14,75.87,67.22,61.46,65.56,68.17,50.67,51.59,50.94,77.24
1872789,EMBC,Embecta Corp.,5.68,5399300.98,True,85.14,6a,2.0,47.55,62.88,73.64,81.87,85.14,84.67,84.55,3.36,96.85,77.27,16.26
1679268,TUSK,"Mammoth Energy Services, Inc.",2.82,349131.0,False,85.11,6a,3.0,63.21,63.51,72.6,79.41,85.11,78.99,58.42,50.67,91.77,51.23,92.81
798287,PAMT,PAMT CORP,12.78,249077.0,False,85.11,1y,2.0,33.79,50.46,66.03,79.35,83.86,85.11,34.47,50.43,99.91,51.53,87.46
925528,HDSN,"Hudson Technologies, Inc.",5.14,2417277.93,True,85.08,1y,2.0,35.36,71.65,74.5,81.07,84.01,85.08,74.38,50.43,99.73,69.75,25.88
2010959,AHMA,Ambitions Enterprise Management Co. L.L.C,1.28,59237.5,False,85.05,1y,3.0,74.65,74.98,77.0,79.88,81.55,85.05,72.96,50.43,53.58,51.53,65.85
874238,STRL,"Sterling Infrastructure, Inc.",513.0,301309374.82,True,84.99,1h,2.0,42.14,84.99,71.38,53.7,43.21,36.61,78.63,15.72,71.11,71.47,92.39
50493,IMKTA,"Ingles Markets, Incorporated",85.59,8665048.43,True,84.96,3a,1.0,5.41,83.21,84.19,84.96,82.17,80.89,84.84,92.93,19.67,83.24,67.37
1792267,BNR,Burning Rock Biotech Limited,15.49,124158.0,False,84.96,1h,3.0,60.74,84.96,79.29,71.32,63.92,54.18,57.21,50.67,40.48,50.94,92.01
912093,VIAV,Viavi Solutions Inc.,45.46,172609298.86,True,84.93,1h,2.0,31.26,84.93,73.85,52.63,43.54,33.76,68.83,11.86,20.45,77.3,96.73
1888980,LRE,"Lead Real Estate Co., Ltd",1.13,8675.0,False,84.93,1y,2.0,40.98,36.67,51.53,69.09,78.22,84.93,51.25,50.43,53.58,51.53,80.77
1850902,TKNO,"Alpha Teknova, Inc.",8.84,1273743.49,True,84.93,1a,2.0,48.47,82.94,84.93,84.78,82.97,79.67,78.19,50.67,43.63,28.68,79.94
1325618,IRMD,iRadimed Corporation,85.88,9800857.01,True,84.9,1y,1.0,14.23,72.75,77.56,81.6,78.72,84.9,87.16,50.43,69.9,75.33,61.13
1548536,SCZM,Santacruz Silver Mining Ltd.,9.11,3623917.03,True,84.9,6a,2.0,46.72,61.13,72.15,81.1,84.9,84.7,61.87,50.67,53.16,87.37,91.98
1494259,CARG,"CarGurus, Inc.",28.85,34616015.4,True,84.9,1h,1.0,20.89,84.9,84.04,81.13,80.89,79.58,72.48,3.15,95.63,86.92,72.69
1964314,JBDI,JBDI Holdings Limited,1.0,16130.0,False,84.84,1y,3.0,65.59,33.22,47.25,63.74,74.71,84.84,84.9,50.43,79.55,51.53,43.12
318300,PEBO,Peoples Bancorp Inc.,35.8,10534543.43,True,84.84,1h,1.0,6.06,84.84,82.59,84.61,83.74,77.5,68.44,94.29,9.6,21.58,90.37
1809519,GDRX,"GoodRx Holdings, Inc.",3.36,3551983.93,False,84.81,1y,2.0,43.66,56.97,68.26,77.59,81.04,84.81,75.9,10.82,98.81,31.17,33.4
1576280,GH,"Guardant Health, Inc.",165.56,303302008.59,True,84.81,1h,2.0,32.66,84.81,70.22,43.15,32.21,21.25,61.99,96.58,19.79,2.17,98.48
2123471,CCCT,Columbus Circle Capital Corp III,9.86,7364.5,False,84.78,1y,3.0,68.95,55.78,65.5,76.58,79.91,84.78,51.25,50.43,96.37,51.53,66.15
1767258,XPEL,"XPEL, Inc.",44.43,8479188.38,True,84.78,1h,1.0,18.6,84.78,83.74,81.49,76.76,72.72,86.75,50.67,13.43,81.46,81.93
1386301,RSSS,"Research Solutions, Inc",2.0,59619.0,False,84.75,6a,2.0,39.38,81.46,81.9,82.47,84.75,82.14,94.5,97.24,13.67,69.33,30.19
1595761,WB,Weibo Corporation,6.54,6224182.04,True,84.75,1y,1.0,23.68,58.93,70.64,79.52,83.33,84.75,94.95,93.4,72.12,85.26,19.41
18926,LUMN,"Lumen Technologies, Inc. ",5.28,72854335.0,True,84.73,1h,3.0,68.68,84.73,76.76,64.61,56.52,51.26,43.71,50.67,97.09,93.94,83.83
1633336,CCAP,"Crescent Capital BDC, Inc.",9.09,2419643.0,True,84.67,3a,1.0,23.83,71.35,82.35,84.67,83.39,78.01,98.87,50.79,12.27,12.1,41.04
1945240,ROMA,Roma Green Finance Limited,8.74,32492.4,False,84.67,6a,2.0,54.44,73.16,80.59,84.4,84.67,83.45,43.54,50.67,53.16,70.58,98.63
2079272,LABT,Lakewood-Amedex Biotherapeutics Inc.,0.78,289718.0,False,84.64,1y,4.0,85.23,83.33,79.55,77.5,78.45,84.64,51.25,50.43,53.58,51.53,70.34
2133136,MTAK,Market Technology Acquisition Corp,9.84,107474.0,False,84.61,1y,3.0,60.62,61.28,66.69,77.53,79.76,84.61,51.25,50.43,95.25,51.53,62.85
846913,FTEK,"Fuel Tech, Inc.",1.65,187831.32,False,84.58,1y,2.0,52.01,55.57,64.01,76.88,82.38,84.58,75.78,50.43,84.31,51.53,44.1
827054,MCHP,Microchip Technology Incorporated,75.52,652317420.6,True,84.58,1h,1.0,22.85,84.58,70.1,42.67,31.8,24.4,67.73,90.1,77.21,29.63,90.7
1887944,SHIM,Shimmick Corporation,3.13,310848.51,False,84.55,1y,3.0,71.56,67.85,65.26,67.73,75.57,84.55,67.49,50.43,19.47,98.72,87.61
317540,COKE,"Coca-Cola Consolidated, Inc.",196.24,82542244.2,True,84.52,6a,1.0,5.59,63.36,75.36,82.82,84.52,81.52,56.43,91.71,42.85,51.23,94.92
937966,ASML,ASML Holding N.V.,1780.34,2299044372.64,True,84.46,1h,1.0,5.35,84.46,74.03,56.61,44.64,32.87,50.98,96.46,20.36,50.94,95.78
2064683,CCII,Cohen Circle Acquisition Corp. II,10.28,97366.5,False,84.46,1y,1.0,27.64,70.49,75.42,79.79,81.84,84.46,77.44,50.43,53.58,51.53,67.04
1881487,ACDC,ProFrac Holding Corp.,4.64,6300907.6,False,84.43,1y,2.0,49.57,74.89,81.31,81.63,83.45,84.43,67.43,50.43,90.85,81.19,83.77
1362004,ICFI,"ICF International, Inc.",86.82,15535296.42,True,84.37,3a,1.0,15.3,62.67,76.34,84.37,81.01,78.16,91.44,92.07,28.53,25.65,51.17
1091667,CHTR,"Charter Communications, Inc.",103.38,331472875.54,True,84.37,1h,2.0,31.95,84.37,77.47,70.85,60.15,65.59,80.45,93.28,99.52,91.56,49.84
1477081,KGEI,Kolibri Global Energy Inc.,6.45,738313.99,False,84.31,1y,1.0,27.34,50.19,62.2,72.75,79.35,84.31,57.21,50.43,53.58,95.9,88.97
706129,HBNC,"Horizon Bancorp, Inc.",19.26,10241813.29,True,84.22,3a,1.0,10.4,81.93,83.39,84.22,80.86,73.97,82.35,50.79,27.19,1.55,77.56
2131524,BRVE,"Braveheart Bio, Inc.",20.02,9499697.86,True,84.22,1h,2.0,38.51,84.22,80.51,75.81,71.38,68.97,50.98,50.67,91.2,19.67,67.58
1791145,GBFH,GBank Financial Holdings Inc.,17.6,1557305.02,True,84.22,6a,2.0,41.22,77.12,78.57,82.29,84.22,78.9,87.58,50.67,98.93,82.05,19.76
1690639,VBNK,VersaBank,22.04,2221118.54,True,84.19,3a,1.0,18.16,82.97,84.01,84.19,83.89,82.2,51.04,50.79,53.16,50.19,95.69
766829,HTO,H2O America ,58.48,25285743.06,True,84.19,1h,1.0,15.01,84.19,82.56,75.6,65.94,61.93,79.76,50.67,84.96,50.94,84.55
1627475,UPWK,Upwork Inc.,8.6,25513371.47,True,84.16,1y,1.0,29.0,37.27,51.47,69.6,80.3,84.16,77.09,13.11,98.1,84.07,18.72
1095435,ALP,Alpha Compute Corp ,3.97,414552.81,False,84.13,1h,4.0,77.12,84.13,73.61,58.84,52.84,58.07,56.76,50.67,91.05,95.87,62.26
1080014,INVA,"Innoviva, Inc.",20.87,14357638.29,True,84.1,3a,1.0,16.73,73.31,81.04,84.1,83.57,74.29,98.04,50.79,14.62,2.2,69.66
1413447,NXPI,NXP Semiconductors N.V.,227.52,749263412.18,True,84.1,1h,1.0,24.78,84.1,78.42,70.46,68.38,66.39,71.65,10.82,68.17,50.94,83.71
903129,THRM,Gentherm Inc,29.68,14223283.98,True,84.04,1h,1.0,25.35,84.04,77.65,62.56,56.64,59.7,84.4,95.78,15.27,77.89,82.88
907654,ORKA,"Oruka Therapeutics, Inc.",82.11,73716735.43,True,84.01,1h,2.0,44.31,84.01,76.58,61.84,48.59,42.02,62.41,50.67,88.08,3.77,95.9
1628171,RVMD,"Revolution Medicines, Inc.",189.76,346433535.21,True,83.92,1h,2.0,45.53,83.92,65.56,40.71,30.4,23.74,31.59,14.71,86.89,73.88,99.38
1489993,MOBI,"Mobia Medical, Inc.",8.56,1389218.53,True,83.89,1h,2.0,47.13,83.89,78.6,74.47,70.7,66.24,65.62,50.67,93.97,71.17,69.27
1788882,ROOT,"Root, Inc.",49.13,10243739.8,True,83.89,1y,2.0,32.48,45.08,63.09,74.03,77.15,83.89,93.76,50.43,36.43,84.04,29.69
2052568,LGN,Legence Corp.,51.53,59645376.27,True,83.83,1h,2.0,32.33,83.83,75.07,57.68,47.37,42.41,45.14,50.67,85.85,29.48,94.71
1630627,TMCI,"Treace Medical Concepts, Inc.",3.95,1173082.98,False,83.8,1h,3.0,61.96,83.8,80.8,75.54,72.75,75.3,57.33,50.67,87.61,27.49,65.62
1320854,RAIL,"Freightcar America, Inc.",6.25,1368844.98,True,83.77,1h,2.0,42.67,83.77,81.01,77.33,74.38,79.29,76.23,90.7,36.32,86.69,62.23
1708055,RBBN,Ribbon Communications Inc. ,1.7,1412865.45,False,83.74,1y,2.0,43.71,75.36,75.96,78.04,80.42,83.74,88.44,11.03,86.51,91.92,15.87
730708,SBCF,Seacoast Banking Corporation of Florida,31.74,28808218.44,True,83.74,1h,1.0,14.86,83.74,79.17,73.97,60.56,52.21,82.97,50.67,78.72,6.03,78.37
2007191,TLX,Telix Pharmaceuticals Limited,11.21,1661861.98,True,83.71,1y,1.0,26.42,51.23,69.09,77.44,82.56,83.71,51.25,94.77,92.1,22.17,85.11
1941536,BAER,"Bridger Aerospace Group Holdings, Inc.",0.61,723394.0,False,83.68,1y,3.0,62.56,73.37,61.37,56.67,68.02,83.68,31.65,50.43,83.74,100.0,36.97
723254,CTAS,Cintas Corporation,202.41,374921699.15,True,83.66,3a,1.0,0.62,70.37,77.53,83.66,81.81,79.11,88.95,99.97,17.8,11.08,55.78
1119769,CRNT,Ceragon Networks Ltd.,2.16,746896.01,False,83.66,1y,2.0,34.47,61.6,65.44,71.03,73.31,83.66,71.0,14.92,69.03,93.34,50.13
1629019,MBIN,Merchants Bancorp,49.8,7843122.04,True,83.66,1a,1.0,28.59,82.56,83.66,82.2,77.21,68.8,77.21,50.67,65.29,14.18,88.35
1819576,LQDA,Liquidia Corporation,27.38,94116063.73,True,83.66,1h,3.0,57.41,83.66,73.34,61.34,51.2,43.48,59.29,1.66,32.84,0.65,97.09
82020,USLM,"United States Lime & Minerals, Inc.",108.58,15245263.72,True,83.63,1y,1.0,20.24,78.45,80.83,82.44,81.43,83.63,76.2,50.43,89.99,51.53,51.83
1275158,NDLS,Noodles & Company,14.22,502641.5,False,83.6,1y,2.0,38.31,44.55,63.74,76.02,82.79,83.6,34.23,14.41,36.67,51.53,99.76
891532,PESI,"Perma-Fix Environmental Services, Inc.",13.76,5673915.39,True,83.6,1h,2.0,43.95,83.6,69.72,58.16,48.8,51.44,25.17,50.67,40.27,50.94,97.53
1437424,POET,POET Technologies Inc.,6.97,71127265.24,True,83.57,1h,3.0,62.82,83.57,72.51,57.53,55.51,57.5,63.57,50.67,51.59,92.63,82.94
867840,POCI,"Precision Optics Corporation, Inc.",4.58,169145.5,False,83.54,1y,2.0,46.24,40.71,55.93,66.69,77.47,83.54,63.12,6.84,39.47,86.86,83.63
1816581,OUST,"Ouster, Inc.",39.9,102900019.26,True,83.39,1h,2.0,51.2,83.39,68.86,43.54,35.27,32.21,67.46,0.83,86.81,10.73,92.18
788329,JOUT,Johnson Outdoors Inc.,42.76,1733854.5,True,83.36,1h,1.0,24.43,83.36,79.52,77.89,72.96,64.9,83.09,86.21,11.92,29.12,79.29
1823584,AENT,Alliance Entertainment Holding Corporation,4.46,100124.0,False,83.36,3a,3.0,59.85,74.92,78.66,83.36,79.47,72.69,87.55,14.06,85.77,5.65,56.4
1666134,BL,"BlackLine, Inc.",29.77,26409121.71,True,83.36,1y,1.0,26.6,39.52,57.03,72.63,80.24,83.36,83.63,11.77,98.51,77.98,19.11
1158172,SCOR,"comScore, Inc.",4.03,148899.0,False,83.36,1a,3.0,56.2,80.71,83.36,81.46,75.9,74.15,71.23,87.82,98.34,8.02,34.71
1612630,JYNT,The Joint Corp.,7.04,563789.98,False,83.3,6a,1.0,25.82,74.56,77.62,78.75,83.3,80.27,79.85,50.67,19.76,51.23,53.37
724910,NVEC,NVE Corporation,113.82,13779618.21,True,83.27,6a,1.0,26.98,70.97,79.44,82.32,83.27,78.48,68.68,50.67,41.25,51.23,92.87
1682745,VRRM,Verra Mobility Corporation,2.94,17228071.52,False,83.24,1y,3.0,55.33,42.11,61.58,74.32,80.68,83.24,88.59,1.49,99.35,83.68,6.78
797542,QXL,Quantum X Labs Inc.,3.93,213991.5,False,83.24,1h,3.0,69.39,83.24,72.75,63.86,65.23,71.68,31.41,50.67,90.73,92.15,90.46
1620459,JRVR,"James River Group Holdings, Inc.",3.63,958882.51,False,83.21,1y,2.0,51.8,37.92,50.88,70.34,80.09,83.21,78.87,50.43,71.62,86.78,50.04
1034957,CRESY,Cresud S.A.C.I.F. y A.,11.42,2470327.03,True,83.18,1y,1.0,23.54,66.89,74.65,80.98,82.11,83.18,51.25,50.43,73.82,51.53,90.43
1437958,CCB,Coastal Financial Corporation,40.74,9085728.25,True,83.09,1y,2.0,45.68,64.31,73.05,81.28,81.16,83.09,96.05,4.58,93.16,3.6,14.92
863110,ARTNA,Artesian Resources Corporation,33.63,1038710.49,True,83.06,1y,1.0,5.29,62.73,67.82,72.51,77.06,83.06,65.91,50.43,66.33,98.99,72.9
1644378,RMR,The RMR Group Inc.,17.71,2134305.92,True,83.03,6a,1.0,19.47,77.44,80.3,82.38,83.03,77.03,76.32,50.67,12.81,51.23,85.56
779152,JKHY,"Jack Henry & Associates, Inc.",149.31,140680912.25,True,83.0,1y,1.0,9.51,47.7,62.67,75.27,79.26,83.0,67.61,87.16,73.19,51.53,77.56
1649744,DLTH,Duluth Holdings Inc.,3.9,221031.99,False,83.0,6a,2.0,47.93,74.86,80.77,82.59,83.0,78.28,61.22,50.67,71.0,21.96,90.43
1835632,MRVL,"Marvell Technology, Inc.",274.66,4627305671.12,True,82.91,1h,1.0,23.24,82.91,81.81,80.92,76.88,67.7,83.21,7.85,16.37,90.91,88.47
902791,BBSI,"Barrett Business Services, Inc.",31.72,6732202.62,True,82.91,3a,1.0,17.59,57.12,73.79,82.91,81.72,81.6,90.64,50.79,91.35,17.47,37.47
1318484,CTRN,"Citi Trends, Inc.",51.55,9292755.92,True,82.88,6a,2.0,34.0,59.64,71.56,78.81,82.88,82.47,59.02,13.28,21.96,51.23,97.18
1444192,GRCE,"Grace Therapeutics, Inc.",2.04,242737.49,False,82.85,6a,3.0,70.22,65.35,71.71,79.26,82.85,82.05,42.62,50.67,97.68,77.18,47.9
2019505,HIT,"Health In Tech, Inc.",0.74,46046.5,False,82.82,1y,3.0,61.13,63.06,62.5,68.56,71.59,82.82,90.13,94.32,79.41,76.49,15.45
2059033,FIGX,FIGX Capital Acquisition Corp.,10.35,7168.0,False,82.79,1y,1.0,8.62,51.65,63.18,72.81,78.28,82.79,46.09,50.43,53.58,51.53,83.68
1463101,ENPH,"Enphase Energy, Inc.",32.81,150012759.62,True,82.79,1h,2.0,43.03,82.79,81.37,75.45,69.27,64.58,86.57,4.75,82.38,81.63,70.1
1580670,LGIH,"LGI Homes, Inc.",43.82,14670055.5,True,82.73,1h,3.0,57.92,82.73,71.86,56.23,48.95,42.76,64.96,15.99,84.55,71.23,85.91
798941,FCNCA,"First Citizens BancShares, Inc.",2068.39,131811664.39,True,82.7,1h,1.0,0.33,82.7,82.05,81.52,75.63,77.65,79.79,92.12,99.73,16.91,75.93
1831915,CTKB,"Cytek Biosciences, Inc.",5.43,4146449.47,True,82.67,1h,2.0,35.87,82.67,76.43,69.81,66.98,54.29,57.24,50.67,21.6,4.01,87.34
1070081,PTCT,"PTC Therapeutics, Inc.",64.7,69627381.91,True,82.67,3a,1.0,24.25,72.87,77.74,82.67,79.29,69.06,96.52,92.84,81.49,15.9,46.75
2073340,TLNC,Talon Capital Corp.,10.22,10250.0,False,82.67,1y,1.0,9.48,65.44,70.31,76.05,81.75,82.67,51.25,50.43,71.59,51.53,69.27
1517375,SPT,"Sprout Social, Inc",11.0,10148824.8,True,82.64,1y,1.0,27.96,44.61,59.85,71.77,78.48,82.64,69.06,93.19,73.02,93.28,57.74
1645469,MNPR,Monopar Therapeutics Inc.,83.98,20475880.99,True,82.64,6a,2.0,45.97,48.8,66.15,78.31,82.64,75.81,67.93,50.67,97.89,4.67,81.81
2034266,CEPV,"Cantor Equity Partners V, Inc.",10.23,0.0,False,82.59,1y,2.0,35.51,65.5,71.11,76.94,79.2,82.59,73.34,50.43,53.58,51.53,63.63
1077688,HOFT,Hooker Furnishings Corporation,12.43,596267.98,False,82.59,1h,2.0,35.69,82.59,80.12,77.47,82.26,78.25,35.45,50.67,31.53,78.87,91.62
1728688,IIIV,"i3 Verticals, Inc.",15.46,6621654.96,True,82.53,1y,1.0,28.62,35.51,51.98,72.04,79.97,82.53,80.59,50.43,97.33,51.53,26.48
1002638,OTEX,Open Text Corporation,23.69,31043971.95,True,82.5,1y,1.0,21.28,50.58,62.35,71.2,77.36,82.5,96.4,12.39,87.19,87.43,13.37
780571,ITRI,"Itron, Inc.",84.23,47224904.86,True,82.47,1h,1.0,20.39,82.47,80.71,78.13,70.61,70.28,96.91,11.38,66.27,9.99,53.08
1853044,AERT,"Aeries Technology, Inc.",6.9,80009.5,False,82.44,1h,3.0,55.45,82.44,74.35,62.17,59.82,56.82,34.47,15.69,51.59,88.65,88.2
2143673,UROY,Uranium Royalty Corp.,4.18,11141733.86,False,82.41,6a,2.0,30.37,57.86,71.29,77.62,82.41,81.43,72.07,50.67,88.92,81.55,62.82
1638290,MCFT,"MasterCraft Boat Holdings, Inc.",19.5,4078744.56,True,82.38,1h,2.0,35.07,82.38,78.78,70.37,67.28,67.19,76.88,50.67,96.43,87.31,66.95
829224,SBUX,Starbucks Corporation,90.75,658559850.22,True,82.32,1h,1.0,6.89,82.32,74.98,67.46,51.71,45.05,58.69,89.09,83.27,18.57,88.35
2112446,JATT,JATT II Acquisition Corp,10.6,113234.0,False,82.32,1y,2.0,34.95,59.67,65.17,71.56,76.08,82.32,51.25,50.43,53.58,51.53,74.89
6281,ADI,"Analog Devices, Inc.",406.19,1230665906.45,True,82.26,1h,1.0,2.73,82.26,72.48,55.78,44.67,34.0,85.47,89.27,8.68,68.62,92.75
1422142,WHWK,"Whitehawk Therapeutics, Inc.",3.52,1168436.53,False,82.23,1h,3.0,56.85,82.23,77.95,69.48,61.34,59.29,31.03,50.67,81.1,50.94,94.86
1826470,WOOF,"Petco Health and Wellness Company, Inc.",2.23,4513896.02,False,82.23,1y,2.0,35.78,55.39,67.93,76.91,78.99,82.23,94.44,15.39,72.1,51.53,28.71
889900,PTEN,"Patterson-UTI Energy, Inc.",11.31,88128249.49,True,82.23,3a,1.0,19.88,74.65,78.48,82.23,81.22,72.12,66.69,16.05,81.87,50.19,94.26
1097149,ALGN,"Align Technology, Inc.",142.71,136552806.18,True,82.2,1h,1.0,13.11,82.2,81.25,78.69,71.68,74.26,82.44,6.09,86.54,50.94,73.31
1866364,BULL,Webull Corporation,6.31,88634330.35,True,82.17,1h,2.0,45.11,82.17,67.22,47.25,39.05,38.81,86.51,3.27,69.24,26.63,74.83
2075335,RZAI,Roze AI Inc.,10.15,5010652.42,True,82.14,1h,2.0,41.78,82.14,68.83,52.39,46.86,47.31,50.98,50.67,51.59,50.94,81.58
2088626,PECE,Peace Acquisition Corp,9.99,11995.5,False,82.11,1y,1.0,13.22,52.63,62.14,70.01,75.84,82.11,51.25,50.43,53.58,51.53,76.32
2109876,MCAH,Mountain Crest Acquisition 6 Corp.,10.05,2002.0,False,82.08,1y,1.0,13.4,49.63,60.68,69.69,75.87,82.08,51.25,50.43,53.58,51.53,77.03
1124524,CYRX,"CryoPort, Inc.",17.35,9088280.87,True,82.08,6a,1.0,28.47,78.75,79.14,80.8,82.08,67.67,72.01,89.21,40.53,22.26,90.01
1201792,APEI,"American Public Education, Inc.",47.87,12689899.9,True,82.05,6a,1.0,23.77,53.31,69.42,80.53,82.05,75.99,84.34,50.67,16.08,32.66,77.27
1468091,VEON,VEON Ltd.,76.81,6163589.06,True,82.02,1y,1.0,1.99,61.66,70.85,78.78,81.25,82.02,56.7,15.88,88.8,51.53,90.07
1551306,PGNY,"Progyny, Inc.",27.93,28338675.61,True,82.02,3a,1.0,17.18,60.51,75.01,82.02,81.07,79.47,78.28,50.79,84.52,5.77,78.72
36029,FFIN,"First Financial Bankshares, Inc.",30.77,24647795.64,True,81.96,1h,1.0,4.58,81.96,80.03,76.29,72.9,68.08,78.78,50.67,34.47,5.82,74.03
1711269,EVRG,"Evergy, Inc.",80.96,161070444.29,True,81.93,1y,1.0,0.39,52.45,63.8,76.64,80.06,81.93,67.96,50.43,87.55,24.93,75.75
1847590,BWMN,Bowman Consulting Group Ltd.,42.7,11095670.68,True,81.93,6a,1.0,28.32,68.92,72.84,79.85,81.93,81.49,79.55,50.67,68.65,76.85,52.36
1065696,LKQ,LKQ Corporation,21.84,75568761.07,True,81.9,1h,1.0,22.44,81.9,77.15,71.92,66.6,58.84,82.85,15.93,35.39,50.94,65.41
1437925,MRDN,Meridian Holdings Inc.,10.84,849162.48,False,81.87,1h,2.0,40.86,81.87,77.27,69.87,68.86,69.0,56.14,50.67,5.2,50.94,87.28
1670076,ULCC,"Frontier Group Holdings, Inc.",5.86,16047563.74,True,81.84,1h,2.0,47.99,81.84,71.26,54.92,45.91,41.22,60.3,7.31,70.79,28.86,91.59
849399,GEN,Gen Digital Inc.,22.75,157342581.18,True,81.84,3a,1.0,23.36,66.69,74.92,81.84,77.03,69.54,79.67,89.78,95.13,6.45,62.97
1093557,DXCM,"DexCom, Inc.",84.11,306424916.46,True,81.81,1h,1.0,6.81,81.81,78.19,69.9,60.48,53.05,74.5,11.44,67.52,11.41,80.21
1590976,MBUU,"Malibu Boats, Inc.",22.02,5531211.01,True,81.78,1y,2.0,32.39,80.42,77.98,76.2,79.67,81.78,66.84,86.45,95.99,97.98,33.11
20286,CINF,Cincinnati Financial Corporation,163.39,93840830.89,True,81.78,6a,1.0,4.99,69.15,77.92,80.33,81.78,80.42,80.8,6.63,65.62,8.83,71.41
1735438,MGTX,MeiraGTx Holdings plc,10.5,9469543.69,True,81.75,1h,2.0,45.71,81.75,78.9,70.97,61.78,53.25,65.82,50.67,86.09,2.53,91.0
1875444,ARHS,"Arhaus, Inc.",9.69,10461688.26,True,81.72,1h,2.0,33.19,81.72,73.55,69.39,65.53,63.8,76.7,50.67,63.12,84.64,66.98
1761312,PLMR,"Palomar Holdings, Inc.",130.76,30258346.39,True,81.69,3a,1.0,6.12,71.53,78.04,81.69,80.51,79.41,91.71,50.79,19.17,13.43,63.57
1078075,NTCT,"NetScout Systems, Inc.",40.69,21888222.76,True,81.6,1h,1.0,27.61,81.6,81.13,76.52,77.0,73.31,72.21,99.2,68.77,14.8,83.92
1015328,WTFC,Wintrust Financial Corporation,143.25,77760259.64,True,81.58,3a,1.0,2.56,77.0,80.33,81.58,79.85,76.79,78.48,92.51,67.64,0.74,75.63
109380,ZION,Zions Bancorporation N.A.,62.49,95038728.13,True,81.52,1h,1.0,4.07,81.52,78.01,69.42,63.21,59.08,84.28,8.77,17.41,50.94,81.16
1562463,INBK,First Internet Bancorp,26.46,1104390.99,True,81.49,1h,1.0,22.29,81.49,80.27,77.77,73.37,63.09,45.59,50.67,32.24,1.07,86.3
1965040,FTRE,Fortrea Holdings Inc.,20.84,24547618.83,True,81.46,6a,1.0,25.44,64.07,75.22,80.27,81.46,80.39,63.57,50.67,30.16,71.44,93.25
1207179,GLNG,Golar LNG Limited,48.42,59858933.28,True,81.43,1h,1.0,4.01,81.43,76.79,69.78,64.1,54.68,75.27,95.69,51.59,50.94,83.74
1655923,ACOG,Alpha Cognition Inc.,9.04,908779.49,False,81.4,3a,2.0,54.5,76.73,79.64,81.4,78.69,74.32,61.34,1.55,93.37,21.78,78.28
1070680,CFBK,CF Bankshares Inc.,33.84,1372000.01,True,81.4,1a,1.0,6.66,79.11,81.4,79.97,78.54,69.42,63.06,50.67,73.49,72.21,86.84
1991332,MKDW,MKDWELL Tech Inc.,1.06,36450.0,False,81.4,1h,4.0,77.21,81.4,71.5,59.76,59.38,66.92,29.42,50.67,51.59,50.94,90.49
1892704,FBDT,First Breach Inc.,0.89,934623.49,False,81.37,1h,4.0,76.89,81.37,71.44,71.11,71.53,77.3,43.83,1.99,67.93,97.98,75.78
2112457,AMAN,Amanat Acquisition Corp,10.41,61990.5,False,81.34,1y,1.0,15.78,56.4,63.27,69.84,75.13,81.34,51.25,50.43,53.58,51.53,74.26
2090646,BRUN,Boost Run Inc.,13.18,36121912.38,True,81.34,1h,5.0,93.25,81.34,63.33,39.17,36.17,29.9,40.56,50.67,6.94,50.94,94.35
1956827,ABVX,Abivax SA,88.15,118932057.6,True,81.31,1h,2.0,46.63,81.31,76.7,71.95,68.89,67.04,50.98,50.67,51.59,50.94,85.53
1756262,TMDX,"TransMedics Group, Inc.",77.87,59425904.27,True,81.28,1h,2.0,36.4,81.28,79.35,79.14,75.69,70.16,92.72,50.67,79.49,12.72,51.59
2013745,CLMT,"Calumet, Inc",56.42,61442533.09,True,81.28,1a,1.0,17.89,78.07,81.28,78.16,77.62,68.68,74.62,95.1,19.99,25.44,91.59
1770450,XRX,Xerox Holdings Corporation,2.75,6401347.54,False,81.25,1h,3.0,72.99,81.25,73.73,61.96,53.34,53.02,57.36,10.04,65.59,72.01,85.56
940942,HUBG,"Hub Group, Inc.",25.76,38217312.14,True,81.22,1h,4.0,82.5,81.22,67.73,46.03,40.51,37.68,45.53,90.52,8.53,94.56,89.06
1590895,CZR,"Caesars Entertainment, Inc.",29.5,95740286.84,True,81.22,3a,1.0,0.06,76.7,80.36,81.22,80.48,71.74,77.89,93.22,84.87,20.36,74.29
2041208,TREO,Tactical Resources Corp.,2.45,138007.5,False,81.19,1h,4.0,76.89,81.19,69.51,54.41,49.42,51.8,50.98,50.67,51.59,88.29,79.35
1759509,LYFT,"Lyft, Inc.",16.22,153874706.19,True,81.19,3a,1.0,17.77,69.87,76.73,81.19,79.38,76.05,96.94,16.37,90.4,80.39,32.54
1016838,RDCM,Radcom Ltd.,10.29,1245317.96,True,81.16,1y,2.0,37.8,60.98,68.35,72.6,77.18,81.16,89.0,10.97,34.83,51.53,38.22
717826,ERIC,Ericsson,9.56,85392994.66,True,81.13,1y,1.0,19.35,54.23,65.23,75.25,78.81,81.13,51.25,97.74,53.58,87.31,87.82
1495320,VRA,"Vera Bradley, Inc.",5.14,423154.49,False,81.1,6a,2.0,41.96,56.79,67.49,75.42,81.1,74.98,34.26,87.73,86.84,28.38,95.69
1709048,GFS,GlobalFoundries Inc.,49.36,187684528.52,True,81.1,1y,2.0,38.48,73.88,74.86,75.48,78.25,81.1,67.25,92.6,33.64,89.93,87.9
1109354,BRKR,Bruker Corporation,58.84,113154152.62,True,81.07,1h,1.0,24.52,81.07,66.42,44.87,34.95,23.68,61.87,88.17,16.76,19.23,94.74
1691082,LBRX,LB Pharmaceuticals Inc,37.22,13294264.16,True,81.04,3a,2.0,37.83,74.71,79.61,81.04,76.4,65.14,65.59,50.79,80.53,11.35,97.36
1517413,FSLY,"Fastly, Inc.",29.3,126357118.53,True,81.01,3a,2.0,47.96,63.66,73.97,81.01,80.83,77.21,57.83,93.82,28.92,20.92,96.14
2065948,SOCA,Solarius Capital Acquisition Corp.,10.37,0.0,False,81.01,1y,1.0,16.82,54.56,63.12,70.58,75.51,81.01,59.15,50.43,53.58,51.53,80.03
77476,PEP,"PepsiCo, Inc.",125.97,1068236929.55,True,80.95,1y,1.0,3.68,57.5,65.2,72.54,74.86,80.95,72.54,94.29,42.23,28.29,54.62
1842279,OPAL,OPAL Fuels Inc.,1.73,417616.25,False,80.92,1y,2.0,43.6,69.57,70.91,73.28,77.68,80.92,66.12,50.43,93.19,98.81,35.36
827876,CLSK,"CleanSpark, Inc.",10.49,242856664.67,True,80.89,1h,2.0,49.84,80.89,60.65,43.42,37.33,34.21,72.84,10.94,92.96,11.26,69.69
1531031,ESQ,"Esquire Financial Holdings, Inc.",118.57,17983030.1,True,80.89,1a,1.0,14.29,80.74,80.89,78.1,69.0,64.16,90.4,50.67,11.17,29.84,72.66
1800392,MLGO,"MicroAlgo, Inc.",3.04,139095.0,False,80.86,1y,2.0,50.28,73.08,72.27,72.96,74.44,80.86,91.32,50.43,53.58,51.53,18.42
1022671,STLD,"Steel Dynamics, Inc.",238.38,238582451.48,True,80.83,3a,1.0,10.13,77.38,80.42,80.83,76.14,69.57,81.4,93.31,88.68,5.91,85.23
76605,PATK,"Patrick Industries, Inc.",63.46,37584645.96,True,80.83,1h,1.0,26.69,80.83,73.46,65.59,54.53,53.22,86.95,14.65,21.1,21.9,61.93
7623,ARTW,"Art's-Way Manufacturing Co., Inc.",3.54,37816.0,False,80.83,1y,3.0,61.31,43.8,64.07,77.41,79.17,80.83,75.42,50.43,69.38,51.53,71.62
882796,BCRX,"BioCryst Pharmaceuticals, Inc.",8.55,31661046.4,True,80.8,6a,1.0,27.19,61.16,73.91,79.91,80.8,71.38,80.59,87.82,80.0,1.55,64.49
947484,ACGL,Arch Capital Group Ltd.,95.57,211277493.07,True,80.8,1y,1.0,0.56,54.09,67.79,78.9,79.73,80.8,79.85,92.69,68.68,5.59,70.25
1676725,IDYA,"IDEAYA Biosciences, Inc.",36.06,25052103.52,True,80.8,1h,2.0,31.47,80.8,72.9,53.46,45.23,38.34,71.38,50.67,69.75,29.99,90.01
1105101,GIGM,GigaMedia Limited,1.38,3683.5,False,80.74,1y,2.0,37.65,67.58,69.87,73.19,75.39,80.74,62.88,50.43,75.36,51.53,64.49
2097986,FTHA,Forefront Tech Holdings Acquisition Corp,10.02,0.0,False,80.68,1y,1.0,12.6,44.25,56.91,68.05,74.56,80.68,51.25,50.43,53.58,51.53,76.26
2099656,HLXC,Helix Acquisition Corp. III,10.5,17950.0,False,80.65,1y,2.0,53.19,58.63,64.49,70.94,73.22,80.65,51.25,50.43,70.91,51.53,67.9
1799567,DDI,"DoubleDown Interactive Co., Ltd.",13.65,1344911.48,True,80.62,1y,1.0,6.95,59.94,69.66,77.65,80.15,80.62,56.76,50.43,53.58,51.53,93.64
1818201,CCC,CCC Intelligent Solutions Holdings Inc.,7.02,60302409.26,True,80.59,1y,1.0,21.1,43.66,60.62,71.86,76.52,80.59,78.16,50.43,98.34,93.67,24.49
1830487,PHVS,Pharvaris N.V.,31.1,19601654.98,True,80.56,6a,1.0,14.71,75.3,78.4,80.39,80.56,78.78,51.16,50.67,66.81,51.23,95.25
1495240,LAND,Gladstone Land Corporation,9.48,5510206.59,True,80.56,3a,1.0,22.53,73.02,78.1,80.56,79.41,76.26,82.67,50.79,68.38,76.85,67.01
1879248,ADSE,ADS-TEC ENERGY PLC,9.66,149689.5,False,80.56,1h,1.0,28.92,80.56,72.18,62.64,58.07,57.62,50.98,50.67,51.59,50.94,82.56
2125551,ALPX,Alpex Acquisition Corporation,9.95,28781.5,False,80.53,1y,1.0,9.75,51.95,61.01,68.77,74.41,80.53,51.25,50.43,53.58,51.53,74.35
1518461,AMPG,"Amplitech Group, Inc.",2.84,4984095.59,False,80.51,1h,3.0,73.97,80.51,77.18,74.38,75.75,79.23,57.12,50.67,96.7,92.18,66.72
1171759,RRGB,"Red Robin Gourmet Burgers, Inc.",8.61,1767751.5,True,80.51,1y,2.0,38.45,41.72,52.39,66.06,75.27,80.51,38.75,4.01,21.81,85.38,91.23
1341317,BWB,"Bridgewater Bancshares, Inc.",20.25,2899445.96,True,80.48,1h,1.0,13.08,80.48,79.32,78.48,76.32,64.49,82.32,50.67,15.1,4.13,80.42
884144,ASUR,Asure Software Inc,7.34,776160.51,False,80.45,1h,1.0,28.86,80.45,80.18,78.01,78.93,75.48,74.89,4.52,36.52,82.26,73.82
1705284,PBAM,"Private Bancorp of America, Inc.",85.25,3133654.52,True,80.39,1h,1.0,2.41,80.39,79.7,76.4,75.45,73.43,50.98,50.67,37.06,50.94,87.01
1546417,BLMN,"Bloomin' Brands, Inc.",8.6,17220918.15,True,80.36,3a,2.0,37.77,67.93,75.63,80.36,79.94,76.82,73.43,85.79,22.29,75.93,75.6
1556727,FNWB,First Northwest Bancorp,9.83,284534.99,False,80.33,6a,1.0,26.39,70.43,72.33,77.92,80.33,77.98,39.7,50.67,67.25,51.23,86.6
2131350,BRTM,B&R Technology Merger Corp.,9.79,175290.0,False,80.33,1y,3.0,57.62,63.15,67.19,77.27,77.5,80.33,51.25,50.43,96.34,51.53,57.24
1741530,QFIN,"Qfin Holdings, Inc. ",6.2,14528781.63,True,80.3,1y,2.0,42.05,77.74,75.19,75.33,74.65,80.3,90.55,2.17,99.2,28.77,2.2
1280452,MPWR,"Monolithic Power Systems, Inc.",1369.8,889452492.44,True,80.27,1h,1.0,19.58,80.27,63.63,44.81,35.13,34.92,65.59,5.59,73.73,90.31,91.11
2088807,XSLL,Xsolla SPAC 1,10.0,499.0,False,80.24,1y,1.0,14.92,55.1,63.15,72.93,79.32,80.24,51.25,50.43,78.63,51.53,64.43
1844450,ELVA,Electrovaya Inc.,5.75,3530574.99,True,80.18,1h,2.0,51.77,80.18,68.11,50.58,45.71,47.55,56.91,15.25,51.59,69.54,79.52
928340,CWCO,Consolidated Water Co. Ltd.,30.58,2347449.99,True,80.18,1y,1.0,19.97,52.69,64.1,74.8,76.79,80.18,80.24,50.43,71.8,51.53,43.3
1985487,KSPI,Joint Stock Company Kaspi.kz,92.99,49148247.91,True,80.18,3a,1.0,10.16,77.21,79.11,80.18,78.78,74.83,51.04,94.86,53.16,50.19,85.47
1038074,SLAB,"Silicon Laboratories, Inc.",222.04,60096182.09,True,80.15,1h,1.0,0.86,80.15,77.06,71.62,63.33,62.56,61.01,3.33,38.4,27.31,88.92
2081532,BLRK,Bluerock Acquisition Corp.,10.13,50848.5,False,80.15,1y,1.0,8.41,48.35,57.74,66.57,72.84,80.15,51.25,50.43,53.58,87.55,69.81
1397016,OPXS,"Optex Systems Holdings, Inc.",10.11,246992.0,False,80.12,1y,2.0,33.25,70.7,70.94,72.72,77.24,80.12,81.25,2.94,40.06,76.02,42.17
1668397,MEDP,"Medpace Holdings, Inc.",602.7,139833119.77,True,80.09,1a,1.0,7.34,77.68,80.09,77.98,68.74,65.91,82.2,92.33,90.19,12.75,66.69
2137965,TCGX,TCGX Acquisition Corp.,12.51,300369.5,False,80.09,1y,2.0,54.8,60.95,65.14,69.72,74.09,80.09,51.25,50.43,53.58,51.53,71.41
921738,PENN,"PENN Entertainment, Inc.",15.48,50857646.85,True,80.06,1y,1.0,18.28,54.41,67.58,74.95,76.11,80.06,68.56,12.24,98.37,51.53,56.79
916793,SILC,Silicom Ltd,58.92,6904915.79,True,80.06,1h,2.0,36.14,80.06,77.8,72.57,70.19,67.88,58.37,91.47,36.4,97.21,92.63
1597033,SABR,Sabre Corporation,1.9,7452620.88,False,80.03,1h,2.0,45.44,80.03,73.76,67.7,67.37,64.75,65.85,10.73,18.51,78.84,81.43
717720,VALU,"Value Line, Inc.",43.88,90585.5,False,80.0,1y,1.0,14.83,44.37,65.29,78.96,79.52,80.0,81.01,13.08,67.46,7.93,78.04
22356,CBSH,"Commerce Bancshares, Inc.",54.39,55414073.87,True,80.0,3a,1.0,1.25,76.43,79.88,80.0,75.48,70.91,81.69,89.63,68.72,6.89,68.05
715787,TILE,"Interface, Inc.",34.73,14258311.25,True,80.0,1h,1.0,9.81,80.0,79.58,78.22,74.68,64.73,81.52,92.04,20.8,24.46,76.4
1672688,ABSI,Absci Corporation,10.16,26343958.12,True,79.94,1h,2.0,50.01,79.94,70.58,58.51,54.32,45.91,26.95,50.67,75.3,13.94,97.44
2100457,AIBZ,Bitzero Holdings Inc.,3.49,2073100.46,False,79.91,1h,4.0,75.19,79.91,68.05,54.21,53.08,57.86,50.98,50.67,51.59,97.71,77.18
1062579,DOX,Amdocs Limited,58.84,60883402.44,True,79.91,1y,1.0,12.01,66.18,73.11,79.23,76.46,79.91,92.04,0.74,96.64,82.7,19.2
799233,HTLD,"Heartland Express, Inc.",11.12,8680092.04,True,79.88,1h,1.0,25.14,79.88,69.18,59.32,56.76,57.56,36.17,50.67,26.98,84.01,94.09
1381197,IBKR,"Interactive Brokers Group, Inc.",86.47,357077773.24,True,79.85,1h,1.0,12.27,79.85,73.14,63.83,55.1,52.6,84.25,1.63,76.58,11.11,83.98
2098707,BRKH,Burtech Acquisition Corp II,10.01,7470.0,False,79.82,1y,2.0,35.57,49.03,59.26,67.93,74.0,79.82,51.25,50.43,53.58,51.53,74.03
1680637,NUR,Nuran Wireless Inc.,0.77,147889.5,False,79.79,1h,4.0,82.67,79.79,69.39,55.54,52.1,56.34,50.98,85.71,51.59,86.24,76.88
1816815,BON,Bon Natural Life Limited,1.16,6806.6,False,79.79,1y,2.0,46.98,27.07,39.41,55.07,65.65,79.79,66.66,50.43,53.58,51.53,55.93
1467761,FIEE,"FiEE, Inc",3.66,68235.0,False,79.76,1y,4.0,84.25,69.09,67.37,62.7,72.93,79.76,19.85,50.43,34.18,99.47,98.42
1851491,AMSS,AMASS Brands Inc.,0.34,57710.0,False,79.76,1h,5.0,91.53,79.76,73.43,73.4,72.18,77.56,33.31,50.67,77.82,50.94,75.42
2096900,ACAA,Averin Capital Acquisition Corp.,10.02,8004.0,False,79.73,1y,1.0,18.57,56.7,63.6,72.9,79.08,79.73,51.25,50.43,78.78,51.53,63.48
814676,CPSH,CPS Technologies Corp.,3.54,846008.51,False,79.73,1h,3.0,63.86,79.73,72.63,68.71,63.24,73.08,46.0,50.67,30.22,50.94,68.08
799288,LE,"Lands' End, Inc.",10.5,2029866.03,True,79.7,1y,2.0,31.03,48.23,62.11,71.0,79.64,79.7,80.0,7.73,72.87,99.29,41.13
1875558,NVCT,"Nuvectis Pharma, Inc.",21.12,3876502.9,True,79.7,1h,3.0,58.84,79.7,74.89,64.67,55.07,51.5,29.51,50.67,87.01,70.37,96.14
2084026,QMLS,"QumulusAI, Inc.",5.25,1984348.94,True,79.67,1h,3.0,59.79,79.67,64.7,49.9,43.63,42.85,40.83,50.67,77.82,28.38,79.41
828146,LINK,"Interlink Electronics, Inc.",4.95,103884.0,False,79.64,1h,3.0,62.38,79.64,70.19,62.85,61.58,69.21,36.34,50.67,25.5,91.26,73.7
1267565,COLL,"Collegium Pharmaceutical, Inc.",22.09,18956061.0,True,79.64,1y,2.0,33.55,59.88,68.08,74.56,75.01,79.64,87.9,50.43,87.13,12.18,26.98
1958140,BATRK,"Atlanta Braves Holdings, Inc.",52.0,24292396.48,True,79.61,6a,1.0,6.78,70.46,72.87,76.79,79.61,72.21,61.66,99.85,76.94,28.02,61.99
1775898,UCL,uCloudlink Group Inc.,0.27,82502.7,False,79.61,1y,3.0,63.77,66.27,66.92,70.67,72.42,79.61,95.01,50.43,74.98,51.53,7.76
1782265,GIXI,Gix Internet Ltd.,3.65,89467.0,False,79.61,1h,4.0,78.48,79.61,67.52,52.36,47.58,47.93,50.98,50.67,51.59,50.94,78.81
2105965,WCCB,West Coast Community Bancorp,60.95,188434.99,False,79.58,6a,1.0,3.92,66.45,72.93,78.37,79.58,79.35,51.16,50.67,53.16,51.23,91.77
1846253,OABI,"OmniAb, Inc.",4.79,5079533.51,False,79.58,1h,3.0,56.88,79.58,79.49,75.19,70.55,60.06,39.64,50.67,32.45,19.29,92.9
1635088,ROIV,Roivant Sciences Ltd.,35.44,204632325.73,True,79.55,1h,2.0,31.2,79.55,76.94,72.42,57.24,36.46,58.19,93.14,87.49,5.47,92.81
6845,APOG,"Apogee Enterprises, Inc.",40.59,7957601.84,True,79.55,6a,1.0,23.06,47.52,69.15,77.74,79.55,77.68,94.8,95.45,21.6,14.15,56.05
1768446,CLYM,"Climb Bio, Inc.",11.0,16607340.54,True,79.55,3a,2.0,45.94,75.45,79.02,79.55,75.66,75.33,63.51,50.79,40.42,50.19,98.96
2084227,ADBT,"Advasa Holdings, Inc.",0.12,2350296.02,False,79.52,1h,3.0,74.29,79.52,71.08,65.53,62.64,67.46,35.07,50.67,73.55,89.78,73.73
1032975,LOGI,Logitech International S.A.,98.27,79367449.74,True,79.49,1h,1.0,15.96,79.49,72.54,69.18,67.96,69.84,70.46,85.23,29.57,50.94,72.93
1075736,CXDO,"Crexendo, Inc.",5.88,1911574.52,True,79.49,1y,2.0,41.52,73.28,75.45,75.01,75.33,79.49,82.88,6.63,33.02,79.02,55.57
1173489,CEVA,"CEVA, Inc.",33.49,21278472.5,True,79.47,1h,2.0,50.1,79.47,65.08,43.39,36.55,32.69,68.29,14.29,34.18,95.13,85.47
821002,GIII,"G-III Apparel Group, LTD.",26.77,16244423.36,True,79.44,1y,1.0,20.18,77.27,78.31,78.6,78.34,79.44,45.35,50.43,93.05,51.53,66.51
2011514,AVR,Anteris Technologies Global Corp.,6.77,6727670.48,True,79.41,1h,2.0,52.81,79.41,63.3,41.13,41.63,32.45,29.69,50.67,7.99,8.2,98.1
1125345,MGNX,"MacroGenics, Inc.",3.55,2163046.05,False,79.41,1a,3.0,55.22,78.01,79.41,74.62,66.78,60.18,61.31,50.67,73.97,2.5,94.59
924383,GNSS,Genasys Inc.,1.41,104984.0,False,79.38,1y,3.0,58.9,51.14,48.59,52.72,70.97,79.38,43.71,50.43,20.86,99.82,46.89
1782303,BOLD,"Boundless Bio, Inc.",2.53,360950.99,False,79.35,1h,3.0,64.49,79.35,78.87,77.38,72.66,74.62,26.66,50.67,70.13,50.94,93.46
808439,TATT,TAT Technologies Ltd.,33.89,4875951.66,True,79.32,1h,2.0,38.13,79.32,74.15,67.37,65.11,70.64,89.45,3.45,81.07,50.94,63.6
1823239,MRVI,"Maravai LifeSciences Holdings, Inc.",7.21,17928701.35,True,79.26,1h,2.0,50.43,79.26,64.73,43.68,36.26,28.97,29.84,50.67,75.66,5.65,98.13
2099095,PTAC,Patriot Acquisition Corp.,9.98,0.0,False,79.26,1y,1.0,17.86,45.02,56.76,67.1,73.46,79.26,51.25,50.43,53.58,51.53,74.12
711404,COO,"The Cooper Companies, Inc. ",54.37,149541259.07,True,79.2,1h,1.0,20.8,79.2,71.8,68.62,55.69,51.56,88.83,4.37,94.03,9.63,62.02
2067876,VSNT,"Versant Media Group, Inc.",30.64,57621233.45,True,79.2,3a,1.0,23.63,77.77,78.34,79.2,76.64,73.61,89.93,88.62,32.18,80.03,39.61
1018724,AMZN,"Amazon.com, Inc.",262.43,8645268039.25,True,79.17,3a,1.0,6.21,72.72,77.36,79.17,74.53,69.33,88.83,94.12,19.2,81.46,63.03
2094073,CTAA,ClearThink 1 Acquisition Corp.,9.99,0.0,False,79.14,1y,2.0,44.46,43.74,55.84,66.89,73.4,79.14,51.25,50.43,53.58,51.53,74.41
1819994,RKLB,Rocket Lab Corporation,68.21,1249481739.65,True,79.08,1h,3.0,55.19,79.08,60.0,42.35,32.51,29.63,82.14,6.21,90.82,88.5,78.75
2091712,RFAM,RF Acquisition Corp III,9.98,4497.5,False,79.08,1y,1.0,14.77,51.44,60.09,67.61,73.28,79.08,51.25,50.43,53.58,51.53,72.66
1286139,LZ,"LegalZoom.com, Inc.",5.98,15089819.96,True,79.05,1y,2.0,31.77,36.17,52.42,68.02,76.49,79.05,80.15,11.2,96.32,51.53,25.44
1968043,NCEW,New Century Logistics (BVI) Limited,16.8,3414.0,False,79.02,1y,2.0,51.03,62.64,68.14,74.98,77.33,79.02,23.0,50.43,53.58,51.53,99.7
1137789,STX,Seagate Technology Holdings PLC,783.0,3732209746.17,True,78.99,1h,2.0,30.82,78.99,64.55,58.78,57.27,53.85,77.33,11.77,4.43,25.94,98.45
853816,LSTR,"Landstar System, Inc.",169.11,71756724.82,True,78.96,1h,1.0,15.99,78.96,76.88,72.12,70.67,63.74,60.98,11.23,71.17,12.12,85.35
913241,SHOO,"Steven Madden, Ltd.",44.3,45097120.22,True,78.93,1h,1.0,10.31,78.93,69.78,51.98,43.86,31.71,74.29,13.37,15.78,4.19,88.26
1490978,SDGR,"Schrodinger, Inc.",27.28,20120900.21,True,78.9,1h,2.0,34.62,78.9,69.3,54.06,47.01,35.13,61.84,94.21,29.69,2.64,80.51
1522540,MQ,"Marqeta, Inc.",17.44,15203136.12,True,78.9,6a,1.0,12.04,48.11,63.66,74.18,78.9,75.63,71.92,50.67,99.2,9.0,39.23
1727196,SRRK,Scholar Rock Holding Corporation,42.19,59205904.52,True,78.84,1h,2.0,41.99,78.84,56.52,41.96,34.98,27.9,32.9,50.67,80.48,24.22,94.59
2097288,BHAV,BHAV Acquisition Corp,10.03,4006.0,False,78.84,1y,1.0,13.02,51.17,59.94,67.49,73.11,78.84,51.25,50.43,53.58,51.53,72.45
1177702,SAIA,"Saia, Inc.",336.75,138693471.62,True,78.81,1h,1.0,21.43,78.81,68.38,50.37,41.04,37.77,70.85,91.5,83.3,12.63,83.77
1113169,TROW,"T. Rowe Price Group, Inc.",105.16,167228904.03,True,78.81,1a,1.0,1.87,75.9,78.81,77.21,66.36,62.14,94.09,8.17,82.67,30.46,61.19
1841387,CADL,"Candel Therapeutics, Inc.",9.94,11230651.75,True,78.78,1h,2.0,48.59,78.78,71.53,63.33,56.14,49.99,42.62,50.67,89.39,18.37,90.97
872912,DCTH,"Delcath Systems, Inc.",15.36,5899382.54,True,78.75,6a,1.0,18.96,65.23,68.5,74.0,78.75,72.42,34.12,50.67,22.26,89.78,91.38
1032033,SLM,SLM Corporation,22.52,50825081.9,True,78.72,3a,1.0,25.85,72.69,76.29,78.72,77.74,77.15,80.03,50.79,65.11,50.19,62.26
1863127,TYRA,"Tyra Biosciences, Inc.",19.94,15442443.56,True,78.72,1h,3.0,56.34,78.72,76.97,74.77,70.16,60.86,59.32,50.67,72.63,14.59,90.61
877212,ZBRA,Zebra Technologies Corporation,387.18,199617655.46,True,78.69,1y,1.0,5.97,53.64,64.75,72.39,76.43,78.69,60.89,14.47,66.72,73.52,88.02
276720,PCYO,Pure Cycle Corporation,11.11,705074.5,False,78.66,6a,1.0,10.46,57.92,66.3,74.15,78.66,76.52,81.93,50.67,12.9,92.84,63.92
1919776,DETX,"Liberty Defense Holdings, Ltd.",1.8,28649.5,False,78.66,1h,3.0,73.88,78.66,66.39,50.4,46.0,47.9,50.98,50.67,51.59,68.86,78.31
1378950,PRTS,"CarParts.com, Inc.",8.64,213624.0,False,78.63,6a,2.0,44.67,59.52,66.12,74.92,78.63,76.23,21.1,50.67,96.05,51.23,94.71
2099232,FMAC,Future Money Acquisition Corporation,10.1,0.0,False,78.6,1y,3.0,72.36,50.85,59.29,71.05,74.83,78.6,51.25,50.43,82.24,51.53,71.56
2081119,BOT,"RoboStrategy, Inc.",27.69,9404406.52,True,78.6,1h,3.0,55.16,78.6,74.53,65.35,59.17,58.54,50.98,50.67,91.99,18.16,67.55
1084765,RGP,"Resources Connection, Inc.",2.83,1364410.02,False,78.57,1h,2.0,46.3,78.57,69.57,58.31,60.42,63.12,30.34,50.67,18.69,87.61,80.36
69422,INTG,The Intergroup Corporation,32.28,2656454.95,True,78.57,1y,4.0,77.86,41.63,58.93,71.23,78.51,78.57,43.3,50.43,10.88,78.45,99.29
1826457,GLUE,"Monte Rosa Therapeutics, Inc.",10.32,16938422.77,True,78.54,3a,2.0,54.74,77.36,74.47,78.54,71.65,64.84,61.84,50.79,79.94,16.34,79.94
1720250,KNDI,"Kandi Technologies Group, Inc.",0.61,59476.0,False,78.54,1h,3.0,56.32,78.54,72.66,67.76,67.52,77.18,41.81,95.13,95.07,88.89,56.73
1521036,LNTH,"Lantheus Holdings, Inc.",100.15,104436395.67,True,78.54,1a,1.0,1.81,77.47,78.54,76.85,71.0,70.4,63.54,1.66,87.93,74.32,88.5
1289848,HURN,Huron Consulting Group Inc.,167.05,32997834.14,True,78.51,1y,1.0,25.17,49.75,62.17,72.69,76.67,78.51,64.75,14.15,74.62,24.46,69.6
1005284,OLED,Universal Display Corporation,74.96,55481094.14,True,78.51,1h,1.0,22.67,78.51,69.93,56.85,43.57,44.31,87.99,16.26,22.05,50.94,55.75
1932770,HERE,Here Group Limited,1.66,34482.0,False,78.45,1y,3.0,57.24,69.42,71.23,73.22,73.85,78.45,99.26,50.43,53.58,51.53,6.45
1519449,SKWD,"Skyward Specialty Insurance Group, Inc.",58.32,22090631.49,True,78.42,3a,1.0,19.23,65.71,74.95,78.42,77.83,76.7,84.75,50.79,33.58,50.19,66.24
2030663,SZZL,Sizzle Acquisition Corp. II,10.5,228059.25,False,78.42,6a,1.0,22.23,56.76,64.37,73.08,78.42,75.54,80.3,50.67,9.09,51.23,71.56
1003935,NICE,NICE Ltd,117.49,52487331.67,True,78.42,1y,1.0,16.32,58.6,68.68,75.75,73.97,78.42,91.65,11.59,95.19,24.49,17.38
1650648,FDMT,"4D Molecular Therapeutics, Inc.",13.33,10320713.3,True,78.4,1h,2.0,52.33,78.4,72.72,63.92,56.73,54.35,61.6,50.67,66.95,50.94,88.02
1871321,DRTS,Alpha Tau Medical Ltd.,14.41,6771182.61,True,78.37,1h,2.0,44.04,78.37,72.3,62.62,57.03,49.36,36.79,50.67,83.15,18.99,95.01
1907085,ODD,ODDITY Tech Ltd.,21.11,12181913.17,True,78.37,1y,2.0,48.14,40.56,56.4,69.57,73.94,78.37,87.4,50.43,97.98,15.84,10.76
1362190,AEYE,"AudioEye, Inc.",6.93,535248.99,False,78.34,1y,3.0,58.96,40.48,50.1,59.85,73.52,78.34,60.53,50.43,86.69,71.5,37.62
2037400,CAAS,"China Automotive Systems, Inc.",4.48,76430.0,False,78.31,1h,2.0,30.16,78.31,75.1,72.36,73.79,77.62,61.66,50.67,51.59,89.99,78.13
1459200,ALRM,"Alarm.com Holdings, Inc.",55.65,22447907.38,True,78.25,3a,1.0,3.8,66.75,75.04,78.25,74.62,68.53,88.77,87.4,24.87,50.19,62.29
1131343,ATHE,Alterity Therapeutics Limited,3.12,51758.5,False,78.25,1h,3.0,57.33,78.25,70.7,62.08,56.58,55.1,50.98,50.67,80.82,16.58,74.74
1720116,RDVT,"Red Violet, Inc.",79.78,14238438.17,True,78.13,6a,1.0,16.02,66.95,71.98,75.36,78.13,69.75,74.83,50.67,19.05,72.48,85.2
1395937,SNDX,"Syndax Pharmaceuticals, Inc.",16.99,26887970.78,True,78.13,1h,2.0,42.82,78.13,73.4,59.11,45.53,41.1,62.62,85.08,38.9,0.74,78.45
1419951,DTST,Data Storage Corporation,3.34,36251.0,False,78.13,1y,4.0,75.27,34.15,43.09,59.2,74.15,78.13,33.28,50.43,67.19,86.33,73.16
2087398,TMCR,The Metals Royalty Company Inc.,2.97,304396.19,False,78.04,1h,3.0,74.68,78.04,66.6,52.3,47.9,48.41,50.98,50.67,51.59,50.94,77.44
2106436,MRCO,Mercator Acquisition Corp.,9.86,12319.5,False,78.04,1y,4.0,83.98,50.01,57.41,64.99,71.74,78.04,51.25,50.43,53.58,80.48,69.3
1699382,PMVP,"PMV Pharmaceuticals, Inc.",1.52,502975.01,False,77.98,1h,3.0,57.47,77.98,70.13,63.8,57.98,47.61,28.32,50.67,26.78,12.99,83.89
1261333,DOCU,"DocuSign, Inc.",71.08,178335011.67,True,77.92,1y,1.0,1.9,59.58,67.31,73.94,76.2,77.92,79.17,92.07,94.74,78.07,31.44
2064764,PLSM,Pulsenmore Ltd.,1.85,120112.0,False,77.92,1h,4.0,78.6,77.92,65.59,49.75,45.29,44.96,43.24,50.67,51.59,50.94,78.63
1023313,FORR,"Forrester Research, Inc.",11.39,1127920.99,True,77.89,6a,2.0,32.75,50.76,65.02,74.44,77.89,72.81,44.52,3.98,30.79,28.41,88.71
2120882,SKHY,SK hynix Inc.,169.03,3667162896.55,True,77.89,1h,1.0,29.93,77.89,67.85,55.3,51.77,58.34,50.98,2.2,51.59,84.84,77.65
1718405,HYMC,Hycroft Mining Holding Corporation,19.19,38608757.17,True,77.86,3a,3.0,57.86,73.34,75.16,77.86,72.87,68.41,57.95,6.72,83.21,87.64,96.91
1819796,GCMG,GCM Grosvenor Inc.,12.97,5495791.95,True,77.86,1a,1.0,15.66,76.17,77.86,76.61,74.03,63.77,89.6,50.67,20.45,1.16,69.81
1843656,RMCO,Royalty Management Holding Corporation,2.51,19963.0,False,77.86,1y,3.0,56.91,53.14,59.82,68.8,73.14,77.86,37.95,50.43,14.12,93.11,66.72
1320760,TSSI,"TSS, Inc.",9.7,6611685.05,True,77.83,1y,2.0,50.91,76.91,73.88,71.35,70.37,77.83,94.86,50.43,24.4,78.13,12.54
2088375,TRBG,TurboGen Ltd.,3.52,254413.0,False,77.83,1h,3.0,74.95,77.83,66.45,52.27,48.02,48.44,50.98,50.67,51.59,50.94,77.3
55135,KELYA,"Kelly Services, Inc.",15.59,4401359.04,True,77.77,1a,1.0,15.87,73.82,77.77,77.71,74.98,76.94,56.52,96.11,65.94,85.94,76.91
2101562,PALO,Paloma Acquisition Corp I,9.99,0.0,False,77.77,1y,1.0,13.55,48.74,58.31,66.72,72.45,77.77,51.25,50.43,53.58,51.53,71.83
1459839,SIBN,"SI-BONE, Inc.",19.37,10091340.11,True,77.71,1y,1.0,26.27,52.39,62.44,69.75,72.63,77.71,70.55,50.43,18.1,51.53,77.62
1368265,CLNE,Clean Energy Fuels Corp.,1.47,2330259.04,False,77.71,1h,2.0,42.79,77.71,76.61,74.86,74.35,76.43,57.62,50.67,90.85,87.79,51.29
1612042,ASND,Ascendis Pharma A/S,229.23,140305569.84,True,77.65,6a,1.0,15.13,60.59,68.77,75.39,77.65,77.47,51.16,50.67,90.49,51.23,81.69
1943289,SVCO,"Silvaco Group, Inc.",8.12,2719196.56,True,77.62,1h,3.0,71.14,77.62,64.99,48.02,45.05,44.34,38.42,85.26,78.22,87.76,88.05
1556739,THRY,"Thryv Holdings, Inc.",1.41,1372891.97,False,77.59,1y,3.0,59.38,68.11,70.43,69.66,70.94,77.59,88.74,84.67,21.63,7.04,7.82
1526520,TRIP,"TripAdvisor, Inc.",8.68,33501505.69,True,77.59,6a,2.0,32.96,53.16,66.63,75.63,77.59,76.46,87.16,9.99,95.9,27.07,24.58
2013649,CHA,Chagee Holdings Limited,11.25,6546105.55,True,77.56,6a,2.0,32.93,58.28,68.53,75.04,77.56,75.25,87.01,50.67,97.0,31.08,36.02
1589526,BLBD,Blue Bird Corporation,56.29,29934192.41,True,77.53,6a,1.0,22.02,76.82,75.66,75.78,77.53,69.69,87.4,50.67,16.11,33.22,56.94
1405495,IDCC,"InterDigital, Inc.",328.3,60387016.62,True,77.5,1h,1.0,19.67,77.5,71.68,65.44,53.91,53.49,73.7,91.62,21.84,83.06,68.89
2099906,AACO,Abony Acquisition Corp. I,9.98,0.0,False,77.44,6a,1.0,16.29,55.69,62.53,71.47,77.44,77.33,51.16,50.67,80.03,51.23,56.4
1957489,ABLV,Able View Global Inc.,2.39,26255.3,False,77.41,1y,2.0,48.41,61.37,66.51,71.83,74.26,77.41,71.47,50.43,16.94,90.07,73.76
277948,CSX,CSX Corporation,47.26,493533904.0,True,77.41,1h,1.0,1.58,77.41,75.69,68.35,57.71,48.83,81.99,15.39,63.77,6.48,81.4
700923,MYRG,"MYR Group, Inc.",310.81,82550486.6,True,77.38,1a,1.0,28.26,72.6,77.38,74.41,71.98,66.63,87.73,50.67,22.17,10.94,78.54
858877,CSCO,"Cisco Systems, Inc.",118.39,1967658702.8,True,77.33,1a,1.0,4.46,71.8,77.33,75.72,65.29,54.44,86.36,87.88,34.12,67.7,80.51
2088082,ETRA,"Electra Therapeutics, Inc.",9.04,6558584.42,True,77.33,1h,2.0,40.51,77.33,64.87,49.99,48.62,51.68,50.98,50.67,33.68,81.6,77.27
101382,UMBF,UMB Financial Corporation,130.3,78757192.09,True,77.3,1h,1.0,7.43,77.3,76.67,68.44,59.67,52.07,97.53,5.08,15.63,50.94,74.95
2027329,OPTH,Optimi Health Corp.,4.02,135742.5,False,77.24,1h,3.0,63.39,77.24,66.98,54.44,50.49,51.17,50.98,95.39,51.59,82.67,74.53
1520358,MAMA,"Mama's Creations, Inc.",13.4,8377652.7,True,77.24,1y,2.0,34.68,61.46,67.99,71.71,72.6,77.24,70.97,50.43,34.62,51.53,87.04
6201,AAL,"American Airlines Group, Inc.",12.76,882650189.65,True,77.18,1h,1.0,25.62,77.18,75.27,68.2,58.16,53.91,78.75,4.1,64.58,20.27,72.04
1865782,BTSG,"BrightSpring Health Services, Inc.",63.74,141330613.12,True,77.18,3a,1.0,20.65,68.35,76.52,77.18,74.5,55.25,83.24,98.34,15.45,5.23,91.53
2105274,IPVV,"InterPrivate Investment Partners V, Inc.",9.85,11832.0,False,77.09,1y,3.0,68.41,45.77,56.23,66.03,72.07,77.09,51.25,50.43,53.58,51.53,71.92
906709,NKTR,Nektar Therapeutics,41.17,52514494.22,True,77.09,1h,3.0,57.09,77.09,64.13,52.87,39.02,33.73,42.05,94.06,87.7,16.2,88.08
2007596,TWFG,"TWFG, Inc.",24.76,3742260.59,True,77.09,6a,1.0,18.69,64.1,69.0,73.7,77.09,72.51,80.45,50.67,75.19,80.98,48.86
864240,SYPR,"Sypris Solutions, Inc.",2.06,50644.0,False,77.06,1y,3.0,56.67,24.16,41.28,63.27,74.06,77.06,46.06,50.43,72.6,51.53,78.16
700564,FULT,Fulton Financial Corporation,22.1,37019719.48,True,77.06,1h,1.0,2.64,77.06,72.81,66.45,60.18,54.5,45.08,97.09,69.33,24.84,86.12
66004,MSEX,Middlesex Water Company,53.08,7272070.02,True,77.03,1h,1.0,15.48,77.03,76.55,75.1,72.12,75.22,84.58,50.67,64.04,85.2,60.95
1802883,API,"Agora, Inc.",4.08,598972.01,False,77.03,3a,2.0,32.18,72.27,75.9,77.03,74.89,71.59,79.32,50.79,35.51,29.72,66.09
2086771,ELE,Elemental Royalty Corporation,17.86,5879896.93,True,77.0,1y,2.0,35.66,74.83,74.77,74.12,75.6,77.0,51.25,95.3,53.58,94.95,75.72
1758488,OSW,OneSpaWorld Holdings Limited,23.74,19661061.73,True,77.0,3a,1.0,11.5,69.6,75.78,77.0,75.16,69.6,88.38,50.79,83.06,21.55,60.06
1490349,PFX,PhenixFIN Corporation ,44.94,129211.2,False,76.97,6a,2.0,42.26,54.83,63.06,73.34,76.97,76.85,73.46,50.67,22.14,14.83,63.27
1392326,CCEC,Capital Clean Energy Carriers Corp.,20.63,149235.0,False,76.97,1y,1.0,26.3,76.02,74.0,73.64,75.36,76.97,68.41,93.25,53.58,99.11,51.14
2094712,FJDI,ARC Group Securities Acquisition I,9.87,207235.27,False,76.91,1y,3.0,56.55,47.82,54.83,66.24,71.8,76.91,51.25,50.43,25.62,51.53,70.46
840489,FCFS,"FirstCash Holdings, Inc.",213.7,78775969.04,True,76.91,1a,1.0,2.59,74.68,76.91,76.46,71.47,66.27,86.48,8.02,31.53,30.49,80.15
1903870,AFRI,Forafric Global PLC,12.72,162460.5,False,76.91,6a,1.0,9.99,39.38,57.27,72.33,76.91,76.67,58.1,50.67,53.16,73.02,87.9
1776067,OCG,Oriental Culture Holding LTD,1.84,103017.0,False,76.88,1y,3.0,59.44,18.99,33.58,47.37,61.13,76.88,75.84,50.43,53.58,51.53,32.84
944809,OPK,"Opko Health, Inc.",1.38,3600914.58,False,76.85,1h,2.0,39.32,76.85,63.39,52.6,48.92,49.15,33.73,7.34,22.17,69.12,83.57
811641,ICCC,ImmuCell Corporation,9.75,156139.5,False,76.82,6a,1.0,25.5,59.29,65.97,71.89,76.82,74.8,32.87,50.67,81.78,21.63,93.61
1549595,NRIX,"Nurix Therapeutics, Inc.",22.35,31126012.87,True,76.79,1h,2.0,49.75,76.79,72.07,67.31,62.7,45.5,30.94,50.67,35.04,18.51,94.98
1527753,PSNL,"Personalis, Inc.",16.0,38286685.88,True,76.76,1h,2.0,51.05,76.76,70.73,65.08,61.04,46.36,44.93,50.67,37.8,20.06,92.24
2095443,BREZ,Breeze Acquisition Corp. II,10.07,0.0,False,76.73,1y,3.0,71.29,46.03,56.17,65.74,71.83,76.73,51.25,50.43,53.58,51.53,71.59
1368514,ADMA,ADMA Biologics Inc,10.36,22319933.4,True,76.73,6a,1.0,29.12,45.32,58.1,69.93,76.73,74.77,98.13,50.67,37.77,74.83,25.05
763532,LYTS,LSI Industries Inc.,20.65,6735637.12,True,76.67,1h,1.0,29.75,76.67,72.12,67.07,63.03,66.21,76.11,50.67,78.48,75.04,62.5
1101302,ENTG,"Entegris, Inc.",165.79,296791670.53,True,76.64,1h,1.0,26.24,76.64,72.36,62.88,52.63,45.14,70.79,88.2,83.09,6.06,88.14
1010086,SIGA,SIGA Technologies Inc.,3.28,2014570.45,False,76.64,1y,2.0,41.58,63.86,65.74,71.29,73.55,76.64,82.73,50.43,75.54,51.53,11.89
2009312,PUSA,Powerus Corporation,2.59,1621860.0,False,76.61,1h,4.0,76.4,76.61,65.11,45.53,42.05,47.67,43.15,6.0,82.53,84.73,85.65
2136530,MIAC,Meridian3 Industrials Acquisition Corp,9.82,121892.0,False,76.61,1y,3.0,59.76,48.53,57.56,66.09,71.62,76.61,51.25,50.43,53.58,51.53,71.0
1995116,RECT,Rectitude Holdings Ltd,1.26,5324.79,False,76.58,1y,3.0,64.52,48.32,52.57,60.36,68.35,76.58,73.64,50.43,53.58,51.53,33.55
760498,BANF,BancFirst Corporation,106.18,13551987.6,True,76.58,1h,1.0,7.55,76.58,75.25,71.08,58.81,46.39,97.3,96.64,20.59,7.46,60.45
704440,KRMD,"KORU Medical Systems, Inc.",2.96,613321.5,False,76.55,1y,2.0,38.9,51.83,61.34,70.16,76.34,76.55,70.4,50.43,90.25,6.0,43.71
1428336,HQY,"HealthEquity, Inc.",92.61,75407639.58,True,76.55,3a,1.0,5.71,64.78,71.35,76.55,72.48,68.2,81.96,50.79,89.21,1.78,56.23
1813814,DFTX,"Definium Therapeutics, Inc. ",36.9,75299406.37,True,76.52,1h,2.0,53.14,76.52,69.27,65.79,53.25,48.5,58.99,1.78,93.19,21.96,93.88
1583648,PVLA,"Palvella Therapeutics, Inc.",138.77,27975771.14,True,76.49,3a,2.0,38.63,64.4,73.08,76.49,72.99,69.39,66.42,50.79,35.69,7.07,94.89
2131813,NWCL,newcleo plc,7.47,1017189.49,True,76.49,1h,2.0,32.27,76.49,69.69,61.13,57.68,57.65,50.98,50.67,51.59,50.94,78.19
2083217,QADR,QDRO Acquisition Corp.,10.01,0.0,False,76.49,1y,1.0,13.67,48.41,57.5,65.97,71.56,76.49,51.25,50.43,53.58,51.53,70.85
1625297,INDV,"Indivior Pharmaceuticals, Inc. ",35.45,66539583.28,True,76.37,3a,1.0,22.97,73.22,69.54,76.37,76.29,72.36,60.8,50.79,27.31,24.13,85.74
926326,OMCL,"Omnicell, Inc.",35.82,21990947.21,True,76.37,6a,1.0,23.98,55.3,68.8,75.96,76.37,74.44,85.71,50.67,88.35,5.11,65.53
1069157,EWBC,"East West Bancorp, Inc.",125.53,90665927.93,True,76.34,3a,1.0,0.8,72.1,75.51,76.34,73.43,67.34,65.08,91.03,68.5,9.93,80.39
914475,NBIX,"Neurocrine Biosciences, Inc.",142.44,181096028.56,True,76.34,1h,1.0,17.5,76.34,73.37,60.56,51.05,42.79,85.53,98.19,38.13,9.75,69.75
1397187,LULU,lululemon athletica inc.,94.5,389719226.08,True,76.32,1y,1.0,26.06,71.74,74.18,74.83,70.07,76.32,86.06,5.11,98.78,76.2,5.88
1309402,GPRE,"Green Plains, Inc.",15.06,20510154.94,True,76.32,1a,1.0,28.23,75.87,76.32,74.71,70.79,71.14,40.42,87.73,83.92,81.04,88.26
2070849,BLLN,"BillionToOne, Inc.",98.09,62840447.63,True,76.29,1h,2.0,38.6,76.29,62.23,41.52,34.09,29.3,77.77,50.67,86.33,27.16,73.52
1861795,DH,Definitive Healthcare Corp.,0.98,196587.3,False,76.29,1y,4.0,81.58,24.25,38.45,57.5,64.64,76.29,56.85,50.43,99.61,51.53,26.09
1075415,DHC,Diversified Healthcare Trust ,7.5,12614409.86,True,76.26,1h,1.0,27.52,76.26,70.52,62.02,53.73,43.51,40.18,50.67,11.77,50.94,93.43
1285819,OMER,Omeros Corporation,19.83,20739682.62,True,76.23,3a,2.0,51.92,63.63,71.17,76.23,73.58,67.37,58.34,50.79,37.27,17.68,98.25
1879726,SIDU,"Sidus Space, Inc.",1.55,7954597.47,False,76.23,1h,4.0,86.84,76.23,57.71,39.08,35.54,39.23,21.46,50.67,85.5,91.95,97.3
1720592,RPAY,Repay Holdings Corporation,3.87,1450050.99,False,76.2,1y,2.0,40.53,51.74,64.9,71.5,75.72,76.2,83.92,50.43,73.55,51.53,42.38
1750149,IKT,"Inhibikase Therapeutics, Inc.",1.91,1078931.0,False,76.2,1h,3.0,64.75,76.2,69.63,65.71,60.21,54.15,32.48,50.67,70.73,17.09,90.19
1711279,KRYS,"Krystal Biotech, Inc.",331.61,89539078.92,True,76.2,1a,1.0,14.98,72.9,76.2,73.73,66.21,58.42,76.97,50.67,78.81,8.35,85.94
2088749,KBON,Karbon Capital Partners Corp.,10.12,18192.0,False,76.17,6a,1.0,14.21,47.76,58.37,69.21,76.17,76.02,51.16,50.67,77.62,51.23,57.74
1657677,PBLS,"Parabilis Medicines, Inc.",27.48,16349745.16,True,76.14,1h,2.0,45.05,76.14,62.76,49.84,40.92,34.09,50.98,50.67,91.17,6.84,76.67
1745648,APMD,"Apnimed, Inc.",18.52,9939223.6,True,76.08,1h,2.0,38.01,76.08,65.35,55.87,50.64,50.52,36.67,50.67,27.28,3.33,76.7
2002453,STAK,STAK Inc.,1.08,945100.99,False,76.08,1y,4.0,80.71,63.95,65.38,68.97,73.19,76.08,23.51,50.43,53.58,51.53,98.72
350894,SEIC,SEI Investments Company,104.7,72244440.22,True,76.08,3a,1.0,1.31,69.36,74.74,76.08,71.44,67.61,75.93,85.59,88.97,2.35,73.05
1374328,FTLF,"FitLife Brands, Inc.",9.21,101468.0,False,76.02,6a,2.0,38.54,53.46,62.08,71.44,76.02,75.78,77.59,50.67,93.73,51.23,25.71
921638,SSRM,SSR Mining Inc.,35.51,79290129.31,True,75.99,3a,1.0,24.93,58.78,67.01,75.99,75.04,63.48,57.27,86.21,86.39,31.5,85.14
1018979,AMSF,"AMERISAFE, Inc.",24.41,10075437.99,True,75.96,1y,1.0,20.56,47.64,62.7,70.22,72.39,75.96,94.92,50.43,32.81,77.5,32.04
1512499,LIND,Lindblad Expeditions Holdings Inc. ,35.82,22197197.95,True,75.93,6a,1.0,26.86,66.86,71.32,73.43,75.93,67.99,68.95,98.6,8.23,95.13,94.8
320193,AAPL,Apple Inc.,336.64,12703383905.82,True,75.93,1h,1.0,0.3,75.93,75.39,68.14,54.35,48.62,85.14,85.53,64.4,29.51,72.1
1958133,DXST,Decent Holding Inc.,1.86,105036.0,False,75.9,1y,4.0,82.47,70.13,55.36,50.79,56.08,75.9,62.53,50.43,96.14,99.91,6.33
1636422,HCAT,"Health Catalyst, Inc",1.77,966824.0,False,75.87,1y,3.0,55.51,34.35,46.6,66.36,74.59,75.87,36.26,99.67,99.38,21.72,39.88
2098780,TRGS,TRG Latin America Acquisitions Corp.,9.97,0.0,False,75.84,1y,1.0,12.63,45.62,55.66,65.23,71.2,75.84,51.25,50.43,53.58,51.53,71.17
2074973,CCXI,Churchill Capital Corp XI,10.93,30101511.78,True,75.84,1h,2.0,54.53,75.84,66.72,60.06,55.6,54.77,50.98,50.67,77.82,50.94,71.77
1736297,ALAB,"Astera Labs, Inc.",342.21,1206378047.66,True,75.78,1h,2.0,35.42,75.78,64.25,47.43,39.2,36.32,59.23,91.92,88.77,96.26,87.73
1114700,GGAL,Grupo Financiero Galicia S.A.,36.76,35444897.14,True,75.78,6a,2.0,32.42,56.14,66.21,73.52,75.78,73.82,51.16,88.92,27.85,51.23,90.46
2108164,PONO,"Pono Capital Four, Inc.",10.04,0.0,False,75.75,1y,1.0,16.52,45.82,55.75,65.17,71.14,75.75,51.25,50.43,53.58,51.53,71.03
933034,STRT,STRATTEC SECURITY CORPORATION,63.73,6252571.97,True,75.75,1h,1.0,24.9,75.75,74.12,72.21,72.51,74.09,43.0,50.67,27.19,96.17,74.06
1625791,KRNT,Kornit Digital Ltd.,18.3,4343691.39,True,75.72,1y,1.0,6.03,46.12,60.12,70.52,75.22,75.72,65.41,13.67,87.31,33.34,71.95
1494904,GBLI,"Global Indemnity Group, LLC",23.24,119669.0,False,75.72,1h,2.0,31.5,75.72,72.57,69.45,69.21,62.82,59.85,50.67,18.63,50.94,72.39
2018462,PCLA,PicoCELA Inc.,6.61,384615.0,False,75.69,1y,3.0,63.45,52.72,58.63,64.1,69.96,75.69,51.25,50.43,53.58,6.63,68.08
1844452,LUNR,"Intuitive Machines, Inc.",13.19,122934768.55,True,75.69,1h,3.0,58.45,75.69,52.15,33.61,27.49,24.37,56.46,98.22,34.83,69.36,89.96
1858724,FLX,BingEx Limited,1.49,269007.49,False,75.6,1y,3.0,57.5,35.69,49.15,63.45,71.41,75.6,93.61,50.43,81.58,51.53,25.35
1611647,FRPT,"Freshpet, Inc.",64.07,68015824.9,True,75.57,3a,1.0,21.07,60.83,71.03,75.57,73.02,67.13,75.39,87.04,78.6,10.04,75.99
1718224,BTBD,"BT Brands, Inc.",1.69,34972.0,False,75.57,1y,3.0,73.73,69.69,66.06,64.13,69.36,75.57,36.79,50.43,40.09,81.01,68.97
1587987,NEWT,"NewtekOne, Inc.",10.89,2759091.44,True,75.54,1h,2.0,42.7,75.54,70.88,71.38,74.32,74.23,60.27,50.67,32.12,93.67,77.59
868780,DORM,"Dorman Products, Inc.",120.4,26909555.13,True,75.51,1h,1.0,11.77,75.51,71.41,64.96,55.27,53.43,90.22,50.67,68.47,5.38,59.26
1482541,BNC,BNB Standard Corporation,5.26,842950.5,False,75.48,1h,4.0,86.48,75.48,60.33,57.12,56.67,57.44,64.73,50.67,83.98,50.94,50.46
2007599,LAWR,"Robot Consulting Co., Ltd.",3.75,0.0,False,75.45,1y,2.0,38.25,62.91,67.88,72.18,74.92,75.45,51.25,50.43,53.58,77.21,82.17
2058707,ATTO,"Attovia Therapeutics, Inc.",16.21,6819210.78,True,75.39,1h,2.0,39.94,75.39,74.38,73.55,65.17,63.03,50.98,50.67,80.24,0.15,66.03
2083493,XCBE,X3 Acquisition Corp. Ltd.,10.03,1995.0,False,75.36,1y,2.0,41.93,45.59,55.48,64.81,70.91,75.36,51.25,50.43,53.58,51.53,70.43
1984086,SEPN,"Septerna, Inc.",38.37,12895068.08,True,75.33,1a,1.0,26.12,67.82,75.33,72.66,71.92,58.57,77.15,50.67,75.6,5.94,83.89
802481,PPC,Pilgrim's Pride Corporation,28.65,41200152.75,True,75.3,3a,1.0,23.15,57.03,66.81,75.3,74.21,71.62,94.03,86.48,21.84,50.19,32.12
2062440,KYIV,Kyivstar Group Ltd.,12.1,4475246.98,True,75.27,1h,1.0,21.22,75.27,71.77,67.55,66.0,67.73,56.88,50.67,51.59,88.44,75.81
1530979,HNST,"The Honest Company, Inc.",5.07,8761717.82,True,75.25,6a,2.0,37.5,74.59,74.71,75.13,75.25,74.06,60.74,7.28,68.47,51.23,82.97
4904,AEP,"American Electric Power Company, Inc.",122.81,435889733.31,True,75.16,1y,1.0,2.35,45.26,55.3,64.43,70.76,75.16,41.34,4.37,36.7,88.77,75.99
72331,NDSN,Nordson Corporation,328.17,104543017.98,True,75.13,1a,1.0,0.18,73.94,75.13,74.06,73.34,70.76,43.98,91.38,65.02,16.17,82.23
1936817,HXHX,Haoxin Holdings Limited,0.32,24533.9,False,75.13,1h,4.0,79.94,75.13,60.56,43.0,38.4,38.99,79.88,95.96,51.59,50.94,50.34
1366868,GSAT,"Globalstar, Inc.",83.22,56689424.89,True,75.1,1h,1.0,2.32,75.1,73.58,68.83,63.98,62.62,36.64,10.16,88.65,97.3,87.9
2090441,IDAC,Iron Dome Acquisition I Corp.,9.99,0.0,False,75.1,1y,1.0,17.83,48.29,56.94,65.05,70.73,75.1,51.25,50.43,53.58,51.53,69.66
1982708,NNNN,Anbio Biotechnology,4.66,570109.49,False,75.07,1h,3.0,72.6,75.07,59.05,43.27,38.6,41.07,91.44,50.67,51.59,50.94,38.57
1699031,GRAL,"GRAIL, Inc.",132.61,45644111.19,True,75.01,1h,2.0,53.76,75.01,62.82,43.63,33.64,33.19,40.24,0.48,66.63,32.66,86.84
352541,LNT,Alliant Energy Corporation,65.85,156372756.98,True,74.95,1y,1.0,6.24,63.33,68.44,74.68,73.67,74.95,90.22,93.55,63.98,91.11,35.72
926423,MIND,"MIND Technology, Inc.",4.61,387430.01,False,74.92,1y,2.0,52.57,26.89,37.68,56.58,65.08,74.92,67.46,50.43,82.24,51.53,40.3
2094919,BID,Tribeca Strategic Acquisition Corp.,9.92,8874.0,False,74.89,1y,3.0,68.86,44.4,54.56,64.07,70.49,74.89,51.25,50.43,53.58,51.53,69.99
2079292,DYOR,Insight Digital Partners II,10.16,3043.0,False,74.86,1y,1.0,11.08,45.74,55.33,64.37,70.46,74.86,51.25,50.43,53.58,51.53,69.75
1702744,SMPL,The Simply Good Foods Company,10.18,23238197.75,True,74.77,6a,2.0,32.57,38.07,52.63,67.67,74.77,72.54,88.86,50.67,94.8,51.23,14.95
1048477,BMRN,BioMarin Pharmaceutical Inc.,54.79,116590136.49,True,74.77,1h,1.0,11.71,74.77,61.63,43.09,38.72,33.52,76.73,7.96,6.3,1.84,86.48
1062822,LXRX,"Lexicon Pharmaceuticals, Inc.",1.68,5754102.81,False,74.74,1h,3.0,57.95,74.74,63.92,53.16,44.19,44.93,35.13,0.21,74.71,16.55,91.32
2096755,TVIV,Texas Ventures Acquisition IV Corp,9.95,2971.5,False,74.74,1y,2.0,35.6,48.17,56.79,64.7,70.31,74.74,51.25,50.43,53.58,51.53,69.21
2104177,LTGR,Long Table Growth Corp.,9.96,999.0,False,74.71,1y,3.0,69.9,48.14,56.73,64.64,70.28,74.71,51.25,50.43,53.58,51.53,69.15
2042292,BDCI,BTC Development Corp.,10.13,6076.5,False,74.68,1y,1.0,28.29,58.9,64.34,68.5,71.05,74.68,72.15,50.43,53.58,29.78,58.93
2101393,APMC,AmperCap Acquisition Company,9.96,8423.5,False,74.65,1y,1.0,12.84,50.64,58.25,64.87,70.13,74.65,51.25,50.43,53.58,51.53,68.41
893847,HWBK,"Hawthorn Bancshares, Inc.",37.82,542940.01,False,74.62,1a,1.0,8.5,72.84,74.62,73.85,64.25,59.32,60.12,50.67,87.25,16.23,81.75
1932393,GEHC,GE HealthCare Technologies Inc.,64.22,227450891.73,True,74.59,1y,1.0,19.26,60.06,64.16,72.48,74.18,74.59,66.57,98.96,81.72,27.85,49.42
2102123,AACP,Apogee Acquisition Corp,10.07,13069.0,False,74.53,1y,2.0,43.09,48.08,56.67,64.49,70.04,74.53,51.25,50.43,53.58,51.53,68.89
1681206,NODK,"NI Holdings, Inc.",14.79,341713.5,False,74.5,3a,1.0,24.19,69.24,73.02,74.5,73.05,67.22,77.18,50.79,74.09,19.97,70.97
1787425,XP,XP Inc.,32.22,100435309.36,True,74.47,6a,1.0,24.55,39.32,57.92,71.53,74.47,73.64,51.16,91.44,53.16,11.74,90.13
2083728,LPCV,Launchpad Cadenza Acquisition Corp I,10.08,0.0,False,74.47,1y,1.0,13.73,48.05,56.61,64.46,69.99,74.47,51.25,50.43,53.58,51.53,68.86
1133869,CAPR,"Capricor Therapeutics, Inc.",7.83,27558357.38,True,74.44,1h,3.0,72.63,74.44,60.92,48.8,40.71,47.96,28.8,1.46,37.53,75.66,90.16
1853145,EVCM,EverCommerce Inc.,9.14,1400737.04,True,74.38,1y,2.0,37.12,46.27,57.47,64.93,70.88,74.38,81.4,50.43,92.07,78.42,15.81
1357971,ESOA,Energy Services of America Corporation,10.4,1339365.0,True,74.38,1h,2.0,40.3,74.38,66.33,57.62,55.33,50.94,63.98,50.67,14.06,31.11,82.59
2001794,CIGL,Concorde International Group Ltd,0.33,26230.0,False,74.35,1h,4.0,86.06,74.35,63.98,48.65,42.5,41.46,55.96,50.67,51.59,15.69,75.3
2076427,LATA,Galata Acquisition Corp. II,10.21,2025.25,False,74.35,1y,1.0,12.42,47.96,56.55,64.34,69.93,74.35,51.25,50.43,53.58,51.53,68.77
1759425,MIRM,"Mirum Pharmaceuticals, Inc.",81.35,59968956.89,True,74.32,1h,2.0,30.85,74.32,69.03,63.48,60.95,53.94,57.74,16.49,25.71,7.28,83.6
1804745,DRVN,Driven Brands Holdings Inc.,11.72,10580904.48,True,74.29,6a,4.0,78.19,60.24,65.65,72.99,74.29,64.25,83.27,50.67,89.75,51.23,35.66
1433642,HLNE,Hamilton Lane Incorporated,85.67,59233489.99,True,74.29,1h,1.0,25.88,74.29,70.04,61.87,54.68,56.88,92.1,14.98,39.52,50.94,51.98
831641,TTEK,"Tetra Tech, Inc.",33.34,74792470.25,True,74.29,3a,1.0,8.86,67.88,69.99,74.29,72.15,73.52,76.82,84.87,69.15,98.9,57.0
1748797,DOO,BRP Inc.,52.96,12911989.12,True,74.26,1h,2.0,32.15,74.26,64.93,57.24,63.12,70.01,50.98,50.67,51.59,99.88,68.86
1295401,TBBK,"The Bancorp, Inc.",48.25,25033364.92,True,74.23,1a,1.0,23.33,74.09,74.23,72.84,69.03,63.71,84.19,94.62,98.84,13.64,31.74
1671927,IMCR,Immunocore Holdings plc,29.09,12666861.72,True,74.23,1h,2.0,30.61,74.23,70.76,70.49,66.69,53.34,70.52,50.67,38.1,72.66,64.93
1323885,ATRC,"AtriCure, Inc.",55.81,42001936.21,True,74.21,1a,1.0,10.7,66.98,74.21,72.78,68.23,61.46,71.44,2.97,74.95,15.57,80.33
2123475,ISNR,Snow Rothschild Acquisition Corp.,9.82,991.5,False,74.21,1y,3.0,69.96,51.71,58.6,64.75,69.84,74.21,51.25,50.43,53.58,51.53,67.79
1126741,GSIT,"GSI Technology, Inc.",4.93,2793803.0,False,74.21,1h,3.0,60.89,74.21,58.72,43.24,37.27,36.05,30.16,50.67,82.97,26.39,87.19
1933021,PLUT,Plutus Financial Group Limited,2.07,592.0,False,74.18,1h,3.0,69.42,74.18,62.56,49.6,47.22,52.81,41.37,50.67,51.59,50.94,69.15
1015383,POWW,Outdoor Holding Company,2.23,1077264.47,False,74.15,1h,2.0,39.67,74.15,71.92,64.52,65.32,60.95,44.52,50.67,10.58,77.33,86.89
2105838,SUMA,SUMA Acquisition Corporation,9.96,0.0,False,74.12,1y,1.0,16.17,44.99,54.71,63.71,69.78,74.12,51.25,50.43,53.58,51.53,69.18
856982,MMSI,"Merit Medical Systems, Inc.",85.25,59120206.58,True,74.12,1h,1.0,7.16,74.12,74.09,70.82,64.55,63.3,83.27,50.67,63.0,50.94,65.38
1262039,FTNT,"Fortinet, Inc.",194.75,684261966.32,True,74.06,1a,1.0,4.13,66.92,74.06,71.14,62.79,55.9,79.97,12.66,70.58,80.39,83.06
1569650,OZK,Bank OZK,44.41,53698494.46,True,74.03,1h,1.0,5.68,74.03,68.74,61.93,58.96,58.16,50.98,87.4,51.59,50.94,75.22
2090452,FGII,FG Imperii Acquisition Corp.,10.03,16976.5,False,74.03,1y,1.0,9.24,45.17,54.77,63.66,69.75,74.03,51.25,50.43,53.58,51.53,69.0
2108962,GCGR,General Catalyst Global Resilience Merger Corp.,10.13,2030.0,False,74.0,1y,1.0,17.8,47.88,56.37,63.95,69.63,74.0,51.25,50.43,53.58,51.53,68.26
1855557,HLP,Hongli Group Inc.,2.54,96583.5,False,73.91,1y,2.0,46.84,63.21,66.84,68.29,70.43,73.91,88.53,50.43,53.58,51.53,39.23
3545,ALCO,"Alico, Inc.",38.35,695159.03,False,73.88,6a,1.0,8.77,52.66,59.11,67.04,73.88,73.88,37.15,15.93,93.85,92.63,75.81
1091223,MTLS,Materialise NV,8.4,608478.01,False,73.88,3a,1.0,12.75,71.47,72.99,73.88,73.64,72.3,51.04,84.7,53.16,50.19,79.85
1843162,LIEN,"Chicago Atlantic BDC, Inc.",9.27,454555.51,False,73.85,1h,2.0,34.74,73.85,70.55,70.91,69.48,66.03,56.73,50.67,93.4,50.94,70.31
2048519,AEBI,Aebi Schmidt Holding AG,11.02,3979758.62,True,73.85,1y,2.0,30.79,66.63,70.46,73.67,72.69,73.85,80.92,50.43,70.07,51.53,59.26
1861107,CBLL,"CeriBell, Inc.",23.63,6872353.87,True,73.82,3a,2.0,40.0,72.63,73.52,73.82,73.73,63.18,36.97,87.16,65.05,12.63,93.73
1527541,WHLR,"Wheeler Real Estate Investment Trust, Inc.",0.57,442158.76,False,73.79,1y,3.0,67.28,59.91,49.78,62.26,70.4,73.79,90.61,50.43,4.78,28.41,8.65
2080216,THEO,BOA Acquisition Corp. II,9.9,130812.0,False,73.76,1y,3.0,59.14,47.79,56.14,63.77,69.54,73.76,51.25,50.43,53.58,51.53,67.96
730272,RGEN,Repligen Corporation,173.88,175475353.08,True,73.73,1h,1.0,19.11,73.73,62.85,44.46,33.82,29.96,69.3,94.89,67.16,6.63,82.26
1610601,MOMO,Hello Group Inc. ,4.68,3039021.93,False,73.7,6a,1.0,25.41,68.86,72.1,73.46,73.7,70.88,87.04,50.67,95.13,70.61,27.73
1779128,SRTA,"Strata Critical Medical, Inc.",4.53,4699126.48,False,73.7,1h,2.0,54.18,73.7,65.82,53.31,49.24,49.78,65.05,50.67,68.62,29.69,77.15
2101470,WLCO,Wilco 63 Corporation,9.82,5423.5,False,73.7,1y,3.0,69.12,54.77,60.15,64.78,69.39,73.7,51.25,50.43,53.58,51.53,66.39
1777835,PWP,Perella Weinberg Partners,15.67,18595243.6,True,73.67,1a,2.0,31.44,71.56,73.67,73.49,69.33,66.84,93.79,50.67,39.85,50.04,39.44
1653653,RRR,"Red Rock Resorts, Inc.",49.51,45045705.83,True,73.64,1h,1.0,16.46,73.64,71.74,69.06,63.6,57.06,75.84,85.2,24.1,69.66,65.79
1792044,VTRS,Viatris Inc.,17.64,142769057.99,True,73.61,6a,1.0,1.69,53.82,60.71,69.03,73.61,68.02,37.56,93.31,6.24,29.0,96.43
1528115,ANNX,"Annexon, Inc.",4.02,13711664.38,False,73.61,1h,3.0,55.81,73.61,67.61,52.78,44.87,44.22,27.96,50.67,94.0,4.1,84.61
706863,UNB,"Union Bankshares, Inc.",22.9,109503.0,False,73.61,3a,2.0,30.13,67.55,71.0,73.61,71.77,73.46,61.52,50.79,88.62,13.61,64.78
1606163,LMB,"Limbach Holdings, Inc.",51.26,16100636.26,True,73.58,1y,2.0,42.41,38.45,43.86,55.84,68.29,73.58,62.32,50.43,86.21,83.24,24.19
1467093,SGLD,Scorpio Gold Corporation,3.56,350092.0,False,73.55,1h,3.0,74.03,73.55,65.47,55.45,53.55,57.18,50.98,50.67,51.59,90.94,70.43
1841209,HOLO,MicroCloud Hologram Inc.,1.45,396599.5,False,73.55,1y,2.0,47.82,68.65,68.32,65.88,65.02,73.55,83.66,50.43,53.58,22.91,22.5
1940177,PODC,"PodcastOne, Inc.",2.15,216363.5,False,73.49,1h,4.0,82.29,73.49,57.59,44.25,40.45,38.01,19.85,50.67,95.19,50.94,93.14
1805594,JWEL,Jowell Global Ltd.,2.44,29913.0,False,73.49,1y,3.0,68.26,43.95,52.36,60.27,68.65,73.49,23.92,50.43,53.58,51.53,98.25
2073153,HYNE,"Hoyne Bancorp, Inc.",16.79,95120.0,False,73.49,6a,1.0,27.07,54.8,66.89,70.64,73.49,72.57,70.55,50.67,92.04,6.45,56.67
1948443,ATTT,Atlas Trinity Tech Limited,2.54,15502.5,False,73.43,1h,3.0,61.78,73.43,65.62,60.59,63.8,73.28,75.04,50.67,51.59,50.94,41.46
2083002,ADAC,American Drive Acquisition Company,10.06,0.0,False,73.34,1y,1.0,18.1,55.13,60.24,64.55,69.06,73.34,51.25,50.43,53.58,51.53,65.94
2083946,WLII,Willow Lane Acquisition Corp. II,10.19,0.0,False,73.25,1y,1.0,18.78,54.21,59.58,64.31,68.97,73.25,51.25,50.43,53.58,51.53,66.06
1786431,REYN,Reynolds Consumer Products Inc.,22.01,30993402.6,True,73.25,1h,1.0,14.74,73.25,70.61,66.42,64.19,62.32,88.77,50.67,70.31,74.44,60.77
2083143,SCPQ,Social Commerce Partners Corporation,10.07,0.0,False,73.22,1y,1.0,14.62,49.99,56.32,60.15,62.53,73.22,51.25,50.43,30.7,51.53,72.54
1582313,XENE,Xenon Pharmaceuticals Inc.,36.44,45080969.33,True,73.19,1h,2.0,52.72,73.19,65.68,55.75,48.56,45.74,31.08,96.32,69.12,14.62,91.95
1606757,KE,"Kimball Electronics, Inc.",28.68,4759200.65,True,73.16,1y,1.0,11.32,65.41,65.94,67.79,72.36,73.16,80.03,50.43,26.78,93.4,43.18
1689548,PRAX,"Praxis Precision Medicines, Inc.",259.86,118782194.24,True,73.14,1h,4.0,81.34,73.14,40.89,22.7,16.61,15.3,16.11,50.67,75.57,90.13,99.82
935036,ACIW,"ACI Worldwide, Inc.",50.87,41896152.09,True,73.14,1y,1.0,11.0,52.96,63.0,70.1,71.35,73.14,66.33,90.31,68.53,74.56,65.41
1005229,CMCO,Columbus McKinnon Corporation,15.99,7010217.62,True,73.11,1h,2.0,45.29,73.11,58.45,44.7,44.31,43.6,28.77,50.67,23.09,87.22,84.34
2075068,IGAC,Invest Green Acquisition Corporation,10.1,0.0,False,73.11,1y,1.0,17.33,45.11,54.23,63.06,68.95,73.11,51.25,50.43,53.58,51.53,67.88
1866782,CDRO,"Codere Online Luxembourg, S.A.",9.52,140156.75,False,73.08,6a,1.0,16.58,61.34,67.28,70.31,73.08,70.46,51.16,50.67,70.73,51.23,90.04
1709442,FSUN,FirstSun Capital Bancorp,38.49,10638712.05,True,73.05,1h,1.0,20.51,73.05,67.13,53.4,43.83,44.43,80.98,50.67,86.21,19.58,67.49
2101411,SAIQ,WISeSat.Space Holdings Corp.,4.68,93493.75,False,73.05,1y,4.0,77.89,32.45,45.35,61.22,70.25,73.05,51.25,97.06,53.58,93.97,77.33
2085408,GPAC,General Purpose Acquisition Corp.,10.1,2014.0,False,73.02,1y,1.0,12.57,47.61,55.63,63.24,68.92,73.02,51.25,50.43,53.58,51.53,67.13
1428439,ROKU,"Roku, Inc.",152.85,312931295.86,True,72.99,1h,1.0,7.25,72.99,70.67,67.4,59.79,50.73,86.42,8.53,23.86,12.21,83.36
2033515,SORA,AsiaStrategy,2.4,64328.0,False,72.99,1y,4.0,76.52,22.44,35.39,51.62,62.85,72.99,71.53,50.43,53.58,51.53,38.96
2081125,DNMX,Dynamix Corporation III,10.09,21042.0,False,72.96,1y,1.0,8.44,45.05,54.15,62.91,68.83,72.96,51.25,50.43,53.58,51.53,67.55
933974,AZTA,"Azenta, Inc.",37.72,23966797.56,True,72.93,1h,2.0,49.99,72.93,66.24,66.21,68.5,64.1,61.37,12.75,23.36,79.11,69.06
1650107,CCEP,Coca-Cola Europacific Partners plc,104.25,169973557.69,True,72.9,1y,1.0,0.12,47.1,59.97,68.95,72.81,72.9,51.25,50.43,53.58,51.53,84.46
1434588,LOPE,"Grand Canyon Education, Inc.",159.8,46421721.65,True,72.87,1y,1.0,10.52,54.03,61.84,63.21,63.42,72.87,85.77,12.33,88.17,51.53,19.08
72903,XEL,Xcel Energy Inc.,73.78,395011777.02,True,72.84,1y,1.0,7.04,63.8,68.89,70.79,69.42,72.84,92.3,3.21,43.33,94.59,28.53
1883085,PGY,Pagaya Technologies Ltd.,18.22,43386211.53,True,72.78,6a,2.0,39.58,55.6,61.75,69.51,72.78,69.63,87.28,12.39,86.63,28.92,30.91
1282224,DLPN,"Dolphin Entertainment, Inc.",1.05,9309.0,False,72.78,1y,2.0,53.4,28.62,39.17,54.59,68.41,72.78,29.18,87.31,75.45,80.24,77.5
1815442,KYMR,"Kymera Therapeutics, Inc.",112.4,71876257.24,True,72.78,1a,2.0,36.49,66.66,72.78,70.88,64.96,54.71,74.86,50.67,70.28,11.44,85.85
2076616,TDWD,Tailwind 2.0 Acquisition Corp.,10.12,0.0,False,72.75,1y,1.0,13.88,50.82,57.36,63.51,68.68,72.75,51.25,50.43,53.58,51.53,66.27
1724542,CLPS,CLPS Incorporation,1.0,7216.2,False,72.66,1y,2.0,47.46,60.74,61.46,62.76,66.09,72.66,38.54,50.43,53.58,51.53,84.78
912562,ROCK,"Gibraltar Industries, Inc.",36.66,12767795.11,True,72.66,1h,2.0,31.71,72.66,56.46,39.91,37.18,41.69,64.78,15.75,92.57,88.92,62.94
2012219,OMSE,OMS Energy Technologies Inc.,4.42,66451.0,False,72.63,1y,2.0,39.55,58.16,64.4,69.24,72.04,72.63,57.59,50.43,53.58,51.53,81.22
1966041,DSC,DSC Holdings Ltd.,5.54,329140.0,False,72.51,1h,3.0,63.51,72.51,63.51,52.21,49.12,50.07,50.98,50.67,51.59,50.94,71.0
1884516,DTI,Drilling Tools International Corporation ,2.05,401690.5,False,72.48,1h,2.0,42.38,72.48,56.05,49.48,49.93,57.77,27.58,50.67,6.81,95.72,90.25
1803599,CNXC,Concentrix Corporation,25.95,34096273.2,True,72.48,1y,1.0,29.81,38.54,53.37,59.08,64.61,72.48,58.69,94.15,98.99,32.18,22.17
1709941,BIOA,"BioAge Labs, Inc.",6.34,6273656.1,True,72.45,1h,3.0,68.62,72.45,64.96,58.28,49.6,40.21,29.09,50.67,32.36,2.11,91.92
924805,FRHC,Freedom Holding Corp.,169.65,14844478.43,True,72.42,1h,1.0,19.76,72.42,63.86,50.64,42.64,35.69,77.56,99.88,64.96,21.66,66.51
2082149,DSAC,Daedalus Special Acquisition Corp.,10.13,231876.0,False,72.33,1y,1.0,6.45,53.79,56.49,63.3,62.5,72.33,51.25,50.43,26.69,51.53,59.91
2068385,SHAZ,"SharonAI Holdings, Inc.",37.93,92926803.22,True,72.33,1h,3.0,71.83,72.33,44.64,26.78,23.09,22.41,35.33,50.67,87.25,74.09,82.53
1103982,MDLZ,"Mondelez International, Inc.",60.67,466771119.83,True,72.33,6a,1.0,0.21,50.16,64.46,70.19,72.33,66.09,70.67,86.12,39.67,11.29,71.38
1014739,OPCH,"Option Care Health, Inc.",31.07,44321657.51,True,72.3,6a,1.0,25.59,34.21,47.43,63.36,72.3,63.24,87.52,50.67,20.15,51.23,41.99
1009759,CEPL,"Capstone Energy Plus, Inc.",4.36,2395268.02,False,72.27,1y,3.0,68.5,71.2,68.02,67.25,67.76,72.27,77.92,50.43,53.58,51.53,49.78
1576942,SFIX,"Stitch Fix, Inc.",2.84,5176079.91,False,72.27,6a,3.0,55.84,31.59,46.12,59.61,72.27,72.15,58.84,89.99,94.74,85.77,42.02
1107843,QLYS,"Qualys, Inc.",202.42,115912198.18,True,72.24,3a,1.0,12.99,60.48,68.62,72.24,69.87,68.65,84.13,12.51,75.48,9.24,64.37
1651308,ONC,BeOne Medicines Ltd.,354.47,126316666.31,True,72.24,1h,1.0,9.66,72.24,66.57,53.08,45.65,36.88,78.13,12.9,32.01,20.56,69.0
1559720,ABNB,"Airbnb, Inc.",165.87,672833421.67,True,72.24,1a,1.0,6.69,70.55,72.24,68.26,59.76,54.53,68.71,15.39,86.72,30.82,76.23
2012807,RFAI,RF Acquisition Corp II,38.1,194545.79,False,72.21,1h,4.0,87.1,72.21,71.62,71.41,68.14,54.09,25.26,50.67,20.33,50.94,90.52
1794546,CARL,"Carlsmed, Inc.",14.42,1375582.52,True,72.21,6a,2.0,49.48,56.88,61.07,67.64,72.21,66.75,33.37,50.67,98.22,31.83,70.82
2111762,GSRV,GSR V Acquisition Corp.,9.95,124335.0,False,72.18,1y,1.0,6.15,42.38,51.83,61.72,68.08,72.18,51.25,50.43,53.58,51.53,67.28
1838615,ALTI,"AlTi Global, Inc.",2.61,332739.01,False,72.18,1h,4.0,80.36,72.18,60.06,42.82,34.5,30.61,38.1,13.28,32.57,11.2,74.62
1402057,CDW,CDW Corporation,142.17,221715157.03,True,72.07,1y,1.0,13.58,61.63,68.97,71.17,68.56,72.07,85.44,14.09,71.83,51.53,46.48
1742518,MTC,"MMTec, Inc.",4.83,53134.0,False,72.07,1h,3.0,72.12,72.07,67.96,63.68,59.23,54.41,17.98,50.67,51.59,50.94,96.23
1370416,WPRT,Westport Fuel Systems Inc,1.82,95422.0,False,72.04,1y,2.0,46.09,56.61,57.98,59.26,64.04,72.04,44.9,50.43,53.58,86.69,61.96
99302,TRNS,"Transcat, Inc.",86.23,9401892.21,True,72.01,1h,1.0,13.94,72.01,62.02,46.39,41.66,39.05,61.07,50.67,21.63,76.02,84.22
1860805,ASTL,Algoma Steel Group Inc.,4.3,3497586.44,False,71.98,1y,2.0,44.34,64.37,66.95,70.43,70.82,71.98,51.25,91.53,53.58,28.97,76.49
1871983,ANGH,Anghami Inc.,3.77,30985.2,False,71.95,6a,3.0,70.28,53.55,61.93,67.9,71.95,71.17,43.3,10.85,53.16,51.23,77.38
748268,RCAT,"Red Cat Holdings, Inc.",5.77,55606052.76,True,71.92,1h,3.0,63.74,71.92,54.86,35.36,29.81,32.3,76.85,11.03,73.28,88.8,58.31
1846832,DLO,DLocal Limited,15.23,24632503.32,True,71.92,1y,1.0,13.25,38.04,50.97,64.19,71.17,71.92,65.38,50.43,41.04,16.97,82.29
1396814,PCRX,"Pacira BioSciences, Inc.",36.31,13838344.95,True,71.89,6a,1.0,17.24,37.53,52.3,66.15,71.89,65.82,74.06,50.67,18.07,15.75,71.08
1286613,LINC,Lincoln Educational Services Corporation,23.49,19681232.77,True,71.86,6a,2.0,37.92,41.34,53.88,67.96,71.86,70.1,39.05,99.61,36.61,31.03,75.42
944745,CIVB,"Civista Bancshares, Inc. ",26.41,3408650.99,True,71.86,1h,1.0,4.87,71.86,69.96,69.96,62.59,55.13,42.02,50.67,79.76,16.46,83.03
2087965,CAES,"Cantor Equity Partners VII, Inc.",10.02,68452.5,False,71.86,1y,1.0,10.34,51.77,57.38,62.79,67.55,71.86,51.25,50.43,53.58,51.53,64.73
1410098,CRMD,CorMedix Inc.,7.38,7260542.09,True,71.8,1y,2.0,43.57,50.79,58.57,65.56,68.8,71.8,76.52,50.43,43.18,17.21,33.88
2075310,BLZR,Trailblazer Acquisition Corp.,10.24,90040.0,False,71.77,1y,1.0,7.07,49.09,55.9,62.44,67.46,71.77,51.25,50.43,53.58,51.53,65.26
1945415,HUHU,HUHUTECH International Group Inc.,2.94,169902.0,False,71.71,1h,3.0,65.5,71.71,57.21,45.05,43.09,49.63,34.41,50.67,51.59,50.94,71.71
1908705,GLE,Global Engine Group Holding Limited,4.29,77794.6,False,71.71,1y,3.0,60.56,70.16,68.59,67.16,67.13,71.71,69.72,50.43,53.58,51.53,50.55
1324424,EXPE,"Expedia Group, Inc.",274.22,471085411.5,True,71.68,3a,1.0,13.61,65.85,69.21,71.68,67.49,70.52,65.23,91.38,90.91,90.76,73.08
2088325,OIM,OneIM Acquisition Corp.,10.15,0.0,False,71.65,1y,1.0,18.37,43.77,52.96,61.58,67.31,71.65,51.25,50.43,53.58,51.53,66.33
1863934,ADUR,Aduro Clean Technologies Inc.,11.11,4545619.49,True,71.62,1h,2.0,43.15,71.62,61.19,48.59,46.24,50.85,50.98,50.67,51.59,93.31,66.57
2077954,EVOX,Evolution Global Acquisition Corp,10.12,8088.0,False,71.56,1y,1.0,11.47,51.41,57.33,63.03,67.79,71.56,59.11,50.43,53.58,51.53,61.93
2126043,CGCF,Cartesian Growth Corporation IV,9.81,12322.0,False,71.53,1y,3.0,68.23,50.13,56.43,62.41,67.19,71.53,51.25,50.43,53.58,51.53,64.7
1841644,PICS,PicS N.V.,13.6,3874558.48,True,71.5,1y,2.0,53.97,29.63,44.1,60.24,67.16,71.5,51.25,50.43,75.04,51.53,64.22
2086524,KTWO,K2 Capital Acquisition Corporation,10.07,0.0,False,71.47,1y,1.0,17.68,50.28,56.34,62.23,68.44,71.47,51.25,50.43,41.84,51.53,66.0
813298,DXLG,"Destination XL Group, Inc.",0.39,27361.0,False,71.44,1h,4.0,82.26,71.44,64.81,57.89,55.16,60.8,66.42,8.59,24.28,79.97,53.85
2104879,SHOT,RMG ML Sports Holdings,9.86,12831.0,False,71.41,1y,2.0,32.63,47.46,54.68,61.9,67.01,71.41,51.25,50.43,53.58,51.53,65.35
1362468,ALGT,Allegiant Travel Company,76.43,39613443.59,True,71.38,1h,1.0,28.97,71.38,64.22,49.57,47.82,50.13,64.19,98.07,67.04,84.61,80.48
1787400,NKTX,"Nkarta, Inc.",2.25,1440779.01,False,71.32,1h,3.0,67.82,71.32,58.96,44.37,38.07,32.99,23.0,50.67,64.16,19.38,93.08
814453,NWL,Newell Brands Inc.,5.64,36316356.0,True,71.29,1y,1.0,25.38,40.86,49.87,56.17,66.54,71.29,39.64,50.43,19.73,80.62,90.16
1874178,RIVN,"Rivian Automotive, Inc.",13.96,331996710.56,True,71.29,1h,2.0,40.21,71.29,58.81,46.12,36.64,32.36,31.26,14.86,99.94,28.56,82.02
1512762,CHRS,"Coherus Oncology, Inc.",1.07,1210622.0,False,71.26,1h,3.0,73.14,71.26,61.78,48.89,43.48,44.64,61.43,50.67,32.04,13.08,63.95
1892322,HTCR,"Heartcore Enterprises, Inc.",1.71,39275.0,False,71.26,1y,4.0,83.24,61.9,52.6,49.27,55.93,71.26,67.55,50.43,53.58,51.53,17.71
1930313,SBC,SBC Medical Group Holdings Incorporated,5.42,675621.0,False,71.23,6a,2.0,53.67,49.57,61.69,67.88,71.23,68.05,83.45,50.67,19.41,51.23,69.87
1468522,FER,Ferrovial N.V.,50.15,85898904.14,True,71.14,1h,1.0,12.69,71.14,63.54,53.49,50.82,51.77,50.98,50.67,51.59,50.94,70.04
1681348,VIVO,VivoPower PLC,3.1,1583890.49,False,71.11,1h,3.0,70.49,71.11,61.16,48.77,46.42,49.21,61.93,50.67,51.59,50.94,67.1
2099767,NHIV,NewHold Investment Corp IV,10.05,508.0,False,71.11,1y,1.0,18.04,47.34,54.5,61.75,66.81,71.11,51.25,50.43,53.58,51.53,65.08
1570585,LBTYA,Liberty Global Ltd.,8.66,23016317.98,True,71.08,1h,1.0,20.3,71.08,68.65,63.18,61.66,59.02,35.69,98.87,84.07,95.84,67.28
58361,LEE,"Lee Enterprises, Incorporated",7.61,280669.01,False,71.08,6a,3.0,57.68,41.84,56.97,65.94,71.08,65.29,29.57,91.47,78.9,28.89,98.81
915779,DAKT,"Daktronics, Inc.",18.01,8702669.7,True,71.08,1y,1.0,23.27,45.65,49.3,55.93,61.81,71.08,43.45,92.33,63.83,80.98,54.56
2087361,MEVO,M Evo Global Acquisition Corp II,10.02,24563.0,False,71.03,1y,1.0,9.9,46.45,54.0,59.05,65.91,71.03,51.25,50.43,34.18,51.53,60.92
722572,FKWL,Franklin Wireless Corp.,2.21,27715.0,False,71.0,1y,2.0,50.04,60.8,55.04,56.76,57.47,71.0,60.59,50.43,75.01,94.21,31.86
1822492,HLMN,Hillman Solutions Corp.,6.97,9795959.5,True,70.97,1a,1.0,24.49,68.83,70.97,67.34,67.25,59.14,82.35,50.67,71.26,76.43,34.77
1849396,NEXN,Nexxen International Ltd.,8.95,4354503.45,True,70.94,1y,1.0,18.51,45.94,54.26,63.09,70.58,70.94,56.79,50.43,38.01,83.74,77.98
1882782,ODTX,"Odyssey Therapeutics, Inc.",19.0,4409999.52,True,70.94,1h,2.0,50.34,70.94,58.84,49.21,43.18,39.11,43.66,50.67,77.82,30.49,73.4
101984,UEIC,Universal Electronics Inc.,5.36,210274.0,False,70.88,1h,1.0,18.54,70.88,64.28,56.49,54.95,55.01,31.17,50.67,35.48,50.94,82.08
1737450,OPRA,Opera Limited,17.58,5879460.55,True,70.85,1y,1.0,17.98,65.17,65.88,65.5,68.47,70.85,43.92,12.69,42.1,82.05,75.45
716634,RDI,Reading International Inc,1.89,78459.5,False,70.85,6a,2.0,45.41,70.52,69.24,64.4,70.85,61.72,30.52,96.79,8.5,73.4,94.53
851310,HLIT,Harmonic Inc.,10.99,15451786.72,True,70.85,1h,2.0,53.73,70.85,69.12,65.29,67.64,65.62,56.02,4.43,89.57,50.94,76.34
1800315,DMRA,"Damora Therapeutics, Inc.",21.08,11260342.34,True,70.82,1a,3.0,60.59,64.64,70.82,67.52,66.66,62.94,35.16,50.67,98.13,29.78,89.36
1598646,NERV,"Minerva Neurosciences, Inc",3.18,534042.99,False,70.82,1h,3.0,64.28,70.82,70.16,67.19,68.71,57.92,31.83,50.67,64.81,3.39,91.86
2083989,ALOV,"Aldabra 4 Liquidity Opportunity Vehicle, Inc.",10.02,2989.5,False,70.79,1y,1.0,11.92,47.31,54.29,61.46,66.57,70.79,51.25,50.43,53.58,51.53,64.55
1651625,ACIU,AC Immune SA,2.5,434345.5,False,70.79,1h,2.0,46.92,70.79,61.6,50.94,47.61,50.4,50.98,50.67,26.6,50.94,63.86
875045,BIIB,Biogen Inc.,225.71,184893108.69,True,70.79,1a,1.0,1.93,67.28,70.79,68.08,58.69,56.46,71.71,2.38,68.08,31.8,77.53
1993097,MASK,3 E Network Technology Group Ltd,0.83,143636.1,False,70.73,1y,3.0,73.85,43.39,48.26,53.91,60.33,70.73,63.77,50.43,53.58,51.53,21.43
1493594,MTSI,"MACOM Technology Solutions Holdings, Inc.",322.21,350776306.61,True,70.73,1h,2.0,30.34,70.73,68.47,58.72,50.07,39.73,73.97,87.25,22.2,18.22,88.74
1820953,AFRM,"Affirm Holdings, Inc.",80.7,252972491.9,True,70.73,3a,1.0,24.13,56.49,66.86,70.73,66.18,60.45,92.93,93.94,37.36,22.56,46.72
1615063,INSE,"Inspired Entertainment, Inc.",3.52,849307.01,False,70.7,1y,2.0,44.78,31.92,44.75,59.44,69.69,70.7,76.43,50.43,15.54,51.53,42.2
1853868,FRVO,Fervo Energy Company,13.75,69454374.4,True,70.67,1h,2.0,54.95,70.67,64.43,63.39,63.09,66.12,50.98,96.49,77.82,88.32,65.91
1899123,BTDR,Bitdeer Technologies Group,9.63,105764714.85,True,70.64,1h,2.0,53.43,70.64,51.86,33.49,29.0,26.45,59.64,91.68,84.73,20.53,62.73
2090787,OHAC,Oceanhawk Acquisition Corp.,9.99,4997.5,False,70.61,1y,1.0,11.8,46.78,53.16,56.43,64.84,70.61,51.25,50.43,19.39,51.53,66.89
1850733,FVAV,Fortress Value Acquisition Corp. V,10.25,0.0,False,70.58,1y,1.0,18.9,47.25,54.21,61.31,66.39,70.58,51.25,50.43,53.58,51.53,64.4
1816736,IRON,"Disc Medicine, Inc.",60.77,29720747.26,True,70.58,1h,2.0,40.42,70.58,55.69,46.72,37.71,33.46,58.48,94.95,77.24,3.89,75.39
2029471,HMR,Heidmar Maritime Holdings Corp.,1.84,84716.75,False,70.55,1y,3.0,61.22,30.85,41.37,50.01,63.71,70.55,34.56,50.43,31.71,97.92,89.45
1618732,NTNX,"Nutanix, Inc.",74.63,153392977.35,True,70.55,3a,1.0,3.66,65.47,70.25,70.55,67.93,68.95,92.33,85.11,25.71,72.72,42.2
1828102,KARO,Karooooo Ltd.,61.08,5000299.35,True,70.52,6a,1.0,12.96,50.04,59.35,65.26,70.52,66.51,51.16,50.67,69.69,24.46,85.26
1683541,ACB,Aurora Cannabis Inc.,4.49,3466450.42,False,70.49,1y,2.0,37.59,24.31,38.69,56.2,65.68,70.49,51.25,99.61,53.58,20.62,46.15
2122505,IACQ,Irenic Acquisition Corp.,9.95,5468.5,False,70.43,1y,2.0,32.01,47.22,54.03,60.95,66.15,70.43,51.25,50.43,53.58,51.53,64.13
1729173,UXIN,Uxin Limited,1.13,119066.0,False,70.4,1h,3.0,67.61,70.4,48.02,30.01,23.95,21.72,83.15,50.67,61.99,50.94,49.93
1575515,SFM,"Sprouts Farmers Market, Inc.",65.14,141078955.33,True,70.4,3a,1.0,23.89,64.9,69.75,70.4,63.45,65.08,91.65,12.33,93.05,14.44,26.06
1874875,HOUR,"Hour Loop, Inc.",1.79,23689.0,False,70.37,1y,2.0,54.71,62.56,58.9,55.27,61.93,70.37,57.53,50.43,38.54,93.25,44.37
1288847,FIVN,"Five9, Inc.",36.4,64701627.41,True,70.34,6a,1.0,24.73,53.97,63.03,69.15,70.34,66.78,44.04,50.67,33.73,51.23,85.97
1843586,OTLY,Oatly Group AB,10.59,796916.5,False,70.34,1y,2.0,47.34,46.63,53.28,61.01,65.59,70.34,71.77,14.44,67.93,51.53,54.23
1540171,AVLN,Avalyn Pharma Inc.,25.76,6415771.12,True,70.34,1h,2.0,43.24,70.34,58.04,41.55,35.45,31.89,50.98,50.67,37.06,3.0,73.61
1964333,BHRB,Burke & Herbert Financial Services Corp.,68.88,8290750.26,True,70.31,1h,1.0,13.64,70.31,63.89,54.71,52.96,47.49,88.53,50.67,9.66,50.94,78.42
1567529,KMDA,Kamada Ltd.,8.08,819890.01,False,70.28,1h,1.0,19.14,70.28,67.67,62.67,62.14,61.75,45.35,50.67,74.38,20.15,78.22
1313310,GRVY,"GRAVITY Co., Ltd.",67.18,1615388.49,True,70.25,1h,1.0,20.06,70.25,70.01,68.86,68.53,67.31,50.98,50.67,51.59,50.94,73.67
2129056,JONE,Jones Ventures INTL Acquisition1 Corp,9.81,29471.5,False,70.25,1y,3.0,66.45,49.9,55.57,61.43,66.06,70.25,51.25,50.43,53.58,51.53,63.27
1585521,ZM,"Zoom Communications, Inc.",97.74,263738272.88,True,70.25,3a,1.0,9.3,61.19,68.41,70.25,66.63,67.55,78.75,4.43,91.08,50.19,64.25
936528,WAFD,"WaFd, Inc.",29.43,24682200.55,True,70.22,1h,1.0,8.38,70.22,58.19,52.96,52.15,41.87,98.1,96.55,2.59,68.71,84.67
1856031,SEAT,Vivid Seats Inc.,3.21,371088.0,False,70.22,1y,3.0,65.56,67.64,61.04,57.15,55.81,70.22,40.98,50.43,98.96,51.53,21.46
2086264,VHCP,Vine Hill Capital Investment Corp. II,10.07,0.0,False,70.19,1y,1.0,11.62,47.16,53.97,60.8,66.03,70.19,51.25,50.43,53.58,51.53,64.04
723603,CULP,"Culp, Inc.",3.67,94863.0,False,70.19,1h,2.0,46.78,70.19,67.04,63.57,66.86,63.42,30.67,50.67,92.6,32.45,63.36
1142417,NXST,"Nexstar Media Group, Inc.",161.45,56625249.3,True,70.13,1y,1.0,19.7,49.96,58.66,64.04,60.86,70.13,88.26,9.66,82.67,4.25,32.69
805928,AXGN,"Axogen, Inc.",36.13,47508767.68,True,70.1,1h,2.0,32.45,70.1,55.78,44.01,40.24,33.61,36.26,2.11,9.21,10.28,95.69
25895,CRWS,"Crown Crafts, Inc.",2.39,215569.5,False,70.07,1h,2.0,41.25,70.07,67.16,61.49,61.63,61.22,64.99,50.67,70.28,50.94,68.74
1014473,VRSN,"VeriSign, Inc.",303.74,201038512.91,True,70.07,1y,1.0,0.48,55.16,61.72,65.82,63.0,70.07,78.25,93.73,86.09,83.98,48.02
1157601,MDGL,"Madrigal Pharmaceuticals, Inc.",476.91,136490524.82,True,70.04,1h,2.0,30.22,70.04,51.23,33.22,23.39,19.29,38.04,13.05,78.37,4.87,86.51
1210708,STRR,"Star Equity Holdings, Inc.",10.32,23391.5,False,70.04,1y,2.0,44.7,27.52,38.1,54.0,65.2,70.04,25.11,50.43,96.79,75.19,83.09
875657,ULBI,Ultralife Corporation,6.26,190366.5,False,70.01,6a,3.0,59.49,68.8,69.36,67.58,70.01,67.85,74.5,50.67,81.43,18.34,45.56
2140030,TBCV,"Thunder Bridge Capital Partners V, Ltd.",9.8,90160.0,False,69.99,,3.0,61.72,56.32,57.0,62.32,65.79,69.99,51.04,50.79,27.79,50.19,54.15
1627281,CLLS,Cellectis S.A.,1.26,58342.0,False,69.96,,4.0,75.63,69.96,56.64,43.57,39.52,36.14,33.61,89.33,53.16,50.19,34.92
793733,SKYW,"SkyWest, Inc.",96.52,30631944.37,True,69.96,,1.0,13.49,56.85,64.78,66.54,68.2,69.96,66.57,0.03,36.03,3.6,56.76
1122904,NTGR,"NETGEAR, Inc.",23.6,6724048.34,True,69.93,,1.0,25.71,39.2,45.82,53.19,62.2,69.93,66.86,14.86,95.3,91.68,26.57
2011458,ZTG,Zenta Group Company Limited,0.69,471665.0,False,69.93,,4.0,83.18,69.93,58.69,49.39,51.47,59.91,64.49,50.79,53.16,50.19,14.8
1626450,CMRC,"Commerce.com, Inc.",3.48,2008768.93,False,69.9,,2.0,49.21,30.76,44.43,63.12,69.9,69.72,72.15,50.79,82.41,50.19,38.28
2080845,PAYP,PayPay Corporation,15.71,10790426.03,True,69.9,,2.0,41.87,36.91,47.73,59.88,66.33,69.9,51.04,98.13,36.03,95.3,51.47
1822479,SHC,Sotera Health Company,18.06,37969424.55,True,69.9,,1.0,4.78,69.9,66.54,56.11,49.39,41.78,71.5,7.73,63.68,3.0,64.87
1038683,RYAAY,Ryanair Holdings plc,54.24,76873122.7,True,69.87,,1.0,18.75,53.94,53.73,59.58,60.59,69.87,51.04,2.94,33.73,86.78,46.89
2080985,ITHA,ITHAX Acquisition Corp III,10.06,2004.0,False,69.81,,1.0,16.88,49.3,55.13,60.86,65.85,69.81,51.04,50.79,53.16,50.19,54.86
1001316,TGTX,"TG Therapeutics, Inc.",55.37,91854397.01,True,69.81,,1.0,24.75,69.75,69.81,63.6,58.25,45.85,59.47,97.3,65.77,12.01,83.8
63276,MAT,"Mattel, Inc.",16.58,57556238.3,True,69.81,,1.0,15.69,31.65,45.91,66.33,69.81,68.92,58.87,99.7,77.12,22.76,43.83
2094433,RMIX,"Suncrete, Inc.",11.1,4880075.03,True,69.81,,3.0,69.54,69.81,53.05,39.58,34.59,32.07,34.5,50.79,53.16,50.19,41.63
2093484,MUZE,Muzero Acquisition Corp,10.01,0.0,False,69.78,,1.0,11.17,45.47,52.33,57.95,61.72,69.78,51.04,50.79,53.16,18.96,55.93
2124472,OIG,Orion180 Insurance Group Inc.,8.84,5790309.97,True,69.78,,2.0,40.95,69.78,62.41,52.15,49.66,50.64,51.04,50.79,53.16,50.19,46.92
917520,IART,Integra LifeSciences Holdings Corporation,13.41,13254978.62,True,69.72,,2.0,34.26,38.1,50.7,66.95,69.72,67.01,41.78,50.79,85.02,12.27,74.15
1120914,PDFS,"PDF Solutions, Inc.",54.4,24982668.22,True,69.72,,2.0,32.1,69.72,60.39,44.78,37.36,31.98,41.16,8.97,10.91,50.19,90.01
1787306,ARQT,"Arcutis Biotherapeutics, Inc.",26.58,45382099.36,True,69.66,,1.0,29.78,54.06,63.95,69.3,69.66,57.95,72.12,50.79,69.6,4.1,68.23
2076739,SCII,SC II Acquisition Corp.,10.17,507.0,False,69.66,,1.0,14.65,49.15,54.98,60.74,65.71,69.66,51.04,50.79,53.16,50.19,54.83
1534248,CMMB,Chemomab Therapeutics Ltd. ,1.38,165451.0,False,69.63,,3.0,74.83,69.63,68.29,66.92,62.11,61.63,70.88,50.79,31.62,76.26,37.86
1628808,PROF,Profound Medical Corp.,6.9,623813.02,False,69.6,,2.0,43.74,32.15,45.68,62.47,69.6,65.88,59.61,50.79,85.59,50.19,62.38
1576789,WIX,Wix.com Ltd.,76.56,85882076.91,True,69.57,,2.0,34.92,42.88,56.02,62.94,69.57,65.17,67.61,85.38,99.47,50.19,20.53
1766140,UNCY,"Unicycive Therapeutics, Inc.",4.11,3829676.5,False,69.51,,3.0,56.17,63.57,61.31,61.63,67.7,69.51,41.69,5.29,24.31,79.44,75.01
2097364,TMTS,Spartacus Acquisition Corp. II,10.0,0.0,False,69.48,,1.0,17.47,51.32,56.26,61.07,65.5,69.48,51.04,50.79,53.16,50.19,54.65
1101239,EQIX,"Equinix, Inc.",1026.06,549030192.75,True,69.48,,1.0,3.95,69.48,66.36,54.18,45.26,42.44,68.8,9.36,30.52,79.38,71.03
887359,VCEL,Vericel Corporation,40.1,20894973.51,True,69.45,,1.0,18.48,69.39,69.45,66.3,64.13,61.1,72.84,50.79,70.25,70.88,68.44
2081515,GUAC,Berto Acquisition Corp. II,9.91,26367.5,False,69.45,,1.0,12.81,49.6,55.19,60.71,65.47,69.45,51.04,50.79,53.16,50.19,54.74
1527166,CG,The Carlyle Group Inc.,38.42,146247247.72,True,69.45,,2.0,36.23,69.45,59.91,50.28,43.98,42.56,74.38,85.91,89.81,50.19,27.28
2088805,IPXG,Inection Point Acquisition Corp. VII ,10.05,277088.51,False,69.36,,2.0,39.91,51.38,55.81,65.14,68.11,69.36,51.04,50.79,85.3,50.19,53.94
1761918,ERAS,"Erasca, Inc.",16.03,63094859.2,True,69.36,,3.0,55.42,54.71,66.0,69.36,68.77,48.08,42.08,5.97,77.62,79.23,97.5
1375365,SMCI,"Super Micro Computer, Inc.",41.85,1300730046.08,True,69.3,,2.0,50.73,69.3,48.86,31.53,26.0,28.8,73.19,0.92,22.7,87.99,25.85
929351,STRZ,Starz Entertainment Corp.,23.79,4916080.45,True,69.3,,2.0,38.4,49.66,59.08,61.37,69.3,60.24,25.29,50.79,23.66,50.19,97.33
2073928,MBVI,M3-Brigade Acquisition VI Corp.,10.24,9707.5,False,69.3,,1.0,13.52,52.07,55.39,59.38,64.01,69.3,58.8,50.79,53.16,50.19,53.49
2093507,GLND,Greenland Energy Company,2.61,1580732.96,False,69.27,,4.0,85.82,69.27,51.14,38.93,38.75,43.39,51.04,85.53,9.42,79.52,47.67
1089872,GAIA,"Gaia, Inc.",1.4,96025.0,False,69.27,,2.0,53.91,24.46,35.84,52.48,64.78,69.27,36.14,8.47,95.93,78.87,15.39
1274494,FSLR,"First Solar, Inc.",177.82,397349186.27,True,69.24,,1.0,29.96,64.16,67.7,67.01,62.08,69.24,95.72,0.15,30.31,81.66,38.72
1058290,CTSH,Cognizant Technology Solutions Corporation,59.2,368070427.95,True,69.18,,1.0,22.38,65.88,68.71,68.65,66.45,69.18,85.71,92.15,28.32,74.92,38.9
1902733,NCNO,"nCino, Inc.",19.73,44580945.69,True,69.15,,1.0,21.49,44.01,58.75,66.78,69.15,68.71,79.85,50.79,92.54,50.19,38.31
1132105,SPWH,"Sportsman's Warehouse Holdings, Inc.",1.1,324831.0,False,69.15,,2.0,43.77,44.58,51.71,57.38,66.92,69.15,73.08,50.79,77.53,50.19,23.63
1326732,XNCR,"Xencor, Inc.",24.63,28133065.1,True,69.12,,2.0,41.37,69.12,67.43,60.03,53.14,37.8,30.64,50.79,70.22,3.66,90.82
2014254,KBSX,FST Corp.,1.46,10649.7,False,69.09,,3.0,62.05,36.73,44.81,53.11,60.06,69.09,68.95,50.79,53.16,50.19,32.36
1593899,AVIR,"Atea Pharmaceuticals, Inc.",5.15,1258815.96,True,69.09,,2.0,40.12,55.9,62.79,68.11,69.09,62.64,25.47,50.79,93.02,74.0,92.27
1530238,JOYY,JOYY Inc.,81.05,21416433.91,True,69.06,,1.0,2.91,65.62,69.06,68.89,62.67,50.19,87.49,50.79,12.87,50.19,79.58
886163,LGND,Ligand Pharmaceuticals Incorporated,301.81,71415246.02,True,69.06,,1.0,9.87,69.06,59.52,50.07,40.65,31.5,45.17,96.79,16.58,13.85,83.15
1304492,ATEX,Anterix Inc.,84.53,27952503.29,True,69.03,,2.0,32.81,69.03,65.53,59.64,52.51,41.19,59.97,50.79,10.76,50.19,97.47
1938534,FBGL,FBS Global Limited,3.48,37402.15,False,69.0,,3.0,72.78,69.0,61.99,54.35,54.71,64.01,71.03,50.79,53.16,50.19,29.03
1660134,OKTA,"Okta, Inc.",232.13,472864399.48,True,69.0,,1.0,13.91,58.54,66.27,69.0,67.73,60.77,76.49,98.63,10.79,81.22,88.47
1745114,MOLN,Molecular Partners AG,3.81,2782.5,False,68.97,,2.0,41.72,68.97,67.34,64.28,63.15,63.06,51.04,50.79,53.16,50.19,67.1
1622229,COGT,"Cogent Biosciences, Inc.",31.0,61054497.5,True,68.95,,2.0,41.55,68.95,67.4,59.7,54.5,42.67,41.01,50.79,69.3,5.5,90.94
1944399,PDC,Perpetuals.com Ltd,3.25,74020.0,False,68.89,,4.0,79.47,68.89,59.47,48.11,47.88,51.89,32.21,50.79,73.61,50.19,73.61
1742770,VIOT,"Viomi Technology Co., Ltd",1.65,168744.4,False,68.89,,2.0,49.63,32.07,43.24,54.8,64.31,68.89,88.11,50.79,18.6,85.91,24.22
1850235,HEPS,D-Market Electronic Services & Trading,2.74,442004.99,False,68.86,,2.0,33.61,33.19,46.72,60.21,67.61,68.86,51.04,50.79,53.16,50.19,65.97
2123969,RREV,RRE Ventures Acquisition Corp.,9.92,0.0,False,68.83,,1.0,15.04,47.01,53.52,60.0,65.14,68.83,51.04,50.79,53.16,50.19,54.41
2093912,PTOR,Praetorian Acquisition Corp.,9.97,157177.5,False,68.77,,1.0,7.7,44.19,52.12,59.52,64.99,68.77,51.04,50.79,53.16,50.19,54.47
714256,SMTI,Sanara MedTech Inc.,35.07,7068460.98,True,68.74,,1.0,25.11,45.35,51.38,61.99,65.77,68.74,38.07,50.79,30.28,94.59,72.45
1789029,AEVA,"Aeva Technologies, Inc.",13.66,23070741.74,True,68.74,,3.0,67.49,68.74,52.54,38.81,37.06,34.59,43.83,50.79,71.98,21.28,47.07
1903784,VOGX,Vogenx Inc,17.56,3306295.95,True,68.71,,2.0,44.07,68.71,67.1,66.6,65.26,66.42,51.04,50.79,78.78,71.29,50.64
1756594,IVA,Inventiva S.A.,3.32,4305802.98,False,68.68,,2.0,52.69,68.68,60.51,49.69,47.85,48.97,51.04,50.79,53.16,50.19,43.27
1903145,GRRR,Gorilla Technology Group Inc.,11.94,10687617.64,True,68.62,,2.0,54.65,68.62,51.68,38.07,36.02,39.52,60.65,7.04,74.89,89.03,34.15
1774857,AARD,"Aardvark Therapeutics, Inc.",4.76,767674.0,False,68.62,,3.0,69.06,49.51,49.45,53.05,60.65,68.62,39.08,93.88,20.8,93.31,13.7
1668243,URGN,UroGen Pharma Ltd.,36.83,30946379.95,True,68.59,,3.0,74.92,68.59,39.67,22.11,16.88,12.15,14.71,50.79,77.0,6.54,92.99
1426800,ASMB,"Assembly Biosciences, Inc.",23.53,6327908.8,True,68.59,,2.0,54.89,55.19,65.41,67.43,66.3,68.59,80.86,1.31,40.27,8.89,69.78
1420529,AACG,ATA Creativity Global,0.69,3594.0,False,68.56,,3.0,61.93,68.56,61.13,55.36,56.17,64.34,37.33,50.79,33.79,50.19,39.79
1575965,GLPI,"Gaming and Leisure Properties, Inc.",38.26,111665518.27,True,68.56,,1.0,9.36,62.79,68.56,67.85,64.4,60.27,88.89,90.16,81.55,50.19,42.85
1633978,LITE,Lumentum Holdings Inc.,1103.35,3726719290.59,True,68.5,,1.0,19.91,68.5,66.75,55.48,50.19,46.54,43.89,93.16,36.52,19.23,95.22
2082542,BIXI,Bitcoin Infrastructure Acquisition Corp Ltd.,10.08,3033.0,False,68.5,,1.0,15.75,50.37,55.16,60.18,64.81,68.5,51.04,50.79,53.16,50.19,54.06
838875,WVVI,"Willamette Valley Vineyards, Inc.",2.11,13895.0,False,68.47,,3.0,63.15,19.05,34.41,53.94,66.24,68.47,44.1,86.69,71.83,17.83,36.46
2118032,RACC,Research Alliance Corporation III,10.18,411325.01,False,68.47,,3.0,73.64,68.47,64.19,58.48,58.22,61.19,51.04,50.79,53.16,50.19,50.07
1661181,ORGO,Organogenesis Holdings Inc. ,1.29,1152442.48,False,68.44,,3.0,55.39,58.01,57.89,60.33,62.29,68.44,76.52,50.79,98.01,67.79,15.84
1881472,MEGL,Magic Empire Global Limited,0.7,11608.0,False,68.41,,3.0,63.42,68.41,59.23,50.04,50.34,57.59,31.17,50.79,53.16,50.19,47.58
1706431,VIR,"Vir Biotechnology, Inc.",11.7,18210200.87,True,68.38,,2.0,32.72,59.02,63.57,68.38,64.9,55.72,34.98,50.79,33.94,9.0,91.71
1314727,SONO,"Sonos, Inc.",17.26,27433623.37,True,68.38,,1.0,10.1,68.38,65.05,57.65,57.18,52.36,72.81,86.63,88.38,27.64,39.85
1045986,FORTY,Formula Systems (1985) Ltd.,118.15,0.0,False,68.38,,2.0,40.77,37.03,46.51,56.05,62.62,68.38,66.09,50.79,53.16,50.19,50.7
2101135,ILLU,Illumination Acquisition Corp I,9.97,0.0,False,68.35,,1.0,16.94,49.33,54.62,59.97,64.73,68.35,51.04,50.79,53.16,50.19,54.0
1080657,SQFT,"Presidio Property Trust, Inc.",0.87,10507.5,False,68.32,,3.0,70.73,65.38,60.27,56.46,56.05,68.32,63.95,50.79,27.79,86.39,16.34
1877333,THCH,TH International Limited,1.0,5730.0,False,68.32,,3.0,58.93,68.32,58.34,49.81,53.7,62.2,51.04,50.79,53.16,75.9,27.79
1376339,MDXG,"MiMedx Group, Inc",4.62,4839648.92,False,68.32,,1.0,29.15,43.06,55.27,66.75,68.32,65.11,80.51,50.79,64.43,1.22,30.64
1811935,PTRN,Pattern Group Inc.,18.42,33604818.41,True,68.26,,2.0,30.91,56.58,63.83,66.86,68.26,63.68,67.76,50.79,70.55,32.57,83.48
1762417,DOYU,DouYu International Holdings Limited,3.97,97109.0,False,68.23,,2.0,45.23,68.23,57.86,47.96,44.73,47.82,64.81,50.79,53.16,50.19,31.71
2080087,MYX,Maywood Acquisition Corp. 2,10.03,0.0,False,68.23,,1.0,14.95,46.81,53.31,59.55,64.52,68.23,51.04,50.79,53.16,50.19,54.09
1048286,MAR,Marriott International,361.08,495100202.87,True,68.2,,1.0,1.49,68.2,65.71,56.14,48.29,45.41,75.04,97.33,20.95,68.14,70.04
1127537,LUNG,Pulmonx Corporation,1.84,579110.0,False,68.17,,3.0,63.6,38.51,49.18,60.77,68.17,60.39,31.62,50.79,69.63,0.8,77.09
1035092,SHBI,"Shore Bancshares, Inc.",22.27,4446115.5,True,68.17,,3.0,74.98,68.17,53.79,39.85,36.88,25.41,21.55,50.79,27.13,7.76,85.17
949157,CENX,Century Aluminum Company,36.76,70647845.14,True,68.17,,3.0,59.29,64.25,68.17,68.17,66.75,59.67,69.54,94.09,39.97,16.64,80.77
1829802,FTH,"Faeth Therapeutics, Inc. ",26.03,9308703.03,True,68.14,,4.0,84.78,68.14,41.55,23.15,18.25,16.82,14.09,50.79,23.54,50.19,96.64
1671933,TTD,"The Trade Desk, Inc.",12.08,267791912.6,True,68.11,,2.0,32.04,42.41,49.24,54.47,60.77,68.11,79.08,4.31,94.83,50.19,3.06
1596812,ENLV,Enlivex Ltd.,0.25,392221.5,False,68.08,,4.0,81.72,68.08,50.85,41.72,41.9,52.1,75.57,50.79,53.16,73.49,1.96
1736730,CAMP,CAMP4 Therapeutics Corporation,3.77,699689.0,False,68.05,,3.0,63.57,68.05,55.72,48.08,48.68,40.36,22.59,11.41,97.89,50.19,69.9
1725255,AHCO,AdaptHealth Corp. ,6.06,14421540.08,True,67.99,,2.0,43.3,31.71,44.67,61.66,67.99,60.42,61.87,50.79,96.88,24.37,31.32
2092967,FRTT,Fort Technology Inc.,0.76,82161.5,False,67.96,,4.0,81.1,67.96,62.26,53.52,51.53,55.04,51.04,50.79,53.16,85.97,47.25
1687451,ZKIN,"ZK International Group Co., Ltd",1.76,10228.0,False,67.93,,3.0,56.73,36.61,41.43,48.44,54.89,67.93,42.59,50.79,53.16,50.19,28.23
1896425,LBGJ,Li Bang International Corporation Inc.,1.87,566493.0,False,67.9,,4.0,78.25,65.08,60.03,53.97,55.9,67.9,71.17,50.79,98.63,70.46,1.63
1046568,PRDO,Perdoceo Education Corporation,33.71,20436790.42,True,67.88,,1.0,9.84,43.24,57.06,66.18,67.88,60.09,85.68,50.79,12.3,25.47,47.88
1824814,CGNT,Cognyte Software Ltd.,8.81,4361197.94,True,67.85,,2.0,33.73,55.45,62.64,65.85,67.85,64.81,73.46,50.79,66.15,68.71,51.89
1593538,NAVI,Navient Corporation,9.11,10182148.78,True,67.82,,1.0,19.73,61.4,66.18,67.82,65.35,61.96,82.2,15.22,20.74,0.48,42.73
1350653,ATEC,"Alphatec Holdings, Inc.",10.67,17282420.54,True,67.82,,2.0,38.75,40.68,55.07,62.82,67.82,60.03,69.33,9.27,91.65,6.06,36.67
1821769,NVTS,Navitas Semiconductor Corporation,10.78,152360512.56,True,67.79,,3.0,58.69,67.79,40.03,27.34,23.12,18.81,25.5,97.09,8.47,75.54,76.11
2102041,IPFX,Inflection Point Acquisition Corp. VI,10.03,379817.99,False,67.76,,2.0,42.94,50.25,54.89,59.67,64.07,67.76,51.04,50.79,53.16,50.19,53.7
1937737,MLEC,Moolec Science SA,4.19,38438.5,False,67.76,,3.0,73.67,67.76,51.2,40.21,37.8,43.36,58.72,50.79,53.16,91.71,24.28
9326,BCPC,Balchem Corporation,167.83,30152737.61,True,67.76,,1.0,2.76,65.77,67.76,65.77,58.34,59.23,76.08,50.79,29.36,50.19,62.47
903651,INOD,Innodata Inc.,61.2,65982233.51,True,67.73,,2.0,49.51,67.73,44.84,28.23,22.82,24.22,42.14,12.69,23.68,74.65,20.71
2025774,ALPS,ALPS Group Inc,0.37,20554.5,False,67.7,,4.0,77.53,67.7,58.28,46.69,42.97,46.15,38.45,50.79,53.16,21.69,46.95
1078271,EXTR,"Extreme Networks, Inc.",24.19,36942572.36,True,67.67,,2.0,41.31,52.87,64.04,67.28,67.67,61.28,77.86,88.97,81.04,50.19,64.49
2115404,CAII,Collective Acquisition Corp. II,10.0,8960.0,False,67.64,,1.0,11.2,49.06,54.18,59.49,63.95,67.64,51.04,50.79,53.16,50.19,53.67
2110119,AMAC,AMR Resources Acquisition Corp,9.8,79623.0,False,67.58,,3.0,62.59,46.15,50.43,59.02,63.66,67.58,51.04,50.79,27.79,50.19,53.37
1090425,LAMR,Lamar Advertising Company,146.47,77080457.66,True,67.55,,1.0,6.0,64.84,67.55,63.63,61.52,58.69,89.48,10.19,11.92,9.09,72.24
2092897,AACI,Armada Acquisition Corp. III,10.07,4500.0,False,67.52,,1.0,10.67,44.04,51.59,58.75,63.83,67.52,51.04,50.79,53.16,50.19,53.79
1718227,ROAD,"Construction Partners, Inc.",86.81,66026897.67,True,67.52,,3.0,61.87,67.52,49.99,40.15,33.37,30.67,63.86,91.95,21.13,98.37,31.41
105132,WDFC,WD-40 Company,202.29,23282202.51,True,67.49,,1.0,16.91,67.49,64.67,55.33,47.28,46.03,83.0,14.68,14.59,50.19,50.58
1378239,OMAB,Grupo Aeroportuario del Centro Norte S.A.B. de C.V.,90.28,8808861.59,True,67.46,,1.0,24.84,67.46,61.66,53.43,52.9,56.97,57.21,6.6,53.16,50.19,53.11
1422143,KURA,"Kura Oncology, Inc.",10.6,18382368.16,True,67.46,,2.0,44.13,63.89,67.46,58.4,52.36,47.28,37.44,0.83,20.21,0.21,66.66
883984,ICUI,"ICU Medical, Inc.",157.18,43032809.71,True,67.43,,1.0,17.74,67.43,61.81,50.61,44.49,39.61,70.82,14.41,13.16,50.19,75.51
1494891,SRTS,"Sensus Healthcare, Inc.",2.95,58256.0,False,67.43,,3.0,60.06,50.1,57.8,65.91,67.43,61.49,26.24,50.79,83.39,19.44,60.51
12239,DOMH,Dominari Holdings Inc.,2.17,297022.49,False,67.43,,3.0,66.03,51.86,54.09,55.9,55.63,67.43,42.35,2.56,31.38,15.84,24.34
1526475,NICM,Nicola Mining Inc.,5.62,13741.5,False,67.4,,2.0,39.14,36.2,45.53,54.98,63.27,67.4,51.04,50.79,53.16,92.36,50.91
1781755,BWIN,"The Baldwin Insurance Group, Inc.",31.87,35993705.51,True,67.4,,1.0,27.73,53.34,58.54,60.65,67.4,63.89,78.25,50.79,8.23,50.19,61.81
1382101,STRO,"Sutro Biopharma, Inc.",14.27,4259863.53,True,67.37,,3.0,58.78,67.37,57.83,47.01,41.81,36.55,20.74,50.79,73.34,86.51,96.2
1462418,ASPS,Altisource Portfolio Solutions S.A.,5.99,74110.0,False,67.34,,2.0,48.53,67.34,62.32,54.29,51.65,61.34,57.89,5.91,98.4,50.19,22.7
2091176,IACO,Idea Acquisition Corp.,9.99,18419.0,False,67.28,,1.0,12.39,49.0,53.91,59.14,63.54,67.28,51.04,50.79,53.16,50.19,53.55
1598599,IPHA,Innate Pharma S.A.,1.48,39656.5,False,67.25,,3.0,66.51,67.25,60.74,51.65,49.81,51.14,51.04,50.79,53.16,50.19,46.78
1847846,EUDA,Euda Health Holdings Limited,18.48,146945.0,False,67.25,,3.0,70.79,16.32,25.91,37.92,51.68,67.25,60.48,50.79,53.16,83.06,17.62
1098972,AGEN,Agenus Inc.,7.67,9115931.79,True,67.22,,4.0,81.66,67.22,44.25,27.58,21.25,17.98,16.34,6.15,63.74,88.59,91.44
1737287,ALLO,"Allogene Therapeutics, Inc.",1.46,9691107.75,False,67.13,,3.0,58.22,67.13,61.87,53.64,46.6,51.59,33.76,50.79,28.97,18.34,82.7
2052053,PWRL,Powerlaw Corp.,11.85,1552192.45,True,67.1,,3.0,63.92,42.56,58.01,65.32,67.1,66.86,51.04,50.79,92.02,10.34,51.11
1914805,BANL,CBL International Limited,4.22,205728.45,False,67.1,,3.0,65.79,67.1,59.44,50.82,49.75,54.8,60.59,50.79,53.16,50.19,32.18
2095161,DBCA,D. Boral Acquisition I Corp.,10.03,224481.0,False,67.1,,2.0,36.58,45.88,52.51,56.29,62.05,67.1,51.04,50.79,24.04,50.19,51.38
1653558,PRTH,"Priority Technology Holdings, Inc.",7.81,2476463.0,True,67.07,,2.0,39.85,50.52,52.87,55.42,67.07,65.85,91.56,93.79,5.62,81.58,38.34
2026353,ATHR,"Aether Holdings, Inc.",2.98,27689.5,False,67.07,,4.0,80.83,67.07,57.18,49.45,49.03,55.51,69.39,50.79,17.56,95.13,30.79
1590364,FTAI,FTAI Aviation Ltd.,169.96,265770190.08,True,67.07,,2.0,40.06,64.34,67.07,62.2,58.84,47.79,70.07,50.79,86.57,18.37,61.16
1024672,ELTK,Eltek Ltd.,7.68,18922.0,False,67.07,,2.0,31.14,57.36,51.95,51.47,57.65,67.07,62.38,50.79,74.65,83.27,39.05
1645113,NVCR,NovoCure Limited,14.58,18039460.33,True,67.01,,2.0,46.27,67.01,61.28,52.18,46.18,40.12,40.12,50.79,75.25,5.32,63.45
1612940,PRQR,ProQR Therapeutics N.V.,1.63,1125234.98,False,66.98,,3.0,61.99,60.92,64.64,65.47,65.82,66.98,51.04,50.79,96.26,50.19,38.07
1393726,TIPT,Tiptree Inc.,17.25,3649069.49,True,66.98,,1.0,5.47,60.39,62.94,66.98,66.27,65.41,63.27,50.79,39.91,68.92,55.39
2114229,XIII,Churchill Capital Corp XIII,10.34,44281.5,False,66.95,,3.0,65.2,46.24,53.7,60.98,64.58,66.95,51.04,50.79,89.47,50.19,49.9
1723069,TLSA,Tiziana Life Sciences Ltd,1.19,505375.01,False,66.89,,3.0,57.53,29.36,43.63,53.79,60.24,66.89,45.79,1.34,95.96,12.66,23.0
85535,RGLD,"Royal Gold, Inc.",236.23,155075967.71,True,66.81,,1.0,24.96,66.81,62.29,59.41,55.04,59.47,64.34,89.99,28.08,94.38,71.29
1286681,DPZ,Domino's Pizza Inc,309.36,247547437.41,True,66.81,,1.0,11.59,48.44,58.4,61.28,59.2,66.81,82.88,50.79,38.63,50.19,31.23
1979005,AFJK,"Aimei Health Technology Co., Ltd",12.11,86618.0,False,66.72,,5.0,97.12,56.23,59.32,65.62,66.72,66.36,20.98,50.79,99.38,80.15,75.22
1948294,NWGL,CL Workshop Group Limited,1.17,184598.1,False,66.72,,3.0,70.61,66.72,51.62,40.06,36.49,35.87,41.31,50.79,73.37,50.19,37.56
2128462,TLAC,Three Lions Acquisition Corp.,9.87,56088.0,False,66.72,,3.0,64.19,46.66,53.82,61.04,64.43,66.72,51.04,50.79,89.47,50.19,49.87
69891,FIZZ,National Beverage Corp.,30.52,12164675.2,True,66.66,,1.0,4.04,41.13,50.07,60.83,63.74,66.66,62.91,87.22,67.93,92.6,50.85
2084396,IEAG,Infinite Eagle Acquisition Corp.,10.16,510.5,False,66.6,,1.0,18.13,49.87,54.12,58.81,62.73,66.6,51.04,50.79,53.16,50.19,53.08
1029199,EEFT,"Euronet Worldwide, Inc.",64.6,42827784.31,True,66.57,,1.0,19.64,33.7,39.85,48.71,56.2,66.57,32.54,3.3,88.89,98.34,46.3
1832466,ALHC,"Alignment Healthcare, Inc.",7.55,73056501.12,True,66.57,,2.0,46.86,66.57,53.08,42.11,34.21,30.58,67.37,50.79,84.34,4.19,27.73
2082119,KRAQ,KRAKacquisition Corp,10.03,27041.0,False,66.54,,1.0,10.76,42.29,49.57,55.6,59.61,66.54,51.04,50.79,53.16,19.08,54.5
1799788,GLSI,"Greenwich LifeSciences, Inc.",15.14,1773292.52,True,66.54,,5.0,91.14,66.54,44.58,29.87,23.57,17.86,11.17,50.79,95.33,25.35,83.74
1849296,OKYO,OKYO Pharma Limited,1.42,101053.0,False,66.51,,2.0,53.82,66.51,61.96,51.56,51.35,52.39,58.69,50.79,97.71,50.19,33.08
948320,LFMD,"LifeMD, Inc.",2.63,2338507.56,False,66.48,,4.0,77.65,65.56,64.61,66.48,63.89,62.29,82.91,7.55,85.79,6.86,22.26
1396536,DUOT,"Duos Technologies Group, Inc.",7.2,6331962.68,True,66.48,,4.0,77.47,66.48,42.88,21.07,18.78,21.87,36.17,50.79,4.96,30.07,50.49
2044255,ANTA,Antalpha Platform Holding Company,2.37,11485.5,False,66.45,,3.0,70.34,30.91,41.31,50.76,58.72,66.45,76.26,50.79,53.16,12.35,18.96
1712178,NAAS,NaaS Technology Inc.,3.05,57636.4,False,66.42,,2.0,48.44,66.42,57.15,47.93,45.17,45.11,43.98,50.79,53.16,50.19,40.09
1786286,DPRO,Draganfly Inc.,4.4,3917777.79,False,66.39,,3.0,65.91,66.39,48.56,38.31,37.09,42.38,51.04,50.79,53.16,99.38,17.44
1877184,KMTS,"Kestra Medical Technologies, Ltd.",26.98,7332714.47,True,66.36,,2.0,45.77,66.36,61.9,53.76,53.46,46.09,72.78,86.36,68.95,20.56,54.44
2129659,FDMM,Freedom Metals Acquisition Corp.,9.83,986.0,False,66.33,,3.0,70.01,43.57,50.91,57.8,62.47,66.33,51.04,50.79,53.16,50.19,53.19
1959224,AXG,Solowin Holdings,0.08,415523.99,False,66.3,,4.0,80.65,66.3,48.44,38.25,37.44,42.08,30.82,50.79,53.16,81.43,35.69
1771007,AFYA,Afya Limited,14.75,1998058.5,True,66.3,,1.0,19.2,30.37,44.4,58.22,64.16,66.3,51.04,50.79,37.68,23.09,61.72
1755058,AUC,ATIF Holdings Limited,9.19,18895.5,False,66.18,,2.0,44.4,20.15,31.38,42.5,54.12,66.18,29.12,50.79,53.16,50.19,53.28
1104506,INSM,Insmed Incorporated,100.48,245011806.85,True,66.15,,2.0,53.46,66.15,43.36,26.84,18.9,16.4,37.59,6.12,73.22,6.03,27.37
2086263,SORN,Soren Acquisition Corp.,10.02,0.0,False,66.15,,2.0,43.83,49.93,53.85,58.57,62.35,66.15,51.04,50.79,53.16,50.19,52.96
1633917,PYPL,"PayPal Holdings, Inc.",55.53,604667722.02,True,66.12,,1.0,13.97,55.51,63.48,66.12,61.84,61.78,83.03,5.56,95.78,27.61,29.93
1674632,BBNX,"Beta Bionics, Inc.",17.63,19654005.76,True,66.12,,3.0,60.24,66.12,53.11,50.19,47.04,37.03,64.4,1.16,83.36,74.03,33.64
1986817,GTEN,"Gores Holdings X, Inc.",10.42,3700.5,False,66.09,,1.0,13.34,64.55,66.09,66.0,64.37,62.59,71.74,50.79,53.16,50.19,56.67
1711012,VAI,Valor Energy Incorporated,2.74,67246.0,False,66.06,,4.0,89.54,18.16,29.21,44.22,55.42,66.06,24.58,50.79,53.16,50.19,66.51
1124105,GYRE,"Gyre Therapeutics, Inc.",6.76,402926.01,False,66.06,,2.0,35.27,66.06,54.95,45.08,38.45,37.0,69.27,50.79,66.09,11.53,37.36
1802369,ADRX,"ADARx Pharmaceuticals, Inc.",17.78,17409794.3,True,66.03,,2.0,35.1,66.03,65.85,61.69,57.83,55.93,51.04,3.06,90.01,19.64,48.08
1041024,RMTI,"Rockwell Medical, Inc.",7.89,136749.5,False,66.0,,3.0,66.39,66.0,59.38,56.55,61.99,65.94,42.73,50.79,67.07,14.98,38.57
1821468,YQ,17 Education & Technology Group Inc.,3.39,16236.0,False,65.97,,3.0,62.85,65.97,54.92,42.32,39.55,34.5,34.38,50.79,84.81,50.19,41.25
1591698,PCTY,Paylocity Holding Corporation,153.96,87214342.36,True,65.97,,1.0,2.5,54.98,64.31,65.68,65.05,65.97,85.23,93.85,29.3,71.17,42.38
2102907,RML,Resolution Minerals Ltd,5.31,182970.0,False,65.94,,3.0,57.36,65.94,61.49,55.99,57.12,61.52,51.04,84.78,53.16,97.33,47.79
1800667,FROG,JFrog Ltd.,102.23,167958952.28,True,65.91,,1.0,24.58,59.55,65.91,65.2,61.37,55.33,66.45,50.79,41.78,15.42,89.6
1022408,PLUS,ePlus inc.,93.3,17983667.44,True,65.82,,1.0,12.51,65.82,62.91,57.92,50.28,45.08,59.7,85.74,20.53,28.68,75.19
2113605,CHWM,Chilwa Minerals Limited,5.2,165248.99,False,65.79,,3.0,57.89,65.79,59.7,52.12,50.61,51.92,51.04,50.79,53.16,50.19,47.46
2086545,ARTC,Art Technology Acquisition Corp.,9.99,5486.0,False,65.77,,1.0,15.22,50.61,54.32,58.37,61.9,65.77,51.04,50.79,53.16,50.19,52.72
2046656,HCHL,Happy City Holdings Limited,3.96,0.0,False,65.74,,3.0,66.0,41.52,48.11,55.63,60.45,65.74,28.77,50.79,53.16,50.19,75.75
1573221,REAL,"The RealReal, Inc.",9.75,26937877.31,True,65.74,,2.0,39.11,33.82,44.49,55.72,65.74,60.74,62.29,14.21,73.11,25.91,60.74
1111928,IPGP,IPG Photonics Corporation,77.74,34452776.26,True,65.74,,2.0,32.51,65.74,49.81,36.26,36.34,27.61,81.19,4.25,8.32,8.95,42.94
1434728,GWRS,"Global Water Resources, Inc.",8.16,635819.51,False,65.71,,1.0,20.86,44.43,49.21,51.17,59.58,65.71,71.23,50.79,25.65,80.77,45.32
2080215,USDE,StablecoinX Inc.,12.3,15731468.87,True,65.68,,3.0,62.2,65.68,45.94,30.94,29.36,25.94,51.04,50.79,5.87,50.19,40.74
320121,TLS,Telos Corporation,4.63,2268546.07,False,65.68,,2.0,41.04,22.67,34.38,44.58,52.45,65.68,60.62,3.8,86.84,72.81,28.17
1926792,SFHG,Samfine Creation Holdings Group Limited,2.13,17754.5,False,65.65,,3.0,55.69,31.08,40.71,50.49,58.4,65.65,56.32,50.79,53.16,50.19,38.93
2029138,SAGT,SAGTEC GLOBAL LIMITED,0.51,98115.02,False,65.65,,3.0,73.02,65.65,47.16,34.95,35.57,42.82,58.66,50.79,31.66,98.13,8.41
933036,UPBD,"Upbound Group, Inc.",15.4,16335544.74,True,65.62,,1.0,22.2,55.75,57.44,63.0,65.62,63.83,40.36,50.79,92.51,16.7,51.41
1866030,AZ,A2Z Cust2Mate Solutions Corp.,5.77,1820846.03,True,65.53,,2.0,42.53,65.53,52.81,42.02,39.64,40.27,37.65,50.79,53.16,50.19,39.47
1892292,MSS,Maison Solutions Inc.,1.61,369501.0,False,65.53,,5.0,94.18,18.37,28.47,46.84,58.54,65.53,43.39,14.44,95.99,83.95,6.51
2113481,OSPR,Osprey Acquisition Corp. III,9.81,140855.01,False,65.5,,3.0,58.51,48.86,53.4,58.04,61.49,65.5,51.04,50.79,53.16,50.19,52.54
2146310,IPHX,Inflection Point Acquisition Corp. VIII,9.9,91080.0,False,65.44,,3.0,61.69,55.66,54.74,58.93,61.28,65.44,51.04,50.79,27.79,50.19,51.95
1351636,SSTI,"SoundThinking, Inc.",8.36,585786.0,False,65.41,,2.0,42.85,28.86,38.63,51.08,65.41,63.39,68.14,94.98,8.97,77.36,25.47
883569,FOSL,"Fossil Group, Inc.",7.15,4126318.06,True,65.38,,2.0,37.09,42.7,55.1,61.55,65.38,59.26,56.88,15.9,12.9,50.19,97.3
2128739,ATLQ,JAB Acquisition Corp I,9.98,82170.0,False,65.35,,3.0,62.5,43.83,50.79,57.44,61.43,65.35,51.04,50.79,53.16,50.19,52.78
318154,AMGN,Amgen Inc.,414.87,1029212797.03,True,65.32,,1.0,4.64,61.72,65.32,63.89,52.42,48.35,75.07,12.01,28.74,4.16,72.27
1623526,STOK,"Stoke Therapeutics, Inc.",24.74,20552972.58,True,65.32,,2.0,42.91,65.32,60.48,49.36,43.06,42.64,46.03,50.79,21.52,20.77,43.89
1953575,CNL,Collective Mining Ltd.,12.06,1564684.99,True,65.32,,2.0,40.62,62.02,62.73,62.35,63.36,65.32,58.6,50.79,53.16,50.19,64.96
1860160,FLY,Firefly Aerospace Inc.,20.0,64386889.41,True,65.29,,3.0,62.76,65.29,40.24,22.64,17.68,18.25,37.47,50.79,23.57,50.19,26.18
1560327,RPD,"Rapid7, Inc.",13.74,22119111.12,True,65.26,,2.0,40.74,31.0,44.73,56.52,58.28,65.26,82.38,50.79,30.07,50.19,24.04
1549084,CHRN,ChronoScale Holdings Corporation,18.59,2815659.08,True,65.26,,4.0,77.36,65.26,49.69,37.95,38.22,34.98,31.47,50.79,8.44,30.91,95.57
935703,DLTR,"Dollar Tree, Inc.",118.64,286318807.13,True,65.23,,1.0,14.18,56.29,62.62,64.22,63.63,65.23,37.68,11.38,92.75,31.59,74.35
1803914,PLBY,"Playboy, Inc.",0.98,612482.98,False,65.2,,3.0,65.02,65.2,63.77,59.82,57.92,57.33,35.96,97.5,66.95,8.26,40.3
91388,SFD,"Smithfield Foods, Inc.",18.61,34535520.06,True,65.14,,1.0,22.59,65.14,60.45,57.74,51.29,45.62,75.27,50.79,86.69,72.36,44.75
1065088,EBAY,eBay Inc.,112.19,416568497.97,True,65.11,,1.0,1.78,57.53,63.42,65.11,60.36,61.81,74.35,9.03,89.09,50.19,66.54
1831828,VERA,"Vera Therapeutics, Inc.",29.88,57205886.51,True,65.11,,2.0,51.26,65.11,57.65,56.73,48.05,43.27,56.46,50.79,78.54,4.22,64.07
2128045,BCCQ,Bleichroeder Acquisition Corp. III,9.95,341284.99,False,65.05,,2.0,54.23,43.48,50.52,57.18,61.22,65.05,51.04,50.79,53.16,50.19,52.66
1884082,PSNY,Polestar Automotive Holding UK Limited,5.26,1782539.86,True,65.05,,3.0,60.71,65.05,47.37,36.94,34.44,36.76,69.06,86.51,38.6,50.19,8.47
1825570,PAX,Patria Investments Limited,11.67,11528034.46,True,65.02,,1.0,24.67,27.19,38.99,52.24,59.32,65.02,56.94,50.79,33.25,50.19,43.63
2145659,JTTT,JATT III Acquisition Corp,10.61,119947.5,False,64.99,,3.0,59.82,54.59,58.22,61.1,62.82,64.99,51.04,50.79,89.47,50.19,49.18
1176309,ORMP,Oramed Pharmaceuticals Inc.,4.33,698362.48,False,64.96,,4.0,86.72,64.96,46.24,34.41,29.27,23.8,15.27,50.79,79.2,28.2,97.0
2093524,APUR,Aperture AC,10.04,3983.0,False,64.96,,1.0,13.46,38.01,42.97,50.46,61.31,64.96,51.04,50.79,7.56,50.19,58.81
1013857,PEGA,Pegasystems Inc.,35.65,67796904.96,True,64.93,,1.0,26.81,42.79,51.44,60.92,60.68,64.93,81.25,1.58,93.88,77.44,25.71
1814114,OBIO,"Orchestra BioMed Holdings, Inc.",5.95,1217241.99,True,64.93,,2.0,44.73,57.41,57.3,64.73,64.93,49.18,33.31,50.79,63.48,4.87,95.84
1743725,GDYN,"Grid Dynamics Holdings, Inc.",8.01,8147998.02,True,64.87,,1.0,23.8,57.15,55.6,57.41,64.87,56.17,65.05,50.79,15.27,87.9,60.89
1584547,GP,GreenPower Motor Company Inc.,0.38,223842.0,False,64.87,,4.0,78.31,64.87,46.39,36.7,34.89,39.91,71.47,50.79,53.16,91.53,5.29
926282,ADTN,"ADTRAN Holdings, Inc.",7.46,13216675.94,True,64.84,,2.0,40.48,40.15,60.36,64.84,64.75,60.89,71.71,16.4,88.44,8.86,44.19
1787803,WNW,Meiwu Technology Company Limited,2.14,112086.0,False,64.78,,3.0,64.46,51.0,48.38,45.02,49.48,64.78,58.48,50.79,53.16,90.16,4.73
1807794,CRDO,Credo Technology Group Holding Ltd,216.55,1273826342.29,True,64.75,,2.0,39.41,64.75,50.37,38.99,33.02,31.83,41.22,14.74,41.34,94.65,60.65
1325964,LWLG,"Lightwave Logic, Inc.",4.97,16588043.71,False,64.73,,3.0,65.77,64.73,39.35,26.51,21.93,20.56,22.08,13.94,79.32,84.25,48.41
1827090,CERT,"Certara, Inc.",9.13,21559936.11,True,64.7,,1.0,29.72,64.7,63.36,62.14,60.12,56.64,80.53,50.79,82.02,18.6,23.8
1998056,PC,Premium Catering (Holdings) Limited,9.4,0.0,False,64.67,,2.0,31.0,56.64,60.21,62.38,62.91,64.67,68.17,50.79,53.16,50.19,55.3
1782170,RELY,"Remitly Global, Inc.",24.13,75010878.97,True,64.67,,1.0,21.9,49.69,60.98,64.25,64.67,54.74,68.62,50.79,16.49,78.34,81.55
1875547,LCFY,Locafy Limited,1.74,15799.25,False,64.67,,3.0,70.43,64.67,46.03,34.98,31.77,33.28,51.04,50.79,53.16,50.19,16.05
2013320,ELOG,Eastern International Ltd.,0.81,5501.25,False,64.64,,4.0,80.59,15.16,27.07,41.28,52.33,64.64,30.7,50.79,95.87,50.19,20.48
1812477,KEEL,Keel Infrastructure Corp.,3.05,117096480.12,False,64.61,,3.0,71.08,64.61,39.79,24.75,17.86,19.05,26.27,50.79,92.72,80.62,33.91
2058601,BRBI,BRBI BR Partners S.A.,15.34,0.0,False,64.61,,2.0,39.49,27.31,40.65,53.85,61.6,64.61,51.04,50.79,53.16,50.19,57.77
2053641,ETS,Elite Express Holding Inc.,1.49,61236.0,False,64.58,,5.0,96.85,64.58,45.77,34.38,31.92,26.6,12.18,50.79,24.04,50.19,98.87
916789,HELE,Helen of Troy Limited,26.51,10581007.64,True,64.58,,1.0,29.84,63.12,64.58,58.42,54.03,51.65,62.79,87.99,14.35,50.19,77.18
723531,PAYX,"Paychex, Inc.",103.98,317235636.21,True,64.58,,1.0,7.9,52.57,60.86,64.58,54.62,50.01,87.61,95.72,23.3,32.48,41.99
1412095,TROO,"TROOPS, Inc. ",1.74,484709.7,False,64.55,,3.0,62.44,47.85,54.59,60.62,64.49,64.55,23.95,50.79,35.63,67.76,90.97
1030471,UTSI,UTStarcom Holdings Corp,2.26,9190.5,False,64.52,,2.0,51.5,26.42,35.48,46.92,53.37,64.52,26.81,11.26,32.93,69.75,62.88
779544,ARKR,Ark Restaurants Corp.,4.47,9548.5,False,64.46,,2.0,37.68,28.65,34.35,40.92,50.13,64.46,30.76,50.79,66.86,89.3,39.29
1759655,PRVA,"Privia Health Group, Inc.",20.85,25001407.96,True,64.46,,1.0,21.6,47.93,56.29,62.11,64.46,62.76,81.81,86.75,38.87,31.38,37.18
1041803,PSMT,"PriceSmart, Inc.",168.88,39788338.14,True,64.46,,1.0,9.54,64.46,52.07,41.43,35.66,30.1,41.84,86.39,11.74,16.76,78.6
1643303,NNDM,Nano Dimension Ltd.,1.55,2367817.47,False,64.43,,3.0,72.81,64.43,54.65,43.33,38.34,37.33,56.52,9.51,32.36,8.65,45.79
2079253,APXT,Apex Treasury Corporation,10.15,738759.99,False,64.43,,1.0,1.6,44.31,50.73,56.82,60.83,64.43,51.04,50.79,53.16,50.19,52.3
1495231,IZEA,"IZEA Worldwide, Inc.",2.35,114918.5,False,64.4,,2.0,44.1,53.28,52.48,55.66,62.17,64.4,57.15,50.79,75.51,50.19,31.74
1791725,HUDI,"Huadi International Group Co., Ltd.",0.67,15096.0,False,64.37,,3.0,67.46,35.07,36.64,42.26,49.57,64.37,32.81,50.79,53.16,98.07,34.5
1998768,PAL,"Proficient Auto Logistics, Inc.",3.58,2156019.01,False,64.34,,3.0,66.92,38.9,46.89,58.45,64.34,59.52,28.53,50.79,99.73,50.19,46.15
2102771,KEYY,Keystone Acquisition Corp.,9.93,17766.0,False,64.31,,1.0,12.9,48.2,51.65,54.56,58.01,64.31,51.04,50.79,53.16,21.1,52.87
104169,WMT,Walmart Inc.,111.35,2403084799.2,True,64.28,,1.0,4.75,34.62,45.38,54.95,61.96,64.28,33.82,3.24,36.37,73.91,68.26
1641489,VTVT,vTv Therapeutics Inc.,31.18,1895404.98,True,64.28,,2.0,42.44,42.62,51.74,59.29,64.28,63.95,34.53,50.79,74.71,50.19,89.57
1290877,CUVL,Clinuvel Pharmaceuticals Limited,5.59,34632.5,False,64.22,,2.0,47.04,64.22,52.45,44.31,42.08,43.45,51.04,50.79,53.16,50.19,33.97
2098712,GIX,GigCapital9 Corp.,10.0,5001.0,False,64.22,,1.0,14.47,48.56,52.9,57.36,60.53,64.22,51.04,50.79,53.16,50.19,52.1
1866692,AMPL,"Amplitude, Inc.",15.67,20764604.49,True,64.22,,1.0,22.35,36.43,49.0,60.53,64.22,52.24,39.91,50.79,26.39,8.47,74.47
899460,MNKD,MannKind Corporation,3.42,14425711.05,False,64.19,,2.0,43.42,64.19,44.55,32.45,27.31,22.02,37.77,9.66,68.77,8.62,31.05
2076975,BRAI,Braiin Limited,4.61,170878.0,False,64.19,,4.0,79.02,53.08,52.18,53.55,58.37,64.19,51.04,50.79,53.16,92.54,49.15
1546383,JXG,JX Luxventure Group Inc.,7.15,53960.0,False,64.13,,3.0,68.89,64.13,48.65,40.0,41.87,49.75,42.05,50.79,53.16,94.18,28.74
2023796,FCHL,Fitness Champs Holdings Limited,0.87,25401.5,False,64.13,,3.0,68.32,39.29,41.1,42.64,47.76,64.13,58.37,50.79,53.16,50.19,4.87
1753368,SANG,Sangoma Technologies Corporation,4.85,24088.5,False,64.07,,2.0,48.95,43.0,44.07,47.55,56.34,64.07,55.96,50.79,53.16,99.52,36.05
1535527,CRWD,"CrowdStrike Holdings, Inc.",275.04,1818184910.68,True,64.04,,1.0,21.52,64.04,62.88,53.02,45.41,40.09,60.45,86.45,37.18,26.21,83.6
2058349,EFTY,"Etoiles Capital Group Co., Ltd.",15.02,0.0,False,64.01,,1.0,18.99,59.08,62.47,64.01,63.86,61.58,66.15,50.79,53.16,50.19,56.73
1447028,ABUS,Arbutus Biopharma Corporation,4.22,13745570.9,False,64.01,,2.0,44.9,64.01,48.68,40.86,36.7,28.17,27.43,88.8,72.27,12.96,71.26
1549802,JD,"JD.com, Inc.",27.09,183668546.14,True,63.98,,1.0,9.03,51.5,59.64,63.98,62.94,61.6,90.1,16.11,88.29,50.19,35.72
1729214,XRTX,XORTX Therapeutics Inc.,1.41,32493.1,False,63.98,,3.0,72.54,63.98,47.34,37.09,33.61,33.94,44.19,50.79,53.16,50.19,20.92
1504379,CSTE,Caesarstone Ltd.,2.85,162428.0,False,63.98,,3.0,58.54,51.2,51.8,58.25,63.18,63.98,21.25,13.61,63.83,69.09,98.6
1702924,WRAP,"Wrap Technologies, Inc.",1.42,888659.98,False,63.92,,3.0,72.69,63.92,60.42,50.52,59.26,59.61,66.06,50.79,11.29,50.19,33.37
1744781,NIU,Niu Technologies,1.97,361575.99,False,63.86,,2.0,45.88,27.76,38.25,49.09,57.86,63.86,75.81,89.0,63.98,50.19,19.85
1388658,IRTC,"iRhythm Holdings, Inc. ",102.6,57390889.87,True,63.83,,2.0,43.0,63.83,44.31,34.83,28.05,27.46,56.49,50.79,82.35,50.19,19.91
1871509,PTLO,Portillo's Inc.,4.02,5263043.84,False,63.77,,2.0,44.99,23.09,35.33,49.66,63.77,63.57,35.9,92.39,84.28,50.19,33.79
744218,CLDX,"Celldex Therapeutics, Inc.",29.89,33922585.15,True,63.77,,2.0,48.11,63.77,45.14,34.62,25.29,19.82,25.2,98.37,25.94,4.78,75.81
2088281,MFP,"Midera Food Processing, Inc.",40.38,29461791.23,True,63.74,,3.0,67.04,63.74,60.95,56.97,55.72,57.83,38.84,50.79,89.47,50.19,47.93
1874315,SATL,Satellogic Inc.,5.15,22974556.07,True,63.71,,4.0,83.33,63.71,35.01,18.13,14.44,13.73,14.77,50.79,24.34,91.08,78.96
1228627,IRD,"Opus Genetics, Inc.",4.46,3836476.43,False,63.68,,3.0,58.16,63.68,51.77,50.16,45.77,42.14,22.35,50.79,81.81,5.56,97.89
2081358,CRAN,Crane Harbor Acquisition Corp. II,10.1,0.0,False,63.63,,1.0,17.09,46.09,51.17,56.26,59.88,63.63,51.04,50.79,53.16,50.19,51.8
1211583,FENC,Fennec Pharmaceuticals Inc.,10.71,1705066.5,True,63.57,,2.0,49.45,46.54,55.54,61.6,63.57,55.57,63.71,12.27,36.14,28.44,78.87
898173,ORLY,"O'Reilly Automotive, Inc.",86.45,476232953.86,True,63.54,,1.0,2.7,57.74,60.83,63.54,55.84,54.92,89.09,11.29,89.84,50.19,33.16
2124403,VCRE,Vicore Pharma Holding AB,9.0,106092.0,False,63.54,,2.0,43.89,63.54,58.51,52.1,51.17,52.42,51.04,50.79,53.16,50.19,47.76
2024876,EDHL,Everbright Digital Holding Limited,5.21,104769.0,False,63.54,,3.0,72.24,32.57,37.5,45.62,51.8,63.54,38.16,50.79,53.16,50.19,35.48
1384101,VCYT,"Veracyte, Inc.",45.23,54822900.02,True,63.48,,2.0,31.65,63.48,61.22,45.88,40.83,33.7,91.0,50.79,7.4,4.75,63.6
1067294,CBRL,"Cracker Barrel Old Country Store, Inc.",57.46,43402431.68,True,63.42,,1.0,21.81,49.81,59.79,63.42,57.74,55.22,70.4,2.11,22.08,24.99,76.46
1758530,SY,So-Young International Inc.,2.49,617535.5,False,63.3,,2.0,54.41,63.3,48.74,41.63,39.91,39.38,35.75,50.79,19.91,50.19,38.19
2094265,MLAA,Mountain Lake Acquisition Corp. II,10.01,38410.0,False,63.27,,1.0,15.51,46.0,51.05,56.02,59.73,63.27,51.04,50.79,53.16,50.19,51.65
1593984,MDWD,MediWound Ltd.,12.42,1039381.51,True,63.27,,1.0,29.24,63.27,49.93,42.05,41.72,45.56,45.97,50.79,66.6,76.14,32.51
1094366,RDWR,Radware Ltd.,30.98,7437992.58,True,63.24,,1.0,12.1,56.02,63.24,58.6,58.31,51.38,74.68,6.86,39.35,1.93,61.49
1995704,CUPR,Cuprina Holdings (Cayman) Limited,1.69,75590.5,False,63.24,,4.0,79.76,63.24,46.78,37.12,34.56,38.57,38.81,50.79,53.16,50.19,20.65
1224133,MCHX,"Marchex, Inc.",1.36,26513.5,False,63.21,,2.0,49.27,20.33,33.28,46.89,59.11,63.21,37.71,50.79,71.8,75.45,39.44
1861123,EIKN,"Eikon Therapeutics, Inc.",7.47,3868315.92,True,63.15,,3.0,63.48,38.42,46.27,53.14,59.35,63.15,51.04,50.79,91.77,87.22,48.59
1928948,HTCO,High-Trend International Group,1.29,163950.0,False,63.09,,3.0,61.75,63.09,51.26,42.91,42.88,53.14,37.3,50.79,53.16,50.19,18.48
2011208,SPAI,Safe Pro Group Inc.,4.06,390638.0,False,63.0,,3.0,70.64,63.0,51.0,44.75,48.74,53.37,36.4,50.79,41.37,86.81,31.98
1927958,AIRO,"AIRO Group Holdings, Inc.",6.12,2427709.52,True,62.97,,3.0,65.08,62.97,53.02,46.21,47.55,48.26,59.41,50.79,97.06,50.19,15.42
1806347,WEST,Westrock Coffee Company,8.18,2671681.01,True,62.97,,2.0,47.19,55.93,60.59,61.52,62.97,56.4,33.55,50.79,75.01,30.19,91.5
69633,NSSC,"NAPCO Security Technologies, Inc.",36.14,10567390.99,True,62.97,,1.0,22.14,61.52,61.4,59.94,60.0,62.97,72.69,50.79,78.99,50.19,39.94
1776909,CURI,CuriosityStream Inc. ,2.8,1513407.05,False,62.94,,2.0,48.71,62.94,60.8,52.42,55.13,55.54,43.74,50.79,33.19,32.63,28.2
2130386,YICC,Yorkville International Capital Corp.,9.9,8449.0,False,62.91,,2.0,35.72,51.8,54.8,58.87,62.88,62.91,51.04,50.79,53.16,80.95,50.52
1505155,UPLD,"Upland Software, Inc.",3.6,106710.5,False,62.88,,4.0,88.26,32.48,35.9,41.87,51.44,62.88,35.6,50.79,65.71,82.59,11.53
2088896,XE,"X-Energy, Inc.",13.71,91651882.2,True,62.85,,3.0,56.52,62.85,46.09,34.35,28.62,23.63,39.02,50.79,53.16,28.26,37.65
1015922,CHKP,Check Point Software Technologies Ltd.,137.18,131874652.16,True,62.85,,1.0,17.38,46.21,53.19,57.71,52.21,62.85,88.05,0.18,93.76,26.36,23.83
1886190,GGR,Gogoro Inc.,2.8,31968.5,False,62.82,,3.0,56.43,62.82,47.28,37.62,34.8,37.59,44.78,87.31,53.16,31.65,23.77
2119292,PSQL,Pasqal Holding SA,6.85,3437354.21,True,62.79,,3.0,71.68,27.46,39.58,51.74,59.47,62.79,51.04,50.79,53.16,50.19,52.39
1978057,TWG,Top Wealth Group Holding Limited,0.09,110030.5,False,62.76,,4.0,75.25,62.76,49.66,45.29,49.96,60.68,67.9,50.79,53.16,50.19,8.11
1789972,CGEM,"Cullinan Therapeutics, Inc.",15.53,13751759.18,True,62.73,,2.0,54.83,59.61,60.77,62.73,51.74,43.98,30.22,50.79,79.52,4.81,97.21
1927719,CRGO,Freightos Limited,0.84,53690.0,False,62.7,,3.0,71.86,62.7,46.66,38.72,37.77,42.53,44.73,50.79,31.77,94.44,11.2
2072188,BIOT,Instinct Bio Technical Company Holdings Inc.,0.38,112359.0,False,62.7,,4.0,83.36,27.88,39.73,51.77,59.41,62.7,51.04,50.79,53.16,50.19,52.33
1934114,SUJA,"Suja Life, Inc.",10.86,2890899.01,True,62.67,,3.0,61.49,32.96,44.13,58.54,61.19,62.67,36.67,50.79,91.95,93.19,49.84
1859690,ARQQ,Arqit Quantum Inc.,17.23,5389432.62,True,62.62,,3.0,66.3,62.62,40.92,30.73,28.35,30.07,57.77,91.41,71.68,70.19,14.03
945983,CLMB,"Climb Global Solutions, Inc.",33.26,3587795.96,True,62.56,,1.0,21.75,46.69,53.34,58.99,62.56,57.0,82.32,50.79,15.1,50.19,41.72
1971828,ENGS,Energys Group Limited,3.3,2916612.06,False,62.53,,3.0,65.53,15.87,25.79,38.34,48.47,62.53,40.48,50.79,53.16,50.19,25.08
1056696,MANH,"Manhattan Associates, Inc.",206.78,132266654.24,True,62.53,,1.0,12.12,55.25,57.53,62.53,57.3,55.45,76.43,98.69,71.32,31.14,47.82
1987189,SLGB,Smart Logistics Global Limited,0.27,228938.2,False,62.53,,4.0,84.34,62.53,57.12,52.75,52.6,61.99,34.8,50.79,53.16,19.73,59.61
1041514,LSAK,"Lesaka Technologies, Inc.",4.68,470634.0,False,62.5,,1.0,26.09,34.95,46.86,53.88,61.69,62.5,68.2,50.79,15.69,7.19,63.09
1227636,STIM,"Neuronetics, Inc.",2.13,2553447.47,False,62.5,,3.0,66.57,56.17,59.88,62.5,62.44,58.01,39.67,6.63,24.28,10.37,68.11
1734005,NIKI,"Niki BioSolutions, Inc.",4.0,179565.0,False,62.5,,3.0,69.36,62.5,48.97,42.53,42.82,50.31,56.11,50.79,20.48,50.19,18.54
1566610,TONX,TON Strategy Company,3.22,817015.99,False,62.47,,4.0,86.51,62.47,43.33,32.99,29.63,38.1,20.95,50.79,99.85,50.19,23.6
1997637,IOTR,iOThree Limited,1.96,20157.5,False,62.44,,3.0,71.59,29.24,36.49,45.32,53.28,62.44,34.0,50.79,53.16,50.19,43.6
912061,NHTC,Natural Health Trends Corp.,0.93,59800.0,False,62.44,,3.0,72.42,62.44,54.41,50.13,46.48,45.65,73.05,50.79,33.76,82.35,13.82
353184,AIRT,"Air T, Inc.",30.55,409957.99,False,62.41,,2.0,34.12,43.63,48.41,50.85,62.41,55.66,40.24,50.79,9.45,50.19,87.9
1826286,VINP,Vinci Compass Investments Ltd.,11.54,344097.99,False,62.38,,1.0,22.08,27.61,40.53,54.23,60.92,62.38,51.04,50.79,34.62,5.53,53.31
1804469,GFAI,"Guardforce AI Co., Limited",0.26,37745.55,False,62.38,,4.0,76.11,62.38,44.46,35.04,32.54,36.37,65.74,50.79,53.16,50.19,10.85
1482981,COCO,"The Vita Coco Company, Inc.",58.39,62878683.32,True,62.38,,2.0,33.34,56.34,62.38,59.91,58.99,44.99,90.04,50.79,15.66,2.56,71.11
2121703,FXAC,FortuneX Acquisition Corporation,10.1,6051.0,False,62.35,,1.0,9.69,34.77,41.72,49.96,59.97,62.35,51.04,50.79,9.18,50.19,59.64
876427,MNRO,"Monro, Inc. ",13.74,11811701.36,True,62.35,,2.0,34.35,62.35,60.3,57.59,56.11,58.66,62.56,88.29,35.22,50.19,41.81
2034723,YDDL,One and One Green Technologies. INC,1.34,27512.5,False,62.32,,3.0,73.22,62.32,53.55,48.92,50.94,55.63,78.42,50.79,53.16,50.19,10.88
1835963,GLBE,Global-E Online Ltd.,40.15,48523743.75,True,62.29,,1.0,7.13,57.18,61.55,62.29,62.26,58.37,68.83,50.79,38.45,50.19,59.47
793628,CHNR,"China Natural Resources, Inc.",3.99,16306.0,False,62.26,,2.0,51.95,28.97,37.27,45.94,53.4,62.26,45.59,50.79,53.16,78.42,41.93
1507957,IPWR,Ideal Power Inc.,3.69,603435.01,False,62.26,,3.0,69.72,62.26,47.04,34.5,32.63,34.29,28.44,50.79,68.02,50.19,57.83
1419612,SEDG,"SolarEdge Technologies, Inc.",32.21,89832676.33,True,62.23,,2.0,48.26,62.23,50.34,42.44,41.96,43.06,39.52,16.17,78.45,90.55,45.91
1092699,SPSC,"SPS Commerce, Inc.",84.59,36344835.53,True,62.23,,1.0,20.15,45.85,53.22,61.16,60.62,62.23,72.33,86.03,83.09,82.76,32.93
2016337,PTLE,PTL LTD,6.9,88104.5,False,62.2,,3.0,74.8,62.2,48.83,39.94,35.04,34.77,74.06,50.79,53.16,50.19,15.87
1868395,YIBO,Planet Image International Limited,1.05,3128.35,False,62.17,,3.0,59.08,37.5,43.06,49.03,53.97,62.17,35.25,50.79,53.16,50.19,53.34
2091349,TRAX,"First Tracks Biotherapeutics, Inc.",31.85,24256828.64,True,62.17,,3.0,57.83,62.17,50.94,42.08,36.97,34.23,51.04,50.79,53.16,22.5,41.75
1809196,IMTX,Immatics N.V.,7.37,4366192.48,True,62.11,,2.0,32.6,62.11,59.76,56.64,56.7,58.96,51.04,50.79,89.47,50.19,41.87
1986247,BYAH,"Park Ha Biological Technology Co., Ltd.",2.53,145320.8,False,62.11,,3.0,61.58,10.58,18.1,30.25,40.18,62.11,31.77,0.65,53.16,96.55,9.69
2133239,SCAT,Southern Cross Acquisition II Corp.,9.87,2212745.4,True,62.08,,2.0,45.38,57.09,55.96,54.86,56.88,62.08,51.04,50.79,53.16,96.29,48.69
2023016,TTRX,Turn Therapeutics Inc.,12.0,897019.51,False,62.05,,4.0,76.73,62.05,37.15,26.12,21.66,16.88,13.52,50.79,87.85,50.19,91.11
1829959,DCBO,Docebo Inc.,25.47,1092375.51,True,62.05,,1.0,27.16,27.73,38.37,49.12,58.13,62.05,56.17,50.79,53.16,23.27,50.4
1818794,DYN,"Dyne Therapeutics, Inc.",16.64,51585188.99,True,62.02,,2.0,46.81,36.34,42.91,57.83,62.02,47.64,56.2,95.66,84.16,87.37,75.39
2083910,ARCI,Archimedes Tech SPAC Partners III Co.,10.05,4545.5,False,62.02,,1.0,16.76,47.07,50.28,51.44,52.18,62.02,51.04,50.79,38.37,50.19,54.53
2007691,IOND,Ionic Digital Inc.,79.39,41448973.33,True,61.99,,2.0,31.23,61.99,45.62,39.55,37.15,34.06,35.93,50.79,85.3,92.84,38.99
1888525,MF,MindForge Inc.,10.68,1434306.01,True,61.96,,3.0,64.34,61.96,44.01,34.68,31.05,33.22,65.2,50.79,53.16,50.19,9.87
1928581,GMEX,GMEX ROBOTICS CORPORATION,1.94,346505.56,False,61.93,,4.0,77.09,61.93,49.12,40.68,40.09,46.95,79.38,50.79,53.16,50.19,1.25
1768267,CRNC,Cerence Inc.,8.43,5382629.3,True,61.9,,2.0,42.47,33.97,43.92,52.69,59.85,61.9,72.57,10.82,17.83,79.64,40.65
1821586,MLTX,MoonLake Immunotherapeutics,10.58,20453506.4,True,61.87,,2.0,43.51,61.87,41.87,31.17,25.38,23.45,25.97,50.79,28.02,50.19,69.18
1855175,CTNM,"Contineum Therapeutics, Inc.",13.38,6534453.16,True,61.87,,2.0,52.48,41.58,46.98,56.88,61.87,49.87,58.99,95.01,41.75,11.77,76.08
2031688,ANPA,Rich Sparkle Holdings Limited,1.91,33757.75,False,61.84,,3.0,64.01,38.72,38.28,41.99,49.9,61.84,62.32,50.79,53.16,89.18,8.59
1093691,PLUG,"Plug Power, Inc.",1.68,100637491.89,False,61.84,,3.0,59.2,61.84,46.81,37.18,39.29,46.12,44.04,3.42,25.02,50.19,25.79
1682852,MRNA,"Moderna, Inc.",197.0,1366368107.88,True,61.81,,2.0,47.52,55.84,61.43,61.81,57.09,41.93,66.72,1.6,12.15,2.62,95.36
2089283,NUCL,Eagle Nuclear Energy Corp.,5.73,1771907.5,True,61.81,,4.0,87.61,61.81,55.22,49.54,54.0,58.99,51.04,50.79,74.86,97.65,48.92
842023,TECH,Bio-Techne Corp,72.46,213051412.64,True,61.78,,1.0,9.39,61.78,56.85,58.34,53.67,47.25,74.74,4.96,18.37,50.19,66.27
1438133,TNDM,"Tandem Diabetes Care, Inc.",16.11,35811897.91,True,61.75,,2.0,46.03,61.75,52.04,45.11,42.59,37.5,31.0,88.83,40.62,13.55,70.22
771856,CSBR,"Champions Oncology, Inc.",4.84,50534.0,False,61.75,,2.0,52.54,57.33,59.55,59.23,61.75,59.11,73.73,50.79,73.55,8.59,42.64
2017758,LHAI,Linkhome Holdings Inc.,1.01,115986.05,False,61.69,,4.0,87.99,41.46,41.75,46.81,53.43,61.69,66.81,50.79,88.14,72.1,9.39
2004711,BSP,Bending Spoons S.p.A.,38.01,73712288.44,True,61.66,,2.0,40.27,28.35,42.23,54.74,61.25,61.66,51.04,95.13,53.16,50.19,52.63
1611842,PYPD,PolyPid Ltd.,5.07,584336.99,False,61.58,,2.0,49.39,61.58,59.73,57.33,57.62,57.24,22.44,50.79,53.16,83.89,93.58
1174922,WYNN,"Wynn Resorts, Limited",75.15,153623326.38,True,61.55,,1.0,17.71,61.55,58.78,53.82,54.38,54.86,87.31,98.84,8.92,91.2,26.78
2087447,ZKP,Lafayette Digital Acquisition Corp. I,10.04,0.0,False,61.55,,1.0,14.53,44.78,49.63,52.33,52.87,61.55,51.04,50.79,35.01,50.19,52.81
1801170,CLOV,"Clover Health Investments, Corp. ",4.79,16788322.76,False,61.52,,2.0,45.32,51.47,61.52,60.42,60.09,50.82,62.85,11.53,15.3,7.93,92.48
1770069,MPLT,"MapLight Therapeutics, Inc.",9.15,6808263.72,True,61.49,,3.0,71.41,61.49,47.55,39.97,34.38,31.41,28.23,50.79,98.72,70.73,44.43
1409970,HAPN,"Happen, Inc.",15.17,23723945.27,True,61.43,,3.0,70.58,61.43,50.46,46.15,43.24,39.85,36.61,50.79,37.83,50.19,62.23
2020932,AGMB,AgomAb Therapeutics NV,9.08,1299200.98,True,61.43,,3.0,57.06,30.46,41.78,51.8,58.63,61.43,51.04,50.79,53.16,50.19,51.77
895126,EXE,Expand Energy Corporation,88.22,266092061.48,True,61.4,,1.0,8.59,31.44,37.36,48.32,56.43,61.4,31.11,86.95,16.52,50.19,54.23
1707303,DOGZ,Dogness (International) Corporation,0.85,15350.25,False,61.37,,3.0,63.66,39.91,37.89,38.37,43.8,61.37,62.11,50.79,53.16,99.2,7.25
1590750,VRDN,"Viridian Therapeutics, Inc. ",18.66,31567757.19,True,61.31,,2.0,53.85,61.31,44.87,33.14,26.51,26.27,32.78,50.79,28.14,25.05,47.52
8177,AAME,Atlantic American Corporation,1.18,22319.0,False,61.31,,4.0,89.84,59.7,54.38,53.34,57.21,61.31,45.08,50.79,39.26,74.5,24.81
1289460,TXRH,"Texas Roadhouse, Inc.",161.5,169935525.1,True,61.25,,1.0,11.53,56.26,60.89,61.25,57.06,55.99,76.37,86.54,21.78,50.19,61.07
2113060,IQMX,IQM Quantum Computers Oyj,10.17,2738312.97,True,61.25,,2.0,32.54,61.25,60.53,57.77,58.04,58.9,51.04,50.79,53.16,50.19,58.96
1866757,BRLT,"Brilliant Earth Group, Inc.",1.58,83723.0,False,61.25,,2.0,46.89,24.4,38.75,49.0,60.74,61.25,74.65,50.79,12.04,84.07,34.62
1420520,ATOM,Atomera Incorporated,4.16,2188954.55,False,61.22,,3.0,72.72,61.22,42.44,29.54,26.03,30.76,24.93,50.79,39.38,73.64,51.62
1000694,NVAX,"Novavax, Inc.",12.75,38464435.92,True,61.16,,2.0,37.71,32.69,43.54,57.0,61.16,48.05,42.11,94.83,70.46,25.79,65.88
2110117,ITG,"ITG, Inc.",7.62,3002094.04,True,61.16,,3.0,60.92,28.77,40.74,51.32,58.93,61.16,43.3,50.79,53.16,50.19,52.27
1991261,SKK,SKK Holdings Limited,5.45,26098.0,False,61.13,,3.0,58.28,23.3,34.92,46.45,53.05,61.13,29.27,50.79,53.16,19.05,70.61
1539838,FANG,"Diamondback Energy, Inc.",192.13,385905855.66,True,61.1,,1.0,5.5,57.3,61.1,54.32,56.26,57.47,76.4,1.1,5.59,70.16,80.12
2110423,DTSS,Datasea Intelligent Technology Ltd.,0.62,19092.15,False,61.1,,4.0,76.82,61.1,42.64,32.84,29.54,30.82,51.04,50.79,53.16,50.19,10.28
913277,CLAR,Clarus Corporation,3.49,364576.5,False,61.1,,2.0,35.33,35.36,39.64,48.14,61.1,58.75,32.63,50.79,11.32,95.42,73.79
2064124,FIGR,"Figure Technology Solutions, Inc.",28.54,127297954.21,True,61.07,,2.0,44.64,61.07,59.41,52.99,46.54,46.51,81.9,50.79,30.13,50.19,33.4
1716338,JF,J and Friends Holdings Limited,1.02,4851.32,False,61.07,,2.0,38.84,31.98,44.28,55.19,61.07,59.97,39.29,50.79,53.16,50.19,69.87
1510593,XNET,Xunlei Limited,5.01,1066679.97,True,61.07,,2.0,38.28,40.74,51.08,58.13,60.39,61.07,92.51,89.06,53.16,50.19,23.09
1872525,SWAG,"Stran & Company, Inc.",1.39,31676.0,False,61.04,,2.0,54.26,61.04,58.42,54.12,56.97,56.08,35.42,50.79,76.05,50.19,60.62
1952853,MAMO,Massimo Group,0.96,21568.05,False,61.04,,3.0,59.23,30.97,35.78,39.61,49.69,61.04,84.25,50.79,7.43,96.58,20.45
1714899,DNLI,Denali Therapeutics Inc.,19.45,32703800.26,True,61.01,,2.0,42.35,61.01,50.19,40.39,33.08,25.85,33.28,50.79,63.36,2.02,75.57
864749,TRMB,Trimble Inc.,60.09,135957543.03,True,61.01,,1.0,14.0,47.28,53.43,55.04,56.23,61.01,84.28,10.13,41.87,74.86,29.78
1036044,INVE,"INVE Technologies, Inc.",2.37,385360.51,False,60.98,,3.0,59.58,29.75,41.13,46.54,57.36,60.98,64.55,50.79,80.89,50.19,41.19
1448431,OPRX,OptimizeRx Corporation,8.28,1418191.54,True,60.98,,3.0,58.42,54.44,51.92,55.25,60.98,59.94,66.54,50.79,66.84,29.63,16.97
2055116,KG,"Kestrel Group, Ltd.",4.91,101452.0,False,60.92,,4.0,78.72,53.61,48.35,51.38,58.19,60.92,39.76,50.79,88.11,50.19,13.88
1509745,CYPH,Cypherpunk Technologies Inc.,2.94,13065104.16,False,60.89,,5.0,94.44,60.89,40.21,30.07,24.31,20.03,13.88,50.79,78.63,15.48,98.4
2041338,TDIC,Dreamland Limited,1.69,122398.51,False,60.86,,4.0,82.35,60.86,42.47,31.62,28.08,31.32,51.04,50.79,26.66,50.19,0.42
1434265,GMAB,Genmab A/S,36.05,78217484.5,True,60.83,,1.0,0.03,37.09,46.95,54.89,60.03,60.83,40.77,50.79,53.16,50.19,61.87
1493318,ETOR,eToro Group Ltd.,25.9,29536702.61,True,60.71,,2.0,33.43,32.39,38.87,46.48,52.48,60.71,65.47,5.88,68.35,50.19,40.27
910606,REG,Regency Centers Corporation,72.05,97249488.48,True,60.68,,1.0,5.53,60.68,59.14,54.15,44.04,37.95,72.45,10.79,77.77,22.08,58.31
866273,MTRX,Matrix Service Company,10.63,3239188.91,True,60.65,,1.0,23.3,33.14,40.39,48.47,59.52,60.65,42.76,50.79,74.38,97.41,45.59
1717115,TEM,"Tempus AI, Inc.",70.93,358111428.8,True,60.65,,2.0,47.85,60.65,39.7,27.88,21.46,17.92,63.24,97.12,65.88,68.29,16.26
1094324,SIFY,Sify Technologies Limited,12.85,398452.5,False,60.62,,2.0,31.74,60.62,52.66,46.51,45.47,47.76,45.53,9.75,53.16,85.26,40.89
1370450,WLDN,"Willdan Group, Inc.",75.12,15904830.93,True,60.62,,2.0,35.54,45.53,50.76,51.53,55.25,60.62,85.41,11.65,6.57,75.99,43.95
1828016,PLTK,Playtika Holding Corp.,2.29,3224855.56,False,60.59,,2.0,46.57,30.73,43.03,52.51,57.8,60.59,77.68,10.04,67.1,50.19,31.03
1701261,FAMI,"Farmmi, Inc.",0.12,325324.0,False,60.53,,3.0,64.93,32.78,36.26,41.31,45.38,60.53,34.32,50.79,53.16,90.7,9.84
1648257,HCM,HUTCHMED (China) Limited,14.1,670341.0,False,60.51,,2.0,36.91,57.06,59.02,58.96,58.48,60.51,75.3,50.79,53.16,50.19,43.21
2003061,STFS,Star Fashion Culture Holdings Limited,3.8,258018.0,False,60.48,,4.0,81.43,19.88,28.68,38.51,46.57,60.48,25.71,50.79,95.45,50.19,25.91
354963,SHEN,Shenandoah Telecommunications Co,10.4,6596778.48,True,60.45,,1.0,29.69,60.45,49.27,39.7,41.25,41.28,40.95,50.79,26.21,98.1,43.39
2093536,ARXS,"Arxis, Inc.",47.89,36221737.35,True,60.42,,2.0,38.87,60.42,43.3,33.16,27.93,22.53,40.98,50.79,53.16,50.19,35.96
913353,CIGI,Colliers International Group Inc. ,86.6,23049639.29,True,60.36,,1.0,24.34,60.36,53.76,48.23,44.28,46.84,61.72,91.89,31.98,27.52,27.64
880807,AMSC,American Superconductor Corporation,30.52,20071451.4,True,60.36,,2.0,37.89,43.15,47.7,48.2,50.91,60.36,85.2,10.28,24.52,85.82,19.82
1453015,BLDP,"Ballard Power Systems, Inc.",1.91,6662015.76,False,60.33,,3.0,65.82,60.33,47.88,40.59,40.89,46.3,44.81,5.38,53.16,94.92,29.54
2035016,RIBB,Ribbon Acquisition Corp,7.1,9637.5,False,60.3,,5.0,91.05,60.3,43.21,36.97,34.83,33.16,19.73,50.79,27.79,50.19,63.89
1625414,BZUN,Baozun Inc.,3.31,525081.23,False,60.3,,2.0,33.46,39.67,50.4,56.91,60.3,58.04,71.56,50.79,23.15,79.49,37.98
1156375,CME,CME Group Inc.,280.56,482336061.28,True,60.3,,1.0,5.38,47.67,59.49,60.3,54.18,53.16,83.18,9.15,27.46,0.68,52.51
2048271,WSHP,WeShop Holdings Limited,4.83,334828.0,False,60.3,,4.0,85.53,58.37,58.87,56.79,59.64,60.3,51.04,50.79,75.63,28.74,55.57
1535955,LPCN,Lipocine Inc.,1.72,68414.0,False,60.27,,3.0,68.56,60.27,47.1,47.46,45.94,47.58,23.63,50.79,87.64,9.42,40.68
1565687,INTA,"Intapp, Inc.",38.65,22138429.55,True,60.27,,1.0,23.66,36.82,45.47,54.03,60.27,59.05,37.83,50.79,95.69,31.92,48.26
14177,BRID,Bridgford Foods Corporation,5.51,16483.0,False,60.21,,3.0,57.56,39.61,43.15,51.59,55.66,60.21,35.48,50.79,26.48,50.19,41.6
1130713,NXH,"Neighborhood Intelligence, Inc. ",1.69,9247433.71,False,60.21,,4.0,86.42,60.21,32.21,25.62,23.54,27.22,21.78,50.79,90.37,50.19,15.33
1116463,OSUR,"OraSure Technologies, Inc.",3.9,1646551.01,False,60.18,,2.0,37.95,56.05,60.18,58.69,59.02,51.83,40.39,50.79,93.11,13.49,67.25
1774170,AIOT,"PowerFleet, Inc.",2.7,4353736.5,False,60.18,,2.0,46.6,60.18,51.03,47.28,52.78,57.15,57.3,50.79,24.75,76.37,27.22
55785,KMB,Kimberly-Clark Corporation,97.59,354814148.36,True,60.15,,1.0,3.42,31.11,37.44,46.3,53.64,60.15,40.51,50.79,20.27,50.19,46.48
1857030,INCR,Intercure Ltd.,5.03,14622.4,False,60.15,,3.0,62.53,60.15,48.08,40.62,38.96,40.3,51.04,50.79,53.16,50.19,28.08
87050,NEON,Neonode Inc.,0.84,57527.0,False,60.12,,4.0,86.33,54.15,45.41,47.49,54.98,60.12,41.9,50.79,64.87,84.73,14.62
945841,POOL,Pool Corporation,159.54,127333158.65,True,60.12,,1.0,22.7,60.12,52.27,43.3,37.86,43.33,73.14,7.67,85.56,85.08,19.47
1564708,NWSA,News Corporation,29.12,99423644.21,True,60.12,,1.0,16.05,55.33,59.61,60.12,58.66,51.0,73.58,0.06,86.09,11.17,61.22
1995520,YB,Yuanbao Inc.,12.1,280271.0,False,60.09,,2.0,35.01,60.09,43.66,33.73,29.21,26.33,51.04,50.79,53.16,80.0,27.16
1801169,OPEN,Opendoor Technologies Inc ,2.22,104917980.58,False,60.03,,2.0,49.09,60.03,44.7,32.72,28.17,32.72,65.79,2.62,86.78,81.01,5.88
1297989,EXLS,"ExlService Holdings, Inc.",36.79,68239452.25,True,60.0,,1.0,14.5,45.38,52.1,57.56,58.45,60.0,71.77,3.86,91.17,16.52,36.11
1738906,YI,"111, Inc.",3.15,18634.0,False,60.0,,2.0,46.69,60.0,57.77,54.26,53.58,52.3,65.65,50.79,38.1,50.19,37.62
1997403,ZENA,"ZenaTech, Inc.",1.11,2700157.01,False,59.97,,3.0,72.27,59.97,46.92,42.7,45.02,59.88,51.04,11.23,53.16,98.28,13.49
1971213,SBGI,"Sinclair, Inc.",12.73,6123999.03,True,59.91,,1.0,25.47,47.13,55.01,58.01,59.91,59.44,62.2,3.89,53.16,82.2,66.45
1705110,ANGI,Angi Inc.,6.59,3912177.95,True,59.85,,2.0,43.48,19.08,29.42,47.4,57.15,59.85,57.68,15.25,78.07,79.32,17.27
2021688,UFG,Uni-Fuels Holdings Limited,0.4,41427.85,False,59.85,,3.0,72.15,59.85,47.79,41.9,42.38,49.72,32.66,50.79,53.16,50.19,28.97
1803407,OST,"Ostin Technology Group Co., Ltd.",1.7,0.0,False,59.82,,1.0,26.36,29.45,34.68,40.74,48.86,59.82,25.38,50.79,53.16,13.88,68.8
1818331,WGS,GeneDx Holdings Corp.,67.33,47023563.54,True,59.82,,2.0,47.49,59.82,42.41,32.33,24.55,22.59,32.75,10.25,30.16,78.28,25.2
2114227,CXII,Churchill Capital Corp XII,10.55,29594.5,False,59.79,,1.0,18.19,59.79,57.68,55.01,56.49,58.6,51.04,50.79,53.16,50.19,49.72
916365,TSCO,Tractor Supply Company,33.7,311031832.39,True,59.79,,1.0,21.78,45.44,58.48,59.79,59.49,52.12,83.57,91.17,92.15,25.29,21.25
1889823,DFSC,DEFSEC Technologies Inc.,0.9,115030.0,False,59.76,,4.0,83.06,59.76,42.08,32.9,29.9,31.05,51.04,50.79,53.16,50.19,10.61
1378590,BLIN,"Bridgeline Digital, Inc.",0.74,33300.0,False,59.58,,3.0,65.29,52.6,45.97,47.61,50.67,59.58,29.03,98.75,36.32,94.68,36.49
2100125,CAQ,Cambridge Acquisition Corp.,10.0,0.0,False,59.55,,1.0,16.64,42.26,47.64,48.97,50.25,59.55,51.04,50.79,41.58,50.19,54.68
1815566,IFBD,"Infobird Co., Ltd",0.84,5034.0,False,59.49,,3.0,73.46,35.01,34.09,37.27,44.84,59.49,18.54,50.79,53.16,98.69,65.77
2078856,PURR,Hyperliquid Strategies Inc,11.11,167234328.91,True,59.41,,2.0,49.72,59.41,40.59,26.81,22.14,19.26,84.49,50.79,4.93,0.51,39.11
1581178,EPRX,Eupraxia Pharmaceuticals Inc.,7.46,2656104.04,True,59.38,,2.0,44.22,42.53,50.64,57.21,59.14,59.38,31.5,50.79,53.16,77.0,83.03
874716,IDXX,"IDEXX Laboratories, Inc.",513.14,277804511.85,True,59.38,,1.0,10.25,59.38,49.48,41.22,32.99,34.44,70.46,86.86,78.19,22.94,30.61
796343,ADBE,Adobe Inc.,242.27,1172610645.76,True,59.35,,1.0,19.02,57.77,59.17,59.35,53.52,55.75,72.42,88.47,97.03,8.92,26.95
1745431,STNE,StoneCo Ltd.,12.46,43413614.99,True,59.35,,2.0,31.59,22.11,34.62,48.05,56.94,59.35,51.04,50.79,36.43,81.49,36.02
1517396,SSYS,"Stratasys, Ltd.",7.98,4347607.41,True,59.35,,2.0,30.76,59.35,45.59,38.54,39.08,43.86,40.8,13.34,53.16,24.64,33.85
1823878,MYPS,"PLAYSTUDIOS, Inc. ",4.23,163186.0,False,59.32,,5.0,90.73,59.32,41.96,36.29,34.74,30.97,59.17,50.79,16.2,50.19,18.16
1676047,NTRB,Nutriband Inc.,6.65,85155.75,False,59.26,,3.0,57.0,59.26,49.96,48.74,50.37,46.75,32.36,50.79,88.08,7.55,50.28
865752,MNST,Monster Beverage Corporation,43.65,433126776.25,True,59.23,,1.0,5.77,59.23,58.07,47.52,42.62,33.11,79.79,86.3,11.23,3.03,66.81
1776985,BNTX,BioNTech SE,96.96,81409409.15,True,59.2,,1.0,22.73,45.79,50.49,54.53,57.53,59.2,51.04,87.1,40.86,50.19,51.74
790526,RDNT,"RadNet, Inc.",70.91,43704512.41,True,59.2,,1.0,22.88,57.0,59.2,54.68,49.21,45.29,70.64,50.79,29.54,3.54,57.12
1652044,GOOGL,Alphabet Inc.,348.29,8177198784.95,True,59.2,,1.0,11.68,59.2,52.93,44.96,37.21,35.45,59.85,0.45,18.75,68.74,76.97
1403568,ULTA,"Ulta Beauty, Inc.",570.37,269051775.6,True,59.17,,1.0,8.74,51.03,56.08,59.17,54.86,54.23,67.04,99.61,81.1,8.35,44.87
1157075,PMCB,"PharmaCyte  Biotech, Inc.",0.4,51500.88,False,59.17,,4.0,81.13,16.58,24.64,35.99,46.66,59.17,20.56,50.79,95.04,30.94,30.52
1800227,PPLI,People Incorporated,40.89,38149008.18,True,59.17,,1.0,7.64,59.17,50.58,58.19,56.37,56.67,32.84,92.99,98.84,77.53,63.68
908315,WINA,Winmark Corporation,291.86,18037280.42,True,59.14,,1.0,27.67,59.14,52.21,47.04,42.35,43.83,75.48,90.19,12.01,50.19,32.99
1920406,ASST,"Strive, Inc.",27.8,148334875.23,True,59.11,,2.0,47.79,59.11,36.4,25.82,21.43,20.06,30.13,50.79,80.12,50.19,36.34
1769256,XHG,XChange TEC.INC,2.28,25177.5,False,59.08,,3.0,73.55,42.44,52.01,58.1,59.08,49.03,33.64,50.79,53.16,50.19,93.67
1441683,APPN,Appian Corporation,40.1,26454455.99,True,59.05,,1.0,22.56,37.74,46.57,53.28,59.05,48.86,56.34,86.09,18.45,89.87,70.91
17313,CSWC,Capital Southwest Corporation,23.54,14020414.76,True,59.05,,2.0,32.12,59.05,54.44,46.95,46.06,39.7,41.55,50.79,17.92,13.58,78.48
8670,ADP,"Automatic Data Processing, Inc.",270.88,567331898.63,True,58.99,,1.0,1.13,53.02,58.99,57.3,47.07,44.58,88.53,11.95,27.34,12.3,41.66
1584831,OXBR,Oxbridge Re Holdings Limited,1.02,18184.5,False,58.99,,3.0,67.64,58.99,50.04,44.99,44.58,49.54,29.39,50.79,73.14,12.87,49.57
1473334,XMAX,"XMAX, Inc.",8.74,4625034.51,True,58.93,,4.0,78.45,52.24,54.53,55.13,56.32,58.93,33.46,50.79,69.48,50.19,89.48
1620463,LONA,"LeonaBio, Inc.",5.75,167978.0,False,58.87,,3.0,62.35,20.8,29.78,44.04,58.87,58.28,16.43,50.79,40.3,50.19,99.02
1842295,MAZE,"Maze Therapeutics, Inc.",25.88,10882508.69,True,58.81,,2.0,47.37,58.81,51.5,44.9,38.25,36.11,64.75,50.79,31.26,12.42,39.49
1125376,ENSG,"The Ensign Group, Inc.",171.8,60035258.54,True,58.75,,1.0,14.59,58.75,53.46,47.79,41.28,38.69,77.98,50.79,11.83,50.19,43.98
1266806,VANI,"Vivani Medical, Inc. ",1.25,235997.0,False,58.75,,3.0,59.05,33.73,39.52,55.22,58.75,57.12,26.54,50.79,97.65,25.41,54.18
1280058,BLKB,"Blackbaud, Inc.",45.48,18243575.44,True,58.72,,1.0,28.8,37.68,49.42,56.32,54.44,58.72,74.15,3.33,94.77,15.1,30.43
1783879,HOOD,"Robinhood Markets, Inc.",109.02,2020428155.58,True,58.72,,2.0,35.45,58.72,40.77,28.29,20.74,17.53,70.61,13.52,17.62,1.07,28.77
1626971,CRVS,"Corvus Pharmaceuticals, Inc.",10.52,11762562.02,True,58.69,,4.0,79.38,58.69,39.23,26.89,21.37,14.89,16.7,8.83,76.14,8.32,91.32
1820721,ARRY,"Array Technologies, Inc.",3.68,28746174.16,False,58.66,,2.0,41.69,58.66,43.6,38.16,40.15,48.68,34.56,50.79,36.03,99.7,21.63
2035992,MCTA,Charming Medical Limited,29.35,0.0,False,58.66,,1.0,24.31,52.18,55.25,58.66,58.1,57.3,71.98,50.79,53.16,50.19,47.4
1490078,PHOS,First Phosphate Corp.,15.04,511280.49,False,58.63,,2.0,52.45,40.18,45.23,51.0,55.39,58.63,51.04,91.71,53.16,82.02,49.99
804328,QCOM,QUALCOMM Incorporated,175.5,1839858749.66,True,58.57,,2.0,30.25,58.57,39.08,33.37,27.37,25.59,76.58,95.84,4.49,83.86,60.83
1023024,ANIP,"ANI Pharmaceuticals, Inc.",73.89,24807861.95,True,58.57,,2.0,34.29,46.92,52.72,56.08,58.57,58.19,88.23,50.79,18.34,19.55,34.44
1953366,STHO,Star Holdings,8.31,134246.0,False,58.51,,1.0,26.95,46.89,48.71,52.66,58.51,48.89,30.94,50.79,15.48,0.65,77.92
1836242,TKLF,"Tokyo Lifestyle Co., Ltd.",1.51,15716.0,False,58.51,,3.0,59.47,31.68,38.22,45.5,51.59,58.51,60.89,50.79,86.6,50.19,26.24
1327811,WDAY,"Workday, Inc.",186.59,567395887.68,True,58.51,,2.0,31.08,58.51,53.58,49.15,47.73,51.41,67.73,86.89,25.23,91.89,30.04
2116105,FWAC,Futurewave Acquisition Corporation,9.94,126553.5,False,58.48,,3.0,59.32,37.21,41.66,47.16,54.09,58.48,51.04,50.79,9.18,19.49,58.9
1778982,HUIZ,Huize Holding Limited,1.25,43153.5,False,58.48,,3.0,62.47,58.48,43.57,37.41,33.7,33.82,75.25,92.01,38.48,50.19,11.29
1575793,WATT,Energous Corporation,11.33,1832620.96,True,58.45,,4.0,81.31,58.45,31.95,18.72,14.8,14.53,10.01,50.79,64.96,50.19,92.04
1604868,GRWG,GrowGeneration Corp.,1.51,354398.75,False,58.45,,2.0,47.67,55.42,50.22,49.24,54.26,58.45,34.23,50.79,63.89,75.39,50.79
815556,FAST,Fastenal Company,50.75,341971305.87,True,58.42,,1.0,0.53,58.42,50.31,41.93,35.51,30.13,63.15,7.85,32.99,20.53,55.27
1665300,PHUN,"Phunware, Inc.",2.11,156272.0,False,58.42,,2.0,41.34,21.46,34.06,44.55,58.42,56.43,44.4,6.92,76.55,85.35,42.44
1835268,CNTB,Connect Biopharma Holdings Limited,0.87,1229350.53,False,58.4,,3.0,72.96,58.4,47.67,43.77,42.44,39.17,26.86,50.79,83.12,50.19,71.56
1121404,SNY,Sanofi,40.07,112981279.85,True,58.4,,1.0,2.97,42.05,48.2,52.81,56.61,58.4,51.04,50.79,53.16,50.19,51.08
886128,FCEL,"FuelCell Energy, Inc.",18.03,144993136.74,True,58.34,,3.0,57.8,58.34,46.18,38.01,35.99,44.49,28.17,1.46,19.05,83.42,88.11
1387467,AOSL,Alpha and Omega Semiconductor Limited,27.87,14384553.64,True,58.31,,2.0,50.49,58.31,41.19,31.83,27.01,25.26,29.72,50.79,74.8,50.19,48.44
2095096,ENRD,Einride AB,3.36,312737.0,False,58.31,,3.0,73.7,39.49,46.63,51.83,56.29,58.31,51.04,50.79,53.16,50.19,50.19
2488,AMD,"Advanced Micro Devices, Inc.",608.1,11712578478.1,True,58.25,,1.0,22.05,58.25,35.27,25.44,20.12,16.26,75.16,94.8,2.91,75.51,88.62
2069604,PARK,"Park Dental Partners, Inc.",20.25,372156.0,False,58.22,,2.0,30.88,31.5,39.88,47.58,51.83,58.22,37.8,50.79,67.79,50.19,55.13
875320,VRTX,Vertex Pharmaceuticals Incorporated,510.08,552299882.28,True,58.19,,1.0,2.26,58.19,53.64,47.19,37.65,32.6,64.99,9.9,22.59,2.76,67.55
1639691,LIVN,LivaNova PLC,76.39,46795225.43,True,58.16,,1.0,14.38,56.94,58.16,55.81,52.12,50.22,36.2,50.79,33.08,50.19,83.3
1365767,ALLT,Allot Ltd.,8.39,1759442.98,True,58.13,,1.0,29.99,56.82,58.13,55.96,55.75,53.64,77.27,93.61,39.47,1.52,35.54
1619544,JFU,9F Inc.,2.75,5683.5,False,58.13,,3.0,62.08,34.98,44.19,51.41,55.87,58.13,82.62,50.79,53.16,50.19,23.45
1737339,JG,Aurora Mobile Limited,7.1,23045.0,False,58.1,,2.0,36.61,25.71,34.53,44.28,52.93,58.1,44.22,50.79,21.93,94.98,38.63
1060955,ICLR,ICON plc,164.5,126477622.63,True,58.07,,1.0,15.45,53.19,56.7,58.07,56.82,57.68,75.01,7.79,91.68,30.4,38.81
1769697,FNUC,Frontier Nuclear and Minerals Inc.,1.07,346304.25,False,58.07,,3.0,69.99,58.07,40.42,32.39,29.42,30.7,51.04,50.79,53.16,50.19,9.36
1578348,ICMB,"Investcorp Credit Management BDC, Inc.",0.68,25746.6,False,58.04,,3.0,56.14,58.04,50.13,44.73,44.43,50.37,67.93,50.79,16.05,50.19,19.38
703604,DSGR,"Distribution Solutions Group, Inc.",35.03,6960900.09,True,57.98,,1.0,5.85,56.46,54.35,57.98,56.55,48.29,37.62,50.79,79.67,32.3,71.89
1975641,ZYBT,Zhengye Biotechnology Holding Limited,1.73,68430.0,False,57.98,,3.0,62.67,16.14,27.76,40.53,49.63,57.98,38.66,50.79,53.16,50.19,32.24
1833756,DRS,"Leonardo DRS, Inc.",36.24,32502360.36,True,57.98,,1.0,20.92,57.98,48.95,41.69,38.13,30.52,84.4,84.96,15.57,74.98,32.96
1561550,DDOG,"Datadog, Inc.",293.26,909202655.2,True,57.95,,1.0,24.4,53.91,57.95,55.16,52.69,54.21,72.63,8.29,37.71,82.97,76.17
1500881,EU,enCore Energy Corp.,0.97,3642634.96,False,57.89,,3.0,71.71,57.89,47.13,39.29,36.2,44.9,34.89,50.79,95.57,74.89,12.78
818479,XRAY,DENTSPLY SIRONA Inc.,8.83,49818892.39,True,57.89,,1.0,25.56,38.22,46.21,52.9,57.89,55.42,76.14,6.21,66.98,7.79,41.31
1289419,MORN,"Morningstar, Inc.",202.74,57130319.92,True,57.89,,1.0,6.6,37.98,44.96,56.94,52.99,57.89,63.57,8.05,98.19,70.22,36.55
2013186,TNMG,TNL Mediagene,3.76,190836.0,False,57.83,,4.0,75.57,57.83,41.93,34.06,30.94,33.25,42.94,50.79,53.16,50.19,13.46
1647088,WSC,WillScot Holdings Corporation,17.07,52187675.0,True,57.8,,1.0,28.35,57.8,52.99,50.91,54.23,48.71,68.32,50.79,81.72,83.57,36.76
1732379,BMM,Blue Moon Metals Inc.,4.87,1081074.5,False,57.8,,2.0,54.92,56.52,56.88,54.38,55.96,57.8,51.04,15.48,53.16,75.07,48.8
78749,AGYS,"Agilysys, Inc.",105.03,25518295.38,True,57.77,,1.0,23.39,44.07,54.06,57.47,57.77,56.32,84.93,96.29,39.11,12.75,45.65
817720,SYNA,Synaptics Incorporated,119.82,67309374.56,True,57.71,,2.0,31.17,57.71,47.9,41.75,42.91,37.71,25.77,99.94,9.3,91.74,84.04
2080073,VMET,Versamet Royalties Corporation,8.77,2099992.02,True,57.71,,2.0,44.37,37.95,46.06,51.03,55.78,57.71,59.76,50.79,53.16,16.67,50.88
1875016,YMAT,"J-Star Holding Co., Ltd.",1.29,72540.0,False,57.68,,4.0,82.38,57.68,43.68,36.76,35.25,38.45,69.15,50.79,53.16,50.19,12.51
1333822,LEDS,SemiLEDS Corporation,2.23,59087.0,False,57.65,,5.0,93.16,57.65,52.24,49.72,51.92,54.12,25.35,50.79,37.38,74.77,63.27
2092446,AVAT,Avalanche Treasury Corporation,1.28,421286.79,False,57.62,,5.0,95.42,57.62,41.58,35.1,35.39,42.94,51.04,50.79,20.48,50.19,3.63
1235468,LQDT,"Liquidity Services, Inc.",43.13,8096876.91,True,57.59,,1.0,7.46,57.59,56.58,45.38,42.26,31.59,69.96,86.57,5.41,7.49,90.85
1827401,DRUG,Bright Minds Biosciences Inc.,54.05,8807288.75,True,57.59,,2.0,40.15,29.69,43.12,53.61,57.59,54.98,51.04,50.79,68.72,15.96,60.09
1185348,PRAA,"PRA Group, Inc.",20.03,6691977.5,True,57.5,,2.0,36.02,35.96,42.26,46.75,57.5,52.45,27.76,8.89,14.8,81.4,83.24
1898601,IPX,IperionX Limited,15.28,5495409.39,True,57.47,,3.0,58.75,57.47,41.6,30.43,29.06,30.37,58.1,50.79,41.84,50.19,11.92
2028516,ATII,Archimedes Tech SPAC Partners II Co.,10.69,1489774.98,True,57.44,,3.0,57.21,42.76,46.36,51.35,57.44,49.3,27.16,50.79,69.03,50.19,68.29
1639300,OLLI,"Ollie's Bargain Outlet Holdings, Inc.",85.33,121071806.12,True,57.44,,1.0,23.42,57.44,50.61,47.73,47.19,50.79,64.16,88.2,34.12,50.19,26.03
769520,MIDD,The Middleby Corporation,105.4,61355719.31,True,57.41,,1.0,20.21,37.59,43.74,53.22,57.41,54.95,35.57,12.3,86.33,16.79,64.73
1001907,ASTC,Astrotech Corporation,6.81,304640.0,False,57.41,,4.0,75.99,49.78,48.32,48.56,49.87,57.41,15.13,3.74,89.72,86.84,97.09
1715925,HYFT,MindWalk Holdings Corp.,1.5,213330.5,False,57.38,,3.0,64.96,20.92,31.59,43.71,50.55,57.38,51.04,4.81,53.16,90.07,36.64
1377121,PTGX,"Protagonist Therapeutics, Inc.",143.73,79162821.28,True,57.38,,1.0,12.87,57.38,57.24,49.33,46.92,40.83,36.64,50.79,37.8,13.28,86.06
1449792,PPSI,"Pioneer Power Solutions, Inc.",3.08,213497.25,False,57.36,,4.0,79.58,50.67,43.18,42.47,44.9,57.36,34.65,50.79,39.76,78.48,35.39
1540159,EDSA,"Edesa Biotech, Inc.",3.51,199262.5,False,57.27,,5.0,90.85,57.27,38.34,27.43,22.38,20.95,12.81,50.79,42.97,70.37,96.37
1822462,FHTX,Foghorn Therapeutics Inc.,2.0,1561439.99,False,57.27,,3.0,72.75,53.85,56.11,57.27,52.39,42.88,33.22,50.79,85.68,30.7,69.54
1819794,HTOO,Fusion Fuel Green PLC,1.91,19968.9,False,57.24,,3.0,69.0,57.24,41.34,33.08,31.98,34.65,51.04,50.79,74.56,84.55,20.33
2109150,INIO,INNIO N.V.,19.2,94531573.08,True,57.21,,2.0,44.87,57.21,40.86,31.86,26.12,21.9,35.84,50.79,53.16,50.19,36.43
1680873,HFFG,HF Foods Group Inc.,1.58,137815.5,False,57.09,,2.0,42.17,45.97,42.29,47.13,51.86,57.09,31.35,50.79,34.35,7.1,34.23
1828108,AUR,"Aurora Innovation, Inc. ",5.83,168291467.81,True,57.09,,2.0,50.82,52.01,54.47,57.09,55.54,42.26,56.05,91.98,86.75,92.45,68.71
1269238,TCOM,Trip.com Group Limited,38.9,113291467.39,True,57.06,,1.0,22.32,50.88,55.87,57.06,54.74,49.81,94.65,90.49,77.65,50.19,16.79
1979407,ORKT,Orangekloud Technology Inc.,1.01,101400.8,False,57.03,,2.0,52.15,23.86,28.77,36.02,43.0,57.03,29.66,50.79,53.16,87.82,32.21
1607678,VKTX,"Viking Therapeutics, Inc.",28.51,67207426.46,True,56.91,,2.0,48.89,56.91,40.48,32.48,28.83,26.06,38.37,50.79,14.74,50.19,40.62
1678660,PRLD,Prelude Therapeutics Incorporated,3.89,1777200.99,False,56.85,,3.0,67.25,44.1,51.35,55.69,56.85,55.16,25.23,50.79,84.9,32.51,99.47
1809616,UPC,Universe Pharmaceuticals Inc,4.15,183200.0,False,56.85,,3.0,71.35,53.05,45.85,44.52,46.45,56.85,38.6,50.79,53.16,72.54,38.16
1088856,CORT,Corcept Therapeutics Incorporated,121.19,100861332.73,True,56.82,,1.0,10.37,54.38,56.82,54.65,50.88,43.8,62.62,6.78,29.51,4.93,81.34
1516899,YTRA,"Yatra Online, Inc.",0.91,23425.5,False,56.79,,3.0,57.38,26.57,36.02,47.31,53.49,56.79,45.05,13.97,31.14,82.23,29.57
1994702,KYTX,"Kyverna Therapeutics, Inc.",6.39,5626018.44,True,56.79,,2.0,52.39,37.18,44.99,54.77,56.79,49.51,57.65,50.79,86.27,6.42,67.67
2133719,NSAI,NorthStrive Acquisition Corp I.,9.87,41454.0,False,56.73,,3.0,65.41,44.67,49.06,51.89,54.8,56.73,51.04,50.79,53.16,50.19,49.63
2122392,PLCI,Pelican Acquisition II Corporation,9.92,4945.0,False,56.73,,3.0,69.21,44.67,49.06,51.89,54.8,56.73,51.04,50.79,53.16,50.19,49.63
1158463,JBLU,JetBlue Airways Corporation,3.84,109709915.81,False,56.73,,2.0,48.05,56.73,37.33,30.37,23.06,21.78,31.53,0.24,83.27,18.01,46.42
2078653,RNGT,Range Capital Acquisition Corp II,10.19,0.0,False,56.73,,1.0,12.72,44.67,49.06,51.89,54.8,56.73,51.04,50.79,53.16,50.19,49.63
874866,CRVL,CorVel Corp.,77.16,11944621.15,True,56.7,,1.0,1.22,51.08,55.99,56.7,55.48,50.25,75.69,93.37,22.88,94.95,43.86
814586,LWAY,"Lifeway Foods, Inc.",22.16,2760742.05,True,56.61,,1.0,27.55,42.97,52.69,55.1,53.94,56.61,64.07,14.71,77.68,18.07,51.98
1903508,PPHC,"Public Policy Holding Company, Inc.",11.13,1244302.49,True,56.58,,2.0,37.98,30.04,41.99,49.3,55.22,56.58,61.1,50.79,72.07,20.45,50.16
2076163,SVIA,"Silvia, Inc.",3.75,2553207.95,False,56.55,,4.0,78.81,56.55,40.15,36.05,34.62,31.44,51.04,50.79,87.49,50.19,7.88
1401040,DMAC,DiaMedica Therapeutics Inc.,8.33,1169764.0,True,56.55,,2.0,48.23,41.1,46.45,52.54,55.57,56.55,38.99,50.79,32.1,79.73,52.15
1838716,GNTA,Genenta Science S.p.A.,0.71,50776.5,False,56.52,,4.0,81.46,42.47,41.9,42.62,46.21,56.52,51.04,50.79,53.16,50.19,16.37
2073515,ARCL,ARC Group Acquisition I Corp,10.0,1989.0,False,56.4,,2.0,51.35,36.94,42.11,48.29,56.4,56.02,51.04,87.93,9.18,50.19,57.44
2083632,OCTV,Octave Intelligence plc,20.52,33252865.11,True,56.37,,2.0,38.99,25.65,36.11,47.76,54.59,56.37,39.85,50.79,53.16,50.19,52.07
1690585,DNTH,"Dianthus Therapeutics, Inc.",82.37,77839846.23,True,56.37,,3.0,72.01,56.37,31.53,19.91,14.92,12.24,13.11,50.79,38.84,29.84,93.16
2134856,XTER,Karman Line Acquisition Corp.,9.79,88290.0,False,56.29,,3.0,61.84,47.37,49.72,51.95,54.41,56.29,51.04,50.79,53.16,50.19,49.27
1633369,CAST,"FreeCast, Inc.",1.16,803878.48,False,56.26,,4.0,80.62,41.49,41.16,40.89,48.2,56.26,30.34,98.01,72.57,96.52,56.88
1873875,IXHL,Incannex Healthcare Inc.,3.2,262668.01,False,56.23,,3.0,60.33,25.35,30.88,40.77,47.1,56.23,27.9,50.79,99.58,2.23,17.21
1888274,DEFT,"Defi Technologies, Inc.",0.47,905525.85,False,56.2,,3.0,68.97,56.2,39.2,31.08,28.8,30.22,42.38,85.05,53.16,73.37,7.73
1873454,RYET,Ruanyun Edai Technology Inc.,0.92,20696.0,False,56.14,,3.0,66.33,16.7,25.65,36.49,42.85,56.14,32.6,50.79,53.16,95.51,33.46
796505,CLFD,"Clearfield, Inc.",34.01,4769355.31,True,56.11,,2.0,37.62,33.37,37.56,43.45,48.08,56.11,32.51,50.79,84.07,98.4,43.0
1049521,MRCY,Mercury Systems Inc,78.52,53208187.72,True,56.08,,2.0,34.09,56.08,34.32,24.61,20.03,15.96,45.82,50.79,5.02,8.5,54.77
2010930,ALF,Centurion Acquisition Corp.,10.92,1081.0,False,56.02,,3.0,64.87,43.45,47.01,51.14,56.02,46.27,26.39,50.79,65.2,50.19,65.23
1821866,BTQ,BTQ Technologies Corp.,2.68,5647938.15,False,55.99,,3.0,73.43,55.99,38.93,31.44,28.56,29.87,51.04,50.79,53.16,50.19,7.31
31667,EDUC,Educational Development Corporation,1.3,92941.0,False,55.99,,3.0,58.4,43.12,49.33,54.62,55.99,48.92,25.65,93.08,71.26,85.32,60.36
2099093,HCIC,Hennessy Capital Investment Corp. VIII,10.04,0.0,False,55.96,,1.0,12.93,38.25,44.22,46.86,48.14,55.96,51.04,50.79,41.63,50.19,53.14
1743881,BBIO,"BridgeBio Pharma, Inc.",65.35,174227461.66,True,55.96,,2.0,32.3,55.96,43.95,34.47,30.73,20.92,27.96,16.46,16.02,4.13,69.63
1075531,BKNG,Booking Holdings Inc.,160.34,1108687233.77,True,55.87,,1.0,16.67,35.42,41.25,47.85,51.38,55.87,40.89,12.04,37.5,50.19,44.31
1069258,KTOS,"Kratos Defense & Security Solutions, Inc.",42.36,184717424.31,True,55.87,,2.0,51.59,55.87,46.42,41.6,40.03,38.54,85.62,7.34,40.68,50.19,12.33
2064953,SOLS,Solstice Advanced Materials Inc.,61.35,143397565.11,True,55.84,,1.0,27.1,41.16,47.85,51.71,50.85,55.84,78.78,50.79,31.89,91.0,40.8
769397,ADSK,"Autodesk, Inc.",235.35,447159002.14,True,55.81,,1.0,18.87,36.08,40.8,47.22,47.67,55.81,81.6,98.07,15.96,78.19,25.41
1962481,BOF,BranchOut Food Inc.,3.46,66951.75,False,55.81,,4.0,81.19,55.81,30.79,21.37,18.01,18.69,6.81,50.79,37.41,99.85,97.56
1357874,DTIL,"Precision BioSciences, Inc.",6.72,1837585.01,True,55.78,,2.0,51.14,32.01,45.11,52.93,54.06,55.78,38.25,14.47,84.22,50.19,80.62
1333493,EHTH,"eHealth, Inc.",0.7,281272.0,False,55.69,,3.0,70.91,15.66,24.16,37.74,44.4,55.69,41.37,13.11,36.2,13.37,16.67
1660046,IMRN,Immuron Limited,1.11,37296.0,False,55.6,,3.0,74.89,31.32,36.79,44.16,51.11,55.6,51.04,50.79,53.16,89.96,34.32
1326801,META,"Meta Platforms, Inc.",720.89,10534648192.16,True,55.54,,1.0,11.05,55.54,44.78,35.07,26.6,23.48,60.3,2.38,21.01,24.55,35.66
2078416,LLYVK,"Liberty Live Holdings, Inc.",98.2,27902281.83,True,55.51,,1.0,18.01,54.92,55.51,52.57,47.93,40.77,65.14,50.79,87.76,70.55,58.19
719733,KTCC,Key Tronic Corporation,2.12,49656.0,False,55.48,,2.0,50.76,42.73,38.51,40.65,46.72,55.48,25.79,90.73,70.1,88.5,43.24
1408534,FGBI,"First Guaranty Bancshares, Inc.",8.34,136958.5,False,55.45,,3.0,65.14,39.97,46.69,54.09,55.45,54.26,59.58,50.79,88.47,30.13,49.36
922621,ERIE,Erie Indemnity Company,222.04,52089415.21,True,55.42,,1.0,20.36,53.37,55.42,53.25,48.32,49.93,89.66,16.43,34.71,50.19,29.72
1666071,CDLX,"Cardlytics, Inc.",2.06,147652.0,False,55.39,,4.0,79.52,51.05,47.96,46.09,52.57,55.39,66.03,50.79,7.37,79.02,13.22
1381640,MLCO,Melco Resorts & Entertainment Limited,4.17,8145664.67,False,55.36,,2.0,30.49,55.36,53.49,50.73,50.1,47.13,82.08,14.59,65.94,50.19,21.96
1831651,SHLS,"Shoals Technologies Group, Inc.",8.74,36306277.48,True,55.3,,2.0,33.58,34.29,39.29,47.07,55.3,54.89,64.87,50.79,71.62,91.98,38.25
1758009,QUBT,Quantum Computing Inc.,7.44,62766002.51,True,55.27,,2.0,54.68,55.27,35.51,25.65,19.88,19.14,43.24,2.73,84.61,92.81,9.21
1754170,ASLE,AerSale Corporation,5.08,2166187.88,True,55.27,,2.0,44.28,34.32,37.95,47.64,51.41,55.27,57.92,50.79,26.57,25.59,36.26
1795251,NNOX,NANO-X IMAGING LTD,0.54,738230.58,False,55.22,,4.0,75.84,55.22,38.84,31.32,27.22,26.92,25.88,50.79,92.81,50.19,2.94
101594,BSIN,Big Sky Industrial Inc.,1.46,1314035.99,False,55.19,,3.0,55.48,30.7,37.62,43.18,49.54,55.19,28.05,50.79,16.08,92.3,89.39
1498403,BLRX,BioLineRx Ltd.,2.22,25506.0,False,55.07,,3.0,61.25,55.07,45.05,39.67,37.98,38.22,41.81,50.79,53.16,50.19,27.93
1161728,MGEE,MGE Energy Inc.,70.73,12139010.26,True,55.04,,1.0,12.24,55.04,49.54,42.56,43.74,47.4,81.07,50.79,10.82,83.74,41.46
723612,CAR,"Avis Budget Group, Inc.",105.98,44880101.47,True,55.01,,2.0,54.09,55.01,47.22,45.47,45.35,50.04,40.86,10.73,14.92,68.68,39.91
1592560,VSA,VisionSys AI Inc.,1.94,65752.5,False,54.95,,4.0,80.18,54.95,36.37,27.79,23.98,22.44,83.51,50.79,18.13,50.19,0.09
1656472,CRON,Cronos Group Inc.,3.23,3040751.89,False,54.92,,1.0,14.44,54.65,53.94,50.55,54.92,45.88,82.5,88.32,5.17,14.92,72.81
1649904,RYTM,"Rhythm Pharmaceuticals, Inc.",90.78,63625760.85,True,54.89,,2.0,40.56,54.89,43.71,33.82,27.1,21.69,34.06,14.95,37.06,3.57,49.39
1985337,YFOR,YYForce Inc.,1.0,477565.02,False,54.86,,4.0,80.86,54.86,34.0,24.81,23.6,26.09,58.25,95.93,53.16,87.1,0.27
1859392,GLXY,Galaxy Digital Inc.,20.08,119728454.5,True,54.74,,2.0,51.65,54.74,34.56,20.15,15.75,14.83,64.31,87.9,16.67,0.3,16.64
1637810,FSV,FirstService Corporation,129.73,27010812.03,True,54.65,,1.0,16.43,34.18,37.8,45.77,50.46,54.65,41.99,94.32,53.16,75.01,37.74
1144879,APLD,Applied Digital Corporation,23.68,457928144.54,True,54.62,,2.0,41.46,54.62,34.59,23.06,19.38,17.41,36.79,50.79,72.15,50.19,27.61
1342423,LMNR,Limoneira Co,12.05,1031044.99,True,54.62,,2.0,39.02,35.78,41.84,49.18,52.75,54.62,40.59,50.79,36.67,50.19,48.11
2095591,AIOK,AI OKTO CORP.,8.7,900606.58,False,54.58,,2.0,50.13,54.34,52.76,52.02,53.18,54.58,51.04,50.79,53.16,50.19,48.69
2141406,ACCV,Accelevation Holdings Corp.,16.72,28263452.71,True,54.58,,2.0,33.31,54.34,52.76,52.02,53.18,54.58,51.04,50.79,53.16,50.19,48.69
1855644,ZURA,Zura Bio Limited,4.0,6000943.49,False,54.53,,3.0,71.11,54.53,44.93,38.48,33.19,32.51,25.56,50.79,33.64,19.35,74.95
718937,STAA,STAAR Surgical Company,21.67,18442009.23,True,54.5,,2.0,38.04,54.5,42.59,33.85,30.91,27.01,56.61,50.79,19.32,50.19,36.91
1898643,MOB,Mobilicom Limited,3.94,472033.01,False,54.47,,3.0,65.17,54.47,43.0,36.52,34.53,36.08,38.34,50.79,53.16,50.19,24.55
1697818,AMBR,Amber International Holding Limited,1.88,57220.0,False,54.47,,3.0,70.97,23.36,30.67,39.32,44.96,54.47,58.16,50.79,30.76,71.92,19.41
1570562,EOLS,"Evolus, Inc.",7.73,5426942.9,True,54.47,,2.0,45.35,35.57,45.17,50.31,54.47,51.23,37.89,50.79,64.07,25.14,78.25
1825349,CHSN,Chanson International Holding,1.06,49399.0,False,54.38,,3.0,74.23,33.4,35.25,39.38,43.95,54.38,69.42,50.79,53.16,50.19,2.14
2018064,TTGT,"TechTarget, Inc.",3.94,1308511.5,False,54.32,,2.0,49.87,16.23,26.18,36.23,44.7,54.32,32.9,99.44,53.16,24.84,34.47
1661998,QTTB,Q32 Bio Inc.,8.34,7523113.15,True,54.29,,4.0,84.7,54.29,48.47,48.53,43.6,38.07,21.52,50.79,80.8,50.19,99.32
63296,MATW,Matthews International Corporation,19.31,14913672.76,True,54.29,,2.0,33.64,44.16,47.52,50.25,54.29,53.88,36.88,50.79,69.36,71.35,50.1
1167419,RIOT,"Riot Platforms, Inc.",16.89,333102678.45,True,54.26,,2.0,53.05,54.26,27.34,18.69,14.98,13.19,26.33,12.84,10.4,14.06,43.68
1098146,PNBK,Patriot National Bancorp Inc.,0.88,164102.49,False,54.18,,3.0,66.95,54.18,43.42,37.21,36.29,35.16,27.28,92.75,28.35,7.7,38.78
1662991,SEZL,Sezzle Inc.,128.64,66171636.89,True,54.15,,2.0,47.88,40.53,49.51,50.67,54.15,52.48,61.28,7.28,15.84,91.38,84.49
882095,GILD,"Gilead Sciences, Inc.",147.1,777132609.22,True,54.12,,1.0,0.51,54.12,53.14,46.0,36.14,26.66,59.08,16.02,18.51,4.55,66.42
1262104,LITS,"Lite Strategy, Inc.",1.27,192669.0,False,54.06,,4.0,76.67,41.93,37.3,39.02,43.3,54.06,25.91,50.79,96.94,75.27,23.39
20212,CHDN,"Churchill Downs, Incorporated",79.96,83306462.09,True,54.03,,1.0,15.39,43.09,48.92,51.5,50.52,54.03,71.11,0.77,89.15,31.35,42.41
2091222,SAAQ,Space Asset Acquisition Corp.,10.08,59102.0,False,54.0,,1.0,16.37,41.04,46.54,49.63,52.72,54.0,51.04,50.79,53.16,50.19,49.03
2107968,WQEY,WISeQey Corp,8.61,1096703.98,True,54.0,,2.0,48.68,54.0,50.16,48.62,48.53,50.34,51.04,98.4,53.16,19.82,48.69
1899005,BMR,Beamr Imaging Ltd.,1.77,48848.0,False,53.82,,3.0,62.91,13.49,23.8,36.73,44.93,53.82,21.93,50.79,93.61,50.19,31.38
1374339,PMN,ProMIS Neurosciences Inc.,9.61,464674.01,False,53.79,,2.0,53.25,25.74,34.12,43.06,53.79,50.49,23.8,50.79,90.04,9.3,73.34
2014337,NPT,Texxon Holding Limited,2.41,51880.0,False,53.79,,3.0,74.0,41.43,42.94,45.68,49.3,53.79,29.57,50.79,53.16,50.19,57.36
1674930,FLGT,"Fulgent Genetics, Inc.",21.74,5528468.88,True,53.76,,2.0,42.73,35.99,42.7,50.7,53.76,46.45,44.9,50.79,33.52,17.53,45.26
1400438,LGO,Largo Inc.,0.47,300304.5,False,53.76,,3.0,68.71,25.62,30.1,36.4,42.56,53.76,69.9,50.79,53.16,87.28,15.01
1930179,ARBB,ARB IOT Group Limited,4.37,8429.35,False,53.76,,2.0,52.27,53.76,45.74,40.8,39.88,40.24,44.7,50.79,53.16,50.19,29.06
911177,CWST,"Casella Waste Systems, Inc.",83.78,46564253.56,True,53.73,,1.0,14.56,47.4,47.93,53.73,49.15,50.88,63.36,12.07,82.91,77.41,47.22
1743340,TC,Token Cat Limited,1.55,239355.5,False,53.7,,4.0,81.69,53.7,35.04,24.7,19.91,18.63,79.52,50.79,53.16,50.19,0.24
1280263,AMBA,"Ambarella, Inc.",67.43,94254191.29,True,53.67,,2.0,37.21,53.67,48.53,43.03,40.0,36.58,76.64,15.51,11.26,89.36,40.56
1434524,CLIR,ClearSign Technologies Corporation,3.21,41925.0,False,53.67,,3.0,56.97,48.95,40.83,40.98,45.79,53.67,26.51,94.71,99.17,89.72,25.97
1357459,PALI,"Palisade Bio, Inc.",1.54,3749797.89,False,53.61,,3.0,60.03,28.26,37.71,46.6,52.01,53.61,39.79,50.79,88.77,5.41,62.79
917273,RMBS,"Rambus, Inc.",107.47,185044647.82,True,53.58,,2.0,36.7,53.58,34.83,22.59,19.52,17.8,34.03,9.57,10.28,85.59,39.67
1438569,GRFS,"Grifols, S.A.",7.41,3434009.99,True,53.55,,1.0,18.4,35.75,42.73,48.35,52.07,53.55,51.04,90.28,53.16,50.19,42.82
1716770,WAFU,Wah Fu Education Group Limited,1.45,48928.5,False,53.52,,2.0,39.26,28.32,36.73,46.24,49.27,53.52,31.74,50.79,53.16,18.87,46.09
1400118,SGMT,Sagimet Biosciences Inc.,8.93,10331670.88,True,53.52,,2.0,49.81,53.52,41.63,35.78,32.24,28.23,35.3,50.79,8.41,16.43,81.43
1807389,CPOP,"Pop Culture Group Co., Ltd",2.84,159467.7,False,53.49,,3.0,71.65,53.49,40.33,34.74,36.91,52.57,58.84,50.79,53.16,83.77,1.99
1772177,KRUS,"Kura Sushi USA, Inc.",40.53,8631746.95,True,53.43,,2.0,38.42,53.43,48.23,45.74,46.36,44.28,63.45,50.79,70.85,50.19,32.63
2098242,SVIV,Spring Valley Acquisition Corp. IV,10.09,2564.0,False,53.4,,1.0,19.41,44.22,48.05,49.78,51.98,53.4,51.04,50.79,53.16,50.19,48.5
1939965,SLMT,Brera Holdings PLC,3.07,191960.0,False,53.4,,4.0,79.7,53.4,35.87,27.9,23.77,27.04,51.04,50.79,30.91,17.21,0.51
2097702,GOW,GOWell Energy Technology,3.95,203121.0,False,53.31,,3.0,74.41,31.62,38.66,45.97,49.99,53.31,51.04,50.79,53.16,50.19,40.21
1649094,PCVX,"Vaxcyte, Inc.",71.38,63142628.37,True,53.31,,2.0,35.81,32.36,38.57,50.22,53.31,40.39,33.49,50.79,82.26,83.54,76.7
1974044,MNY,MoneyHero Limited,0.66,8977.0,False,53.28,,3.0,63.54,43.54,44.16,46.57,47.4,53.28,56.7,50.79,31.03,75.96,27.01
1018164,WLFC,Willis Lease Finance Corporation,40.88,12338387.23,True,53.25,,2.0,35.39,53.25,35.13,31.35,27.64,21.99,59.26,13.28,4.46,16.46,77.8
1595974,MGNI,"Magnite, Inc.",25.45,47270334.03,True,53.25,,1.0,14.35,49.36,53.25,51.26,51.95,42.05,76.73,50.79,6.15,7.46,76.94
1949257,RADX,Radiopharm Theranostics Limited,1.13,103099.0,False,53.22,,3.0,67.9,53.22,38.01,29.24,23.51,21.4,44.34,50.79,53.16,1.87,7.04
1529274,ALKT,"Alkami Technology, Inc.",14.29,21845877.72,True,53.22,,2.0,37.74,36.55,44.04,47.34,53.22,47.04,40.56,97.62,25.08,15.75,40.33
2002236,SPHL,Springview Holdings Ltd,2.31,28519.5,False,53.19,,3.0,72.48,34.03,36.55,41.01,45.11,53.19,39.26,50.79,53.16,50.19,25.56
2123613,KARD,"Kardigan, Inc.",14.67,6305941.94,True,53.11,,2.0,38.93,53.11,48.29,46.42,44.46,42.97,51.04,50.79,78.78,50.19,42.91
1371285,TRUP,"Trupanion, Inc.",26.06,10810070.26,True,53.11,,2.0,34.06,29.33,40.51,49.87,53.11,51.71,77.38,91.5,35.27,21.87,25.65
1173382,CAE,CAE Inc,23.74,17561022.19,True,53.11,,1.0,21.84,50.73,49.9,49.51,51.14,53.11,51.04,50.79,53.16,50.19,45.17
2000410,EURK,Eureka Acquisition Corp,11.5,5885.75,False,53.02,,4.0,86.6,41.55,42.85,47.67,53.02,47.07,19.52,50.79,64.9,50.19,74.18
1682241,MATH,Metalpha Technology Holding Limited,0.94,30037.0,False,52.99,,4.0,76.7,52.99,37.09,31.2,28.92,30.49,40.71,50.79,66.12,81.63,5.62
1828316,PHAR,Pharming Group N.V.,9.79,131918.5,False,52.96,,2.0,47.31,37.36,42.2,46.27,49.33,52.96,57.0,50.79,53.16,50.19,39.7
1780312,ASTS,"AST SpaceMobile, Inc.",50.97,680146663.31,True,52.93,,2.0,52.87,52.93,30.19,18.9,16.43,17.71,29.87,2.59,70.43,91.86,22.2
1400891,IHRT,"iHeartMedia, Inc.",1.97,1497107.73,False,52.93,,3.0,55.54,38.48,47.31,51.23,52.3,52.93,38.42,89.39,37.89,50.19,63.74
1639877,GSM,Ferroglobe PLC,4.19,4826135.14,False,52.9,,2.0,49.36,52.9,51.11,50.43,51.32,52.87,45.35,50.79,39.64,50.19,44.34
1895597,ICG,Intchains Group Limited,1.01,20467.5,False,52.9,,3.0,64.7,21.16,32.24,44.13,49.09,52.9,42.53,50.79,32.81,50.19,30.73
1421876,LKFT,Lakefront Biotherapeutics,29.73,6454370.85,True,52.84,,1.0,10.19,34.23,39.97,46.18,49.72,52.84,51.04,50.79,53.16,50.19,40.12
1433195,APPF,"AppFolio, Inc.",202.2,68018159.59,True,52.84,,1.0,17.65,52.84,45.02,38.6,33.52,31.03,41.43,94.41,29.9,16.05,38.84
1082554,UTHR,United Therapeutics Corporation,549.16,248033721.45,True,52.84,,1.0,1.4,52.3,52.84,52.45,47.99,40.86,77.33,96.32,10.46,4.43,59.85
1178253,SCYX,"SCYNEXIS, Inc.",4.08,311398.99,False,52.78,,3.0,58.37,52.78,35.19,33.67,40.27,40.0,24.07,50.79,7.88,92.99,42.08
1934642,MDBH,"MDB Capital Holdings, LLC",2.05,4677.0,False,52.75,,3.0,63.63,52.75,42.02,38.13,38.9,42.7,24.55,50.79,38.19,71.98,40.15
785956,JJSF,J & J Snack Foods Corp.,81.13,16476131.91,True,52.75,,1.0,14.41,37.24,44.61,50.88,52.27,52.75,76.94,13.91,15.87,50.19,43.42
1966750,ZBAO,Zhibao Technology Inc.,0.06,11813501.84,False,52.63,,3.0,63.33,23.21,25.47,31.92,41.1,52.63,20.59,15.78,76.32,93.73,63.42
1872529,MDXH,MDxHealth SA,0.58,149284.6,False,52.54,,4.0,81.99,24.43,32.36,41.1,44.78,52.54,59.52,50.79,87.7,50.19,6.18
1867729,WRD,WeRide Inc.,4.81,12573620.7,False,52.54,,2.0,47.64,52.54,43.98,40.27,42.29,51.35,51.04,7.22,38.81,98.19,24.75
1084554,LTBR,Lightbridge Corporation,6.07,4797455.05,True,52.51,,3.0,55.13,52.51,39.05,40.03,39.73,45.38,60.77,50.79,80.03,85.53,11.77
1826667,TLSI,"TriSalus Life Sciences, Inc.",4.06,782137.52,False,52.36,,3.0,67.31,52.36,37.03,34.77,32.69,32.04,19.38,50.79,25.88,27.96,64.22
1836470,SRAD,Sportradar Group AG,12.49,26328811.05,True,52.33,,2.0,41.4,21.69,31.44,41.4,46.15,52.33,51.04,50.79,32.9,50.19,26.39
1781397,EEIQ,EpicQuest Education Group International Limited,4.91,28964.5,False,52.33,,3.0,69.45,52.33,47.82,44.43,45.32,47.7,70.1,50.79,75.19,50.19,25.05
789019,MSFT,Microsoft Corporation,522.61,11078671419.64,True,52.27,,1.0,3.09,52.27,50.25,45.91,38.16,36.79,77.65,87.37,15.33,79.97,41.28
2147219,RNAQ,Rainier Acquisition Corporation,10.02,22641.0,False,52.27,,3.0,67.22,46.51,48.17,48.68,50.58,52.27,51.04,50.79,24.56,50.19,49.21
1806310,TSHA,"Taysha Gene Therapies, Inc.",4.49,14708332.55,False,52.21,,3.0,55.57,52.21,43.51,36.46,30.04,26.86,35.63,50.79,37.59,10.49,50.46
1997201,PSIG,PS International Group Ltd.,5.1,220837.0,False,52.18,,3.0,60.83,13.61,21.87,33.4,41.13,52.18,26.09,50.79,53.16,50.19,43.77
2001288,PN,PN Smart Energy Limited,2.46,386034.26,False,52.15,,3.0,70.13,41.78,37.38,37.0,40.39,52.15,57.24,50.79,53.16,76.58,7.9
2026514,NAMM,Namib Minerals,1.14,574985.01,False,52.15,,3.0,66.63,52.15,38.31,34.18,32.48,36.4,43.54,96.17,53.16,97.8,15.69
1083301,WULF,TeraWulf Inc.,13.77,494654325.91,True,52.12,,2.0,44.93,52.12,26.72,17.41,15.19,14.98,22.02,95.45,10.37,84.7,63.51
1534120,AVTX,"Avalo Therapeutics, Inc.",13.65,14340655.95,True,52.1,,3.0,60.42,52.1,34.44,25.05,20.42,20.74,21.28,50.79,38.72,25.32,64.67
2025416,OWLS,OBOOK Holdings Inc.,5.36,114154.0,False,52.04,,2.0,51.56,52.04,48.5,41.25,41.55,43.63,36.58,50.79,42.5,26.72,48.38
1589061,GYRO,"Gyrodyne , LLC",4.7,7811.5,False,52.04,,2.0,50.25,26.12,34.65,42.79,47.64,52.04,66.33,87.07,53.16,50.19,24.43
1075124,TRI,Thomson Reuters Corp,103.21,145288581.83,True,52.01,,1.0,24.22,23.33,35.6,44.07,48.17,52.01,45.11,2.41,53.16,77.5,33.34
1414767,NCPL,Netcapital Inc.,1.14,185790.5,False,51.98,,5.0,96.94,51.98,41.81,38.57,39.67,46.6,36.7,96.82,53.16,20.71,12.84
2065601,CBC,"Central Bancompany, Inc.",32.42,23339272.83,True,51.98,,1.0,3.27,38.69,46.15,48.86,51.03,51.98,67.67,50.79,74.92,16.91,50.34
1855612,GRAB,Grab Holdings Limited,3.11,150243527.22,False,51.95,,2.0,41.07,36.23,40.45,42.73,45.82,51.95,58.9,85.14,28.56,50.19,24.84
883975,MBOT,Microbot Medical Inc. ,1.07,786635.01,False,51.92,,3.0,67.19,51.92,40.68,37.98,35.72,38.25,37.92,50.79,85.3,73.82,24.31
1868159,LINE,"Lineage, Inc.",34.43,35835734.22,True,51.89,,1.0,14.68,51.89,48.89,42.85,39.76,37.27,70.31,15.69,19.11,23.03,44.96
1404281,ELDN,"Eledon Pharmaceuticals, Inc.",2.48,2784738.04,False,51.89,,3.0,65.32,49.45,51.32,51.2,51.89,49.0,65.82,50.79,73.43,12.6,59.94
2027722,GRAN,Grande Group Limited,1.17,3747.75,False,51.74,,4.0,76.37,11.74,19.14,31.5,40.56,51.74,29.18,50.79,53.16,50.19,24.73
1577445,ODYS,Odysight.ai Inc.,2.55,53794.5,False,51.68,,3.0,65.05,51.68,42.14,37.56,38.57,35.84,21.13,50.79,99.02,50.19,48.17
1758730,TW,Tradeweb Markets Inc.,111.08,124148888.64,True,51.68,,1.0,5.08,39.94,47.99,51.68,48.11,48.38,86.57,14.98,14.32,22.11,41.9
798354,FISV,"Fiserv, Inc.",45.63,307464165.35,True,51.62,,1.0,28.83,23.12,32.51,39.64,43.42,51.62,39.47,2.53,81.28,27.1,19.88
1839341,CORZ,"Core Scientific, Inc.",15.41,196537291.36,True,51.59,,2.0,35.13,51.59,31.11,23.3,22.02,16.7,25.14,12.9,98.25,18.48,40.53
1441816,MDB,"MongoDB, Inc.",371.35,609385277.48,True,51.56,,1.0,24.99,51.56,49.6,49.93,47.49,44.13,63.8,98.57,21.6,73.43,61.37
1864163,INTR,Inter & Co. Inc.,7.24,23902222.66,True,51.53,,2.0,33.49,20.71,32.48,43.66,49.45,51.53,51.04,93.76,53.16,50.19,34.65
1920294,RZLV,Rezolve AI PLC,1.91,21452119.61,False,51.53,,3.0,66.12,51.53,36.43,29.15,28.26,26.51,39.88,50.79,41.01,29.54,13.76
2060016,AGCC,Agencia Comercial Spirits Ltd,15.44,293145.0,False,51.5,,2.0,53.08,38.63,45.88,50.34,51.5,50.1,59.02,50.79,53.16,50.19,48.05
882835,ROP,"Roper Technologies, Inc.",364.09,276131113.69,True,51.41,,1.0,7.88,49.48,51.41,48.83,44.25,47.01,82.85,11.71,17.38,76.32,29.18
1780652,CAN,Canaan Inc.,0.3,2698268.08,False,51.35,,4.0,78.22,51.35,28.65,17.8,15.1,14.71,76.67,2.2,12.99,19.02,2.47
1861737,HSAI,Hesai Group,16.01,20806643.13,True,51.32,,2.0,37.36,35.54,40.09,44.84,47.31,51.32,73.79,4.46,53.16,96.23,34.03
57515,MZTI,The Marzetti Company,102.19,37918444.64,True,51.29,,1.0,20.03,40.27,45.79,48.26,46.27,51.29,81.72,50.79,19.49,50.19,25.44
1841408,DAVE,Dave Inc. ,368.42,125968975.52,True,51.29,,1.0,27.58,49.42,51.29,50.97,49.84,45.68,34.12,89.69,18.99,29.33,89.75
1023549,XTLB,XTL Biopharmaceuticals Ltd.,1.98,9517.0,False,51.29,,4.0,75.36,51.29,40.56,35.01,32.93,33.58,43.77,50.79,53.16,50.19,17.74
1777921,AVPT,"AvePoint, Inc.",14.63,25056945.92,True,51.29,,1.0,10.07,39.47,46.84,51.29,50.22,48.8,75.22,50.79,25.29,7.01,38.51
1993004,NWE,"NorthWestern Energy Group, Inc. ",74.15,28555952.07,True,51.26,,1.0,0.68,41.22,45.5,49.06,51.26,46.78,35.01,4.78,85.3,85.71,71.32
2023658,BCAX,Bicara Therapeutics Inc.,17.5,13011130.94,True,51.26,,2.0,49.3,51.26,47.76,44.49,43.71,35.25,33.7,50.79,77.03,22.23,74.32
2057463,GLIBK,Liberty Capital Corporation,23.59,8305321.19,True,51.23,,2.0,30.46,34.89,40.62,48.17,51.23,50.67,57.56,50.79,37.15,50.19,30.88
1976908,JDZG,JIADE LIMITED,5.79,735078.01,False,51.2,,3.0,64.4,9.78,16.82,27.22,36.61,51.2,32.27,50.79,53.16,50.19,8.8
2042347,SPTX,"Seaport Therapeutics, Inc.",18.15,2916175.0,True,51.11,,2.0,42.76,51.11,47.49,43.95,40.86,39.88,51.04,50.79,53.16,69.27,43.48
1856084,RDGT,"Ridgetech, Inc.",1.01,132744.0,False,51.11,,3.0,68.08,8.35,15.48,26.03,39.49,51.11,27.7,50.79,72.1,98.42,9.33
1816590,CMPS,COMPASS Pathways Plc,12.0,32425670.43,True,51.08,,2.0,50.97,50.07,50.01,48.95,51.08,40.71,28.5,88.44,76.11,5.47,95.51
1636222,WING,Wingstop Inc.,122.26,142732614.39,True,51.03,,2.0,34.8,30.94,43.27,50.1,49.51,51.03,86.6,90.85,92.57,6.18,16.82
1026980,APWC,Asia Pacific Wire & Cable Corporation Limited ,1.38,8688.0,False,50.97,,3.0,63.83,23.8,33.34,41.37,46.03,50.97,44.07,50.79,53.16,50.19,34.18
1957413,DCX,Digital Currency X Technology Inc.,2.73,71656.0,False,50.97,,4.0,78.42,50.97,37.59,32.78,31.5,44.52,27.34,50.79,96.4,23.98,3.57
1354866,BYRN,"Byrna Technologies, Inc.",4.52,1654978.97,False,50.97,,3.0,65.97,16.11,27.19,42.41,50.97,49.69,38.54,50.79,87.79,8.71,8.68
1133416,GALT,Galectin Therapeutics Inc.,3.64,1118208.99,False,50.94,,3.0,69.78,50.94,42.17,37.89,35.9,35.75,30.49,50.79,41.6,23.63,39.41
1885827,VRAX,Virax Biolabs Group Limited,1.87,136269.0,False,50.91,,4.0,80.68,50.91,34.98,26.69,24.1,27.19,57.18,50.79,53.16,22.2,2.32
2024203,CAPN,Cayson Acquisition Corp,11.27,0.0,False,50.91,,4.0,84.81,36.52,36.52,42.2,50.01,50.91,21.9,50.79,14.21,50.19,75.07
1916416,INTJ,Intelligent Group Limited,2.81,17307.7,False,50.76,,3.0,60.86,25.11,28.35,33.64,39.14,50.76,29.24,50.79,53.16,50.19,22.47
1998781,IBAC,IB Acquisition Corp.,10.88,1085.0,False,50.76,,4.0,86.18,42.67,45.32,46.66,50.76,49.09,24.01,50.79,13.25,50.19,71.2
1386570,NAGE,"Niagen Bioscience, Inc.",2.69,1542029.99,False,50.55,,2.0,39.61,50.55,45.08,45.17,45.68,40.59,77.77,50.79,12.78,28.5,16.32
1898416,ALVO,Alvotech,5.78,3771577.56,True,50.55,,2.0,44.52,22.41,31.89,40.33,45.56,50.55,56.91,50.79,53.16,50.19,32.45
1771885,QNTM,Quantum Biopharma Ltd.,2.94,414199.49,False,50.49,,4.0,77.15,50.49,36.29,28.68,25.26,25.02,44.16,13.05,53.16,68.77,4.07
1111485,RXST,"RxSight, Inc.",4.81,4227868.46,False,50.46,,3.0,62.97,24.99,31.8,38.4,41.34,50.46,32.04,50.79,29.84,81.81,42.59
1865631,NN,NextNav Inc.,12.35,36129762.87,True,50.43,,3.0,59.35,50.43,28.86,20.27,17.0,16.37,17.3,50.79,64.78,85.79,56.29
1856365,FINW,FinWise Bancorp,10.99,345254.51,False,50.4,,2.0,40.92,44.73,44.52,45.23,50.4,48.17,62.73,50.79,76.52,74.56,35.57
1913847,CNCK,Coincheck Group N.V.,1.35,74508.0,False,50.34,,3.0,73.16,50.34,42.5,38.66,37.12,41.4,51.04,50.79,31.0,50.19,15.3
1846839,STKE,Sol Strategies Inc.,1.53,222085.5,False,50.31,,3.0,74.35,50.31,37.0,30.91,28.86,30.46,51.04,50.79,53.16,50.19,6.95
1781174,ACRV,"Acrivon Therapeutics, Inc.",1.91,522732.5,False,50.22,,3.0,60.15,50.22,45.26,41.58,38.84,40.56,26.57,50.79,32.3,13.67,70.07
2097725,AIIR,Air Global PLC,7.44,55239.25,False,50.16,,3.0,64.61,36.97,42.05,43.48,46.51,50.16,51.04,50.79,31.66,50.19,32.66
25743,TXMD,"TherapeuticsMD, Inc.",2.06,33453.0,False,50.04,,4.0,88.83,36.4,38.6,45.35,50.04,44.01,12.1,50.79,65.32,76.43,99.61
886136,SGA,"Saga Communications, Inc.",8.36,93408.0,False,49.96,,2.0,52.84,38.96,38.4,46.06,47.16,49.96,35.54,97.95,26.09,92.9,38.13
1574235,PULM,"Pulmatrix, Inc.",1.46,20176.15,False,49.9,,3.0,61.16,39.82,37.53,39.23,42.11,49.9,39.41,50.79,53.16,84.78,20.0
1418135,KDP,Keurig Dr Pepper Inc.,31.76,339770995.98,True,49.84,,1.0,3.06,49.27,49.84,48.41,43.27,35.48,79.73,16.88,11.35,14.41,67.34
1841425,VGAS,"Verde Clean Fuels, Inc.",1.06,19869.0,False,49.84,,3.0,66.84,41.37,42.56,45.79,46.09,49.84,40.0,50.79,34.47,18.1,27.1
23197,CMTL,Comtech Telecommunications Corp.,1.18,515282.5,False,49.84,,4.0,85.56,49.84,35.96,30.64,30.25,37.18,28.14,50.79,22.11,89.99,19.76
2081468,MESH,Meshflow Acquisition Corp.,10.09,133124.5,False,49.78,,1.0,4.25,35.27,38.72,44.4,49.78,49.42,51.04,50.79,9.18,50.19,53.88
1657573,XMTR,"Xometry, Inc.",111.07,61400495.69,True,49.75,,2.0,30.58,45.2,49.75,48.38,47.25,43.57,65.56,50.79,12.18,24.87,89.18
1995075,MGN,Megan Holdings Limited,3.39,236580.5,False,49.72,,4.0,83.68,49.72,41.07,36.08,34.86,41.31,69.0,8.2,53.16,96.05,1.43
1495153,MMYT,MakeMyTrip Limited,43.53,38284621.21,True,49.66,,2.0,42.97,48.38,46.48,45.2,46.98,49.66,42.5,99.32,53.16,95.75,24.67
1326190,ALT,"Altimmune, Inc.",2.61,10844556.02,False,49.39,,3.0,58.6,49.39,37.83,23.98,20.86,20.62,26.63,16.55,80.59,4.7,37.8
1429260,FBIO,"Fortress Biotech, Inc.",2.13,1100138.97,False,49.39,,2.0,54.06,24.81,33.67,43.12,48.71,49.39,37.09,50.79,31.74,6.6,59.05
726958,CASY,"Caseys General Stores, Inc.",646.27,305641530.04,True,49.36,,1.0,20.98,45.29,49.36,47.88,42.94,39.64,76.2,89.12,18.25,50.19,59.35
1639825,PTON,"Peloton Interactive, Inc.",5.12,42147118.57,True,49.33,,1.0,28.65,34.68,42.32,46.33,47.43,49.33,83.95,7.58,36.85,16.37,29.09
2025218,DLXY,Delixy Holdings Limited,2.17,24714.5,False,49.27,,3.0,67.88,19.97,30.01,40.42,44.34,49.27,65.77,50.79,53.16,50.19,23.98
1455365,CGTX,"Cognition Therapeutics, Inc.",0.88,400770.74,False,49.24,,3.0,70.07,49.24,43.39,40.51,38.54,39.14,40.21,50.79,36.94,21.84,26.12
1847409,HITI,High Tide Inc.,2.61,1167496.52,False,49.24,,2.0,31.29,46.42,48.14,47.99,49.06,49.24,51.04,93.02,53.16,84.58,35.51
1828253,EVAX,Evaxion A/S,3.07,99447.5,False,49.21,,3.0,57.12,49.21,40.12,35.3,33.85,34.8,34.92,50.79,53.16,50.19,22.88
1658551,AMLX,"Amylyx Pharmaceuticals, Inc.",28.14,42261421.55,True,49.18,,3.0,60.68,46.3,48.8,45.65,49.18,32.9,63.92,11.32,8.11,3.24,93.7
2044009,XRPN,Armada Acquisition Corp. II,17.09,635937.98,False,49.18,,4.0,87.64,49.18,26.95,18.87,17.33,14.65,16.49,50.79,6.48,50.19,55.19
1447362,CSTL,"Castle Biosciences, Inc.",34.42,11088989.03,True,49.12,,3.0,61.52,49.12,34.47,25.85,22.08,17.33,15.01,50.79,38.04,26.39,78.93
1626878,XBIT,XBiotech Inc.,2.29,66122.0,False,49.06,,2.0,34.71,20.03,29.54,39.88,44.37,49.06,29.15,50.79,40.18,18.25,51.32
835011,MGPI,"MGP Ingredients, Inc.",13.77,3240547.9,True,49.0,,1.0,29.06,18.81,29.93,41.66,49.0,47.19,66.66,50.79,15.36,81.78,31.14
1580864,VRM,"Vroom, Inc.",9.31,56335.0,False,48.97,,3.0,55.9,17.06,27.61,38.04,48.97,46.81,42.2,93.97,7.22,70.4,25.5
2042022,WYFI,"WhiteFiber, Inc.",15.69,39145109.52,True,48.97,,2.0,51.53,48.97,30.58,22.94,21.55,19.38,29.93,50.79,87.9,78.25,20.83
1835597,PEPG,PepGen Inc.,2.62,1750735.98,False,48.95,,4.0,76.14,17.09,26.92,37.59,45.88,48.95,32.07,16.82,64.01,80.98,32.87
1614744,PPBT,Purple Biotech Ltd.,1.33,38909.0,False,48.92,,4.0,76.23,48.92,37.47,31.38,27.43,28.05,43.92,50.79,53.16,68.23,8.23
1792030,IMCC,IM Cannabis Corp.,1.72,161876.07,False,48.89,,4.0,82.53,48.89,34.71,28.08,26.57,30.43,51.04,50.79,53.16,98.51,0.71
2036973,UYSC,UY Scuti Acquisition Corp.,10.91,0.0,False,48.89,,4.0,85.5,40.8,39.61,42.94,48.89,44.07,20.18,50.79,15.22,50.19,74.74
1860657,ALLR,"Allarity Therapeutics, Inc.",0.99,87335.0,False,48.83,,3.0,67.85,48.83,45.2,43.36,43.12,46.69,28.41,50.79,97.41,15.81,44.01
2086438,GHXI,"Gores Holdings XI, Inc.",9.99,11055.0,False,48.77,,3.0,68.53,46.6,47.58,47.7,48.23,48.77,51.04,50.79,53.16,50.19,46.98
351998,DAIO,Data I/O Corporation,2.91,79878.5,False,48.74,,4.0,77.41,35.81,35.42,38.22,45.08,48.74,22.76,94.38,75.45,82.47,56.52
1705402,AGMH,AGM Group Holdings Inc.,0.53,35946.7,False,48.71,,4.0,77.68,48.71,38.81,37.44,39.38,47.37,37.86,50.79,53.16,50.19,11.47
1086222,AKAM,"Akamai Technologies, Inc.",106.95,384940341.9,True,48.68,,2.0,33.37,48.68,35.69,34.65,32.33,29.48,78.13,94.21,2.73,86.18,77.5
1720424,HIVE,HIVE Digital Technologies Ltd,2.5,41508249.54,False,48.65,,4.0,75.69,48.65,31.14,24.99,22.88,22.56,31.65,50.79,83.42,17.09,16.94
1789940,FWRG,"First Watch Restaurant Group, Inc.",10.98,12446976.26,True,48.65,,2.0,33.02,28.2,35.3,43.8,48.65,44.7,59.49,50.79,67.7,1.46,34.95
1280776,IMUX,"Immunic, Inc. ",7.56,3217542.01,True,48.62,,2.0,49.15,48.62,35.57,29.36,27.9,26.21,16.05,8.11,78.78,13.91,78.4
1932072,LOBO,LOBO TECHNOLOGIES LTD.,0.49,35441.15,False,48.59,,3.0,74.74,15.33,22.73,33.31,40.59,48.59,20.53,50.79,53.16,50.19,48.14
2077709,ROC,Rank One Computing Corporation,3.88,134962.5,False,48.59,,3.0,64.73,48.59,42.76,40.48,45.59,43.92,30.61,50.79,9.99,72.6,51.59
1287098,MXCT,"MaxCyte, Inc.",1.02,569357.0,False,48.56,,4.0,81.07,47.73,45.65,45.14,46.69,48.56,35.81,50.79,65.85,88.68,37.3
1982448,BLIV,BeLive Holdings,2.46,0.0,False,48.53,,2.0,52.07,20.48,29.69,38.78,43.89,48.53,51.04,50.79,53.16,50.19,29.87
1890361,ASPC,A SPAC III Acquisition Corp.,10.77,18801.5,False,48.5,,4.0,89.78,43.86,45.29,46.78,48.5,46.72,23.0,50.79,53.16,50.19,73.85
1636651,OVID,Ovid Therapeutics Inc.,2.46,3464087.24,False,48.5,,2.0,54.32,39.11,45.44,48.5,44.81,43.09,27.04,50.79,42.38,83.63,91.26
1517022,AKBA,"Akebia Therapeutics, Inc.",0.8,4943182.03,False,48.5,,2.0,54.56,48.5,41.49,38.19,37.03,38.16,41.13,50.79,42.2,14.47,12.63
1654595,MDRR,"Medalist Diversified, Inc.",10.51,4122.5,False,48.47,,2.0,34.98,21.07,30.52,37.65,44.61,48.47,36.23,50.79,4.84,50.19,60.21
1602842,ORIO,Orion Digital Corp.,1.0,38262.65,False,48.47,,3.0,62.79,48.47,41.69,37.15,35.81,38.37,51.04,50.79,53.16,25.23,25.14
1845338,MNDY,monday.com Ltd.,88.91,103303257.51,True,48.41,,2.0,33.22,26.48,35.54,43.89,48.41,47.88,70.7,50.79,81.22,50.19,15.13
1956166,PMA,PMA Graphene Technology Group Inc.,1.27,43588.0,False,48.32,,3.0,57.03,12.93,20.65,32.01,38.81,48.32,22.17,50.79,53.16,50.19,35.13
1837493,QTEX,QTREX Quantum Ltd.,1.87,1615986.79,False,48.26,,4.0,75.07,14.32,24.87,35.69,48.26,46.89,21.31,50.79,95.01,50.19,47.43
1951222,LAES,SEALSQ Corp,2.11,16080432.43,False,48.26,,3.0,61.55,48.26,32.84,23.95,23.86,21.07,37.38,50.79,77.98,88.41,14.47
1515156,ARQ,"Arq, Inc.",2.03,405041.51,False,48.2,,3.0,55.87,14.83,21.69,29.48,37.47,48.2,26.18,50.79,91.59,88.44,18.93
945394,SVC,Service Properties Trust,7.15,10709830.2,True,48.14,,1.0,23.74,25.02,37.06,44.93,44.55,48.14,85.02,50.79,10.1,80.56,26.27
1848763,RNW,ReNew Energy Global plc,6.88,8872789.8,True,48.11,,1.0,9.42,34.74,39.49,43.83,47.34,48.11,45.68,50.79,73.79,50.19,44.78
885307,JCTC,Jewett-Cameron Trading Company,2.91,30666.5,False,48.02,,3.0,56.4,48.02,47.61,47.82,47.52,44.75,59.29,50.79,88.23,50.19,42.32
1041657,UONE,"Urban One, Inc. ",4.05,20287.5,False,47.99,,2.0,53.34,13.52,20.86,30.82,40.74,47.99,22.05,94.62,98.51,50.19,24.46
1806837,VERX,"Vertex, Inc.",12.95,19599680.55,True,47.96,,2.0,35.19,24.55,33.61,39.47,47.96,45.35,72.9,96.58,14.18,89.09,18.31
1751912,NGEN,NervGen Pharma Corp.,1.73,909883.48,False,47.9,,3.0,69.27,47.9,43.45,40.95,42.02,43.77,51.04,50.79,53.16,69.96,29.51
1824893,SRZN,"Surrozen, Inc.",29.69,4564789.01,True,47.9,,2.0,53.94,41.28,46.75,47.9,46.89,44.46,29.69,50.79,28.41,9.69,82.5
1404644,NGNE,Neurogene Inc.,26.4,5998998.96,True,47.79,,2.0,52.75,28.71,36.91,44.19,47.79,44.67,37.0,50.79,75.87,10.46,72.78
1947244,USGO,U.S. GoldMining Inc.,6.23,535715.99,False,47.73,,4.0,79.35,45.23,38.13,38.84,41.46,47.73,30.04,50.79,83.8,91.14,29.45
1611115,OMDA,"Omada Health, Inc.",21.55,25253924.44,True,47.7,,2.0,31.32,32.51,38.96,43.86,47.7,44.84,65.11,99.02,64.81,13.73,38.01
2000756,NXAT,Nexus Advanced Technologies Inc.,0.65,132416.99,False,47.58,,4.0,81.22,47.58,33.11,25.08,22.85,24.25,51.04,50.79,53.16,50.19,0.45
1852131,NXT,Nextpower Inc.,86.11,180962279.09,True,47.55,,2.0,35.84,47.55,46.3,44.64,40.36,38.04,86.66,50.79,10.52,17.89,45.47
896878,INTU,Intuit Inc.,303.88,1122613663.56,True,47.52,,1.0,26.75,35.66,43.89,46.36,42.41,47.52,83.54,0.95,90.7,17.56,14.15
1825079,VELO,"Velo3D, Inc.",8.67,13429221.49,True,47.49,,4.0,86.36,47.49,22.7,12.51,11.32,9.99,10.49,50.79,5.97,50.19,96.23
1676238,BRZE,"Braze, Inc.",29.06,56829257.26,True,47.46,,2.0,33.82,31.41,40.18,46.63,46.81,47.46,65.35,50.79,30.22,17.95,42.53
1956648,NOEM,CO2 Energy Transition Corp.,10.63,0.0,False,47.46,,4.0,87.43,34.59,37.41,44.34,47.46,46.66,23.15,50.79,27.79,50.19,73.4
1487428,HRZN,Horizon Technology Finance Corporation,4.59,2668891.95,False,47.46,,2.0,49.33,47.19,47.46,41.34,41.99,41.72,73.02,50.79,7.76,12.57,55.33
1959994,COOT,Australian Oilseeds Holdings Limited,0.44,28829.6,False,47.43,,3.0,68.59,47.43,42.79,39.14,38.48,42.59,51.04,50.79,53.16,21.81,31.17
102752,VSEC,VSE Corporation,173.63,74248575.35,True,47.4,,2.0,34.77,47.04,47.4,45.85,44.01,45.47,41.25,7.37,33.37,84.52,71.59
1474627,NEGG,"Newegg Commerce, Inc.",11.58,788393.98,False,47.22,,3.0,64.37,26.63,30.07,35.51,40.06,47.22,65.53,15.1,22.73,86.75,14.26
1940941,MFI,mF International Limited,9.3,43173.0,False,47.16,,3.0,66.75,46.39,42.82,41.16,41.37,47.16,84.43,50.79,53.16,50.19,7.52
1534969,SERA,"Sera Prognostics, Inc.",2.04,41133.5,False,47.13,,3.0,66.69,42.94,45.71,45.44,47.13,45.26,41.34,50.79,64.93,16.73,33.52
1836564,VALN,Valneva SE,5.78,154842.0,False,47.1,,2.0,50.88,30.19,35.63,40.3,43.39,47.1,51.04,50.79,53.16,50.19,31.08
1867096,XERS,"Xeris Biopharma Holdings, Inc.",10.48,14437844.0,True,47.1,,1.0,16.79,29.6,36.97,47.1,45.97,45.23,63.89,5.05,83.18,5.2,45.88
1847367,ALMS,Alumis Inc.,7.16,22538717.93,True,46.98,,3.0,69.18,36.11,41.46,46.98,40.68,32.66,26.84,50.79,18.07,2.94,95.75
1930510,VCIG,VCI Global Limited,0.51,253400.18,False,46.98,,4.0,84.93,46.98,31.98,24.34,22.2,24.43,60.0,50.79,53.16,50.19,0.21
2074123,CCHH,CCH Holdings Ltd,0.99,55281.0,False,46.98,,4.0,81.16,30.64,30.61,33.55,35.75,46.98,27.13,50.79,77.83,50.19,4.1
46250,HWKN,"Hawkins, Inc.",130.0,18856434.87,True,46.95,,1.0,21.66,46.95,39.11,32.12,30.97,33.67,42.62,50.79,21.55,86.45,29.48
1031308,BSY,"Bentley Systems, Incorporated",34.97,84128297.63,True,46.86,,1.0,20.71,30.01,34.8,43.6,46.78,46.86,77.06,90.01,18.1,86.48,22.11
1390478,SLS,"SELLAS Life Sciences Group, Inc. ",11.65,68557363.44,True,46.86,,4.0,79.08,46.86,35.16,24.73,17.41,14.44,15.78,50.79,64.52,15.33,96.94
1506184,IMMP,Immutep Limited,3.84,64866.0,False,46.84,,4.0,78.01,46.84,35.81,29.06,24.99,25.23,51.04,50.79,53.16,26.42,3.18
1468327,RENT,"Rent the Runway, Inc.",1.77,197132.5,False,46.84,,3.0,66.06,12.69,19.67,33.91,46.84,45.97,99.08,12.99,1.78,50.19,31.95
1910139,MBLY,Mobileye Global Inc.,7.06,42655082.74,True,46.75,,2.0,36.26,46.75,37.92,28.35,24.67,21.37,71.14,2.88,14.26,3.92,16.29
1345099,MESO,Mesoblast Limited,13.75,3033830.49,True,46.72,,2.0,35.93,46.72,46.0,41.46,38.37,35.9,41.46,3.92,42.79,2.73,41.84
1920092,GELS,Gelteq Limited,0.55,34349.4,False,46.63,,4.0,80.12,20.51,28.83,37.47,42.32,46.63,51.04,50.79,53.16,50.19,26.51
1953530,OCS,Oculis Holding AG,8.34,2518128.04,True,46.57,,3.0,64.43,46.57,39.91,36.37,35.63,37.89,51.04,50.79,53.16,50.19,20.95
1610853,HSDT,Solana Company,2.39,538449.48,False,46.48,,5.0,91.5,46.48,33.14,28.97,25.41,26.48,39.73,50.79,79.76,10.1,3.42
2030834,ONEG,OneConstruction Group Limited,0.99,31403.0,False,46.42,,3.0,74.53,18.93,25.14,32.21,36.05,46.42,32.69,50.79,53.16,50.19,9.12
1912884,RPGL,Republic Power Group Limited,40.0,140151.68,False,46.39,,3.0,71.53,26.69,36.14,44.1,46.39,44.73,41.1,50.79,53.16,20.09,48.29
2033593,SVCC,Stellar V Capital Corp.,10.69,2659.25,False,46.36,,3.0,64.1,46.36,44.37,42.38,40.42,41.25,26.36,50.79,31.95,50.19,66.3
1177648,ENTA,"Enanta Pharmaceuticals, Inc.",12.5,2595374.99,True,46.33,,2.0,45.14,46.33,40.95,39.26,38.78,31.8,21.46,50.79,68.65,14.15,70.55
1710155,EYE,"National Vision Holdings, Inc.",16.68,36960239.19,True,46.33,,2.0,32.87,35.45,39.76,44.61,45.14,46.33,70.37,98.99,12.6,80.92,27.82
2030482,PLMK,Plum Acquisition Corp. IV,10.64,8080.0,False,46.3,,3.0,62.88,40.83,40.06,45.59,46.3,37.24,21.72,50.79,85.91,50.19,65.79
883107,SLSN,"Solesence, Inc.",1.02,18526.0,False,46.21,,5.0,94.09,12.78,22.44,35.54,44.1,46.21,73.52,50.79,6.89,26.0,14.95
1891944,PMEC,Primech Holdings Ltd.,0.57,9210.75,False,46.18,,3.0,69.09,12.04,20.33,30.79,39.17,46.18,36.85,50.79,76.26,80.24,22.14
1638911,DUKR,DUKE Robotics Corp.,4.84,59095.5,False,46.18,,5.0,91.08,46.18,28.14,21.4,20.36,20.3,4.73,50.79,20.48,23.89,99.97
1780731,EPOW,E-Power Inc.,3.28,78661.5,False,46.06,,4.0,75.13,46.06,32.18,25.94,23.03,25.77,36.11,50.79,53.16,50.19,7.46
1495932,AGNT,"AGNT, Inc.",3.72,6024842.05,False,46.06,,2.0,50.67,20.62,25.41,29.39,35.87,46.06,62.47,50.79,9.96,79.14,15.1
1723690,BILI,Bilibili Inc.,15.49,41064595.27,True,46.0,,1.0,28.14,28.56,36.17,41.84,43.45,46.0,81.1,8.71,30.58,19.61,20.39
1916241,PRZO,ParaZero Technologies Ltd.,0.62,231849.1,False,45.94,,4.0,78.07,17.74,24.22,33.28,38.87,45.94,23.98,50.79,53.16,99.32,30.22
2136387,REAX,Real REMAX Group Inc.,15.65,12194321.89,True,45.91,,3.0,58.04,45.91,39.02,35.27,34.35,35.99,51.04,50.79,69.39,50.19,21.9
1913749,GMM,Global Mofy AI Limited ,1.75,122212.0,False,45.82,,3.0,74.47,32.54,33.16,34.09,36.32,45.82,38.9,50.79,53.16,50.19,2.35
1840317,VEEA,Veea Inc.,5.7,137422.8,False,45.79,,5.0,94.53,17.33,26.03,34.23,39.26,45.79,74.59,50.79,14.71,94.8,3.86
1750106,AEI,Alset Inc.,0.7,14050.5,False,45.77,,4.0,75.3,31.74,29.75,30.34,35.3,45.77,28.74,50.79,13.37,50.19,23.03
1320350,LNSR,"LENSAR, Inc.",6.37,331552.5,False,45.71,,3.0,59.61,45.71,41.52,38.9,41.07,40.33,31.89,50.79,65.29,23.95,31.47
1710350,BTBT,"Bit Digital, Inc.",1.29,37263393.75,False,45.68,,3.0,69.33,45.68,26.6,20.12,15.78,16.14,29.51,50.79,83.92,50.19,12.6
1792849,HPK,"HighPeak Energy, Inc.",9.55,2991764.08,True,45.62,,1.0,25.05,19.91,24.52,34.8,45.62,44.87,90.34,50.79,1.69,99.64,77.33
1939780,UCAR,U Power Limited,4.26,87594.1,False,45.59,,4.0,78.54,14.15,20.53,28.41,34.47,45.59,32.01,50.79,53.16,75.75,18.34
1650372,TEAM,Atlassian Corporation ,206.79,538086432.24,True,45.56,,1.0,22.17,40.36,45.56,44.67,43.77,40.42,41.49,3.0,82.85,83.51,67.79
1442145,VRSK,"Verisk Analytics, Inc.",177.63,237345480.03,True,45.56,,1.0,8.71,35.93,44.34,45.56,41.75,42.11,82.14,9.12,26.63,4.52,27.31
1464521,HTFL,"Heartflow, Inc.",49.74,68247974.66,True,45.56,,2.0,49.54,45.56,41.01,35.81,32.39,26.72,37.98,4.61,10.64,27.85,81.31
1833498,MDAI,"Spectral AI, Inc.",1.64,214578.0,False,45.53,,3.0,58.19,32.87,34.74,39.79,40.48,45.53,39.82,50.79,87.58,27.04,38.66
1274737,XGN,Exagen Inc.,8.42,1821216.55,True,45.5,,3.0,56.58,21.43,29.84,38.96,45.5,45.32,38.78,50.79,67.99,2.44,32.48
1990354,WAY,Waystar Holding Corp.,26.68,51517399.78,True,45.44,,2.0,35.04,32.72,39.82,45.41,45.44,44.1,83.33,50.79,33.97,6.33,25.23
895447,SHOE,"Shoe Station Group, Inc.",12.75,12910026.57,True,45.44,,1.0,26.54,24.22,33.46,40.36,42.79,45.44,43.68,50.79,63.66,50.19,34.56
727273,CDZI,"Cadiz, Inc.",3.42,2992026.49,False,45.41,,3.0,64.64,45.41,31.74,28.11,27.73,31.29,23.89,50.79,34.59,76.34,29.15
1483994,HTHT,H World Group Limited,44.16,63042470.08,True,45.26,,1.0,12.3,39.41,43.77,45.26,42.17,32.78,65.97,93.64,11.56,50.19,64.58
1868275,CEG,Constellation Energy Corporation,298.07,718475223.0,True,45.2,,1.0,26.78,31.2,37.74,43.74,43.51,45.2,68.05,99.76,16.76,89.93,30.13
1793895,CDTG,CDT Environmental Technology Investment Holdings Limited,1.22,313930.0,False,45.17,,4.0,82.05,8.65,15.57,25.32,33.58,45.17,29.96,50.79,53.16,50.19,12.42
1613780,DBVT,DBV Technologies S.A.,9.8,3357726.07,True,45.14,,2.0,46.45,45.14,34.86,31.23,29.33,27.28,26.78,86.42,29.24,50.19,37.21
1785566,ZCMD,Zhongchao Inc.,1.59,394275.29,False,45.02,,3.0,65.11,40.77,37.77,37.36,36.43,45.02,43.12,50.79,53.16,12.54,2.2
2035644,RANG,Range Capital Acquisition Corp.,10.88,534.5,False,44.99,,4.0,84.37,32.24,34.15,40.56,44.99,38.72,19.7,50.79,28.23,50.19,68.5
2011674,YDES,YD Bio Limited,6.73,362238.49,False,44.96,,3.0,72.18,44.96,31.86,21.93,18.37,16.29,26.89,50.79,96.52,29.9,2.88
1560258,ECOR,"electroCore, Inc.",9.66,601437.5,False,44.93,,4.0,82.17,44.93,29.36,23.51,21.58,18.75,6.27,50.79,97.83,50.19,97.15
1806524,LGHL,Lion Group Holding Ltd.,3.1,659106.99,False,44.87,,4.0,76.79,44.87,26.51,16.79,14.77,13.34,67.82,50.79,86.86,81.19,0.03
1798562,TMC,TMC the metals company Inc.,3.36,17374565.43,False,44.84,,3.0,63.03,44.84,32.04,26.86,26.09,27.93,27.49,50.79,78.04,50.19,16.17
1574565,EVGN,Evogene Ltd.,0.38,80848.0,False,44.81,,4.0,75.48,44.81,35.72,30.7,25.5,26.15,32.93,50.79,22.05,20.3,12.99
1557798,CIIT,"Tianci International, Inc.",2.52,127425.0,False,44.81,,4.0,88.23,15.45,20.92,28.62,35.6,44.81,35.87,50.79,27.79,87.07,10.76
1550913,MKZR,"MacKenzie Realty Capital, Inc.",1.33,13350.0,False,44.78,,4.0,77.24,23.45,27.22,35.87,38.99,44.78,24.28,50.79,98.87,31.0,20.18
1991605,YMT,Yimutian Inc.,0.99,159343.0,False,44.75,,4.0,82.41,44.75,29.63,21.25,17.21,17.95,71.26,50.79,53.16,23.39,0.06
105319,WW,"WW International, Inc. ",14.86,2765077.03,True,44.61,,3.0,60.27,20.74,25.77,35.13,39.35,44.61,24.49,89.45,91.29,77.18,26.75
1854587,CLBT,Cellebrite DI Ltd.,11.26,25342713.78,True,44.55,,2.0,39.08,36.7,39.32,42.59,43.36,44.55,67.55,50.79,33.31,70.64,21.13
1901203,UCFI,CN Healthy Food Tech Group Corp.,5.51,0.0,False,44.52,,4.0,75.81,38.57,40.0,41.78,44.52,43.66,31.8,50.79,69.87,50.19,56.94
2012096,PMAX,Powell Max Limited,0.69,55800.0,False,44.49,,4.0,84.9,44.49,32.72,25.35,23.18,23.83,44.28,50.79,53.16,50.19,0.83
1894693,SVRE,SaverOne 2014 Ltd.,1.15,75098.5,False,44.46,,4.0,78.37,44.46,31.65,23.63,22.35,22.64,51.04,50.79,75.81,50.19,2.02
1972074,LNKS,Linkers Industries Limited,0.95,37404.4,False,44.4,,4.0,84.1,43.27,36.67,35.42,34.65,44.4,57.8,50.79,87.73,90.25,0.59
2020027,CLIK,Click Holdings Limited,1.07,37986.0,False,44.37,,4.0,77.95,18.22,25.62,33.02,38.51,44.37,60.21,50.79,76.2,19.79,13.28
1796022,STEP,StepStone Group Inc.,44.1,51629239.59,True,44.34,,1.0,29.63,44.34,36.82,31.26,25.32,19.41,67.4,50.79,13.22,1.01,31.86
1597095,TOUR,Tuniu Corporation,4.95,25135.5,False,44.28,,2.0,42.88,44.28,43.48,42.76,40.53,37.3,75.72,50.79,15.75,23.77,29.81
2079109,VRXA,Veraxa Biotech AG,1.26,239793.0,False,44.25,,4.0,80.92,14.74,23.0,33.46,38.31,44.25,51.04,50.79,89.47,50.19,6.63
1925062,FRBT,"Forbright, Inc.",17.99,1840488.0,True,44.22,,1.0,20.0,37.41,41.22,43.98,44.22,44.04,51.04,50.79,53.16,50.19,45.38
1657853,HTZ,"Hertz Global Holdings, Inc",1.92,33042045.6,False,44.19,,3.0,59.67,22.02,32.42,36.17,39.58,44.19,78.51,15.3,23.33,24.1,14.59
1941158,WETO,Wetour Robotics Limited,1.06,3812603.11,False,44.16,,4.0,82.73,25.85,27.85,32.51,35.01,44.16,59.82,50.79,53.16,50.19,3.68
1579733,VITL,"Vital Farms, Inc.",9.33,15889864.24,True,44.13,,2.0,44.96,22.7,30.64,40.24,44.13,40.65,69.24,89.36,66.66,3.89,6.98
1643918,BDRX,Biodexa Pharmaceuticals plc,0.46,89501.2,False,44.13,,4.0,83.63,44.13,30.7,24.16,21.96,23.42,51.04,1.75,53.16,28.14,0.62
1796280,ORIC,"Oric Pharmaceuticals, Inc.",11.99,15629133.41,True,43.98,,2.0,49.06,43.98,39.55,35.9,33.4,29.03,41.04,50.79,42.82,5.59,39.23
2021880,HMH,HMH Holding Inc.,19.07,3433066.57,True,43.95,,2.0,33.91,27.9,34.89,41.49,43.68,43.95,42.44,50.79,53.16,50.19,46.84
1662579,CCCC,"C4 Therapeutics, Inc.",3.16,8032852.42,False,43.92,,3.0,57.27,31.23,36.32,43.92,41.43,38.31,36.02,50.79,13.58,50.19,90.55
1868941,FLNC,"Fluence Energy, Inc.",7.43,70576626.59,True,43.92,,3.0,62.94,43.92,37.18,37.03,37.5,41.96,40.06,97.77,25.17,86.57,31.65
2024656,FMFC,Kandal M Venture Limited,0.14,49865.15,False,43.89,,4.0,84.87,43.89,30.73,23.45,21.16,24.16,43.0,50.79,53.16,23.92,0.48
1235912,CVRX,"CVRx, Inc.",1.58,1558939.95,False,43.89,,3.0,71.98,15.42,23.63,32.54,38.1,43.89,26.92,50.79,83.68,3.21,20.98
2099039,WSE,Wise Group plc,11.87,16056170.99,True,43.83,,1.0,19.55,38.78,43.83,43.21,41.58,39.97,73.34,50.79,65.82,50.19,39.64
2035697,PLBL,Polibeli Group Ltd,5.64,1022131.51,True,43.8,,3.0,67.99,43.3,43.8,42.14,40.3,38.93,79.76,50.79,53.16,50.19,25.62
1839799,GRSD,Grandstand Limited,1.52,376097.5,False,43.74,,3.0,72.84,24.67,29.0,34.86,37.0,43.74,57.86,50.79,30.88,50.19,9.09
1869467,SVRN,"SVRN, Inc.",44.0,130337.0,False,43.71,,3.0,55.63,15.51,24.28,34.0,39.44,43.71,51.04,50.79,53.16,50.19,20.24
1987363,WTF,Waton Financial Limited,2.67,6421.0,False,43.68,,3.0,67.01,16.29,23.06,29.75,35.1,43.68,38.1,50.79,53.16,27.01,24.93
857005,PTC,PTC Inc.,194.45,182895914.15,True,43.66,,1.0,17.41,22.05,29.99,39.11,43.66,39.44,84.04,99.49,8.02,50.19,24.1
1933414,MLYS,"Mineralys Therapeutics, Inc.",22.38,22450113.77,True,43.6,,2.0,52.12,43.6,31.92,23.42,18.51,18.1,36.46,50.79,34.38,11.62,23.57
1938186,JYD,Jayud Global Logistics Limited,0.92,26405.0,False,43.54,,3.0,74.62,10.28,16.88,26.48,32.75,43.54,30.79,50.79,53.16,31.74,15.93
1372514,KPRX,"Kiora Pharmaceuticals, Inc. ",2.54,33280.0,False,43.51,,2.0,46.15,32.33,38.04,43.51,40.21,41.37,27.67,50.79,78.57,2.38,65.94
1412558,EVO,Evotec SE,1.53,95331.0,False,43.51,,3.0,65.94,43.51,37.86,34.89,33.79,36.26,51.04,50.79,53.16,50.19,17.98
1951089,CRML,Critical Metals Corp.,6.86,36979516.31,True,43.42,,3.0,58.34,41.96,38.42,35.96,36.46,43.42,58.54,1.04,40.59,95.99,17.77
1895618,GXAI,Gaxos.ai Inc.,0.42,167535.31,False,43.42,,4.0,89.36,43.42,33.05,27.61,27.58,32.96,23.09,50.79,53.16,50.19,22.79
1408443,MIST,Milestone Pharmaceuticals Inc.,0.71,1194209.02,False,43.36,,3.0,65.88,43.36,30.04,22.97,20.3,22.91,24.67,97.8,27.52,10.19,21.99
1926599,TDAC,Translational Development Acquisition Corp.,10.82,98642.0,False,43.33,,3.0,62.41,37.44,38.78,41.07,43.33,40.62,22.79,50.79,53.16,50.19,71.44
1957538,OIO,OIO Group,1.7,200752.5,False,43.33,,4.0,77.83,43.33,33.97,28.71,26.75,28.5,56.43,50.79,53.16,50.19,2.85
1377630,NCMI,"National CineMedia, Inc.",2.12,1902306.5,False,43.3,,2.0,48.35,28.02,32.93,36.14,40.33,43.3,40.68,90.76,80.33,67.99,28.62
1750593,DUO,Fangdd Network Group Ltd.,0.66,40354.7,False,43.21,,4.0,75.01,13.91,19.02,25.79,33.16,43.21,30.1,50.79,53.16,88.92,13.34
1963439,TURB,"Turbo Energy, S.A.",0.98,181618.49,False,43.21,,3.0,74.44,43.21,33.76,26.98,25.79,26.03,51.04,50.79,75.16,50.19,8.92
1584371,ICCM,IceCure Medical Ltd.,1.13,230719.5,False,43.18,,4.0,80.3,43.18,32.57,27.28,26.3,26.36,30.85,50.79,39.14,75.78,1.9
1769484,BIOX,Bioceres Crop Solutions Corp.,0.33,42881.0,False,43.15,,3.0,73.08,42.2,36.23,35.16,36.67,43.15,44.93,50.79,31.71,76.17,10.01
2114044,COAG,"Hemab Therapeutics Holdings, Inc.",31.62,16017600.26,True,43.15,,3.0,56.64,36.37,40.98,42.23,43.15,41.81,51.04,50.79,24.04,24.22,44.1
1859836,YSWY,"Yesway, Inc.",20.72,6607430.94,True,43.12,,2.0,38.37,39.7,42.35,42.88,43.03,43.12,42.47,50.79,53.16,90.4,44.25
1341235,ALDX,"Aldeyra Therapeutics, Inc.",0.92,1216415.97,False,43.03,,3.0,67.07,43.03,33.02,32.75,30.13,27.73,30.37,50.79,81.07,26.33,10.64
1668438,IMTE,Integrated Media Technology Limited,0.49,5072.1,False,43.03,,3.0,66.81,17.24,26.45,35.45,40.95,43.03,60.06,50.79,53.16,50.19,21.66
1699963,LIME,"Neutron Holdings, Inc.",28.58,10236902.23,True,43.0,,2.0,50.52,29.15,34.77,39.82,42.73,43.0,36.05,50.79,53.16,96.73,45.05
1562088,DUOL,"Duolingo, Inc.",149.92,140540099.9,True,42.97,,1.0,29.6,34.47,39.94,42.97,39.97,37.21,90.25,95.81,40.39,9.81,11.86
1519469,AEC,Anfield Energy Inc.,3.29,133950.0,False,42.91,,3.0,65.65,42.91,36.88,34.12,33.55,37.38,51.04,50.79,53.16,81.28,14.83
1976695,MNDR,Mobile-health Network Solutions,0.9,96159.0,False,42.91,,3.0,71.95,40.21,34.29,32.87,32.04,42.91,26.0,50.79,98.75,50.19,7.58
1888014,AKAN,Akanda Corp.,1.76,515308.5,False,42.85,,4.0,81.9,42.85,33.43,27.73,26.15,28.92,44.46,50.79,53.16,94.21,1.31
813672,CDNS,"Cadence Design Systems, Inc.",352.84,698753039.63,True,42.82,,1.0,12.78,42.82,39.44,36.11,31.65,29.24,70.97,98.1,18.66,15.51,34.89
2024459,CHAR,Charlton Aria Acquisition Corporation,10.99,5480.0,False,42.76,,5.0,91.89,30.25,32.3,37.38,42.76,35.54,22.29,50.79,9.33,50.19,73.97
788965,HNRG,Hallador Energy Company,13.92,10127636.87,True,42.73,,2.0,36.08,25.38,28.11,35.48,41.16,42.73,33.58,96.2,17.36,91.65,35.3
1160308,SVRA,"Savara, Inc.",4.92,8562165.78,False,42.7,,2.0,49.24,41.87,41.4,41.19,42.7,35.72,22.5,7.19,65.38,72.66,87.49
1327567,PANW,"Palo Alto Networks, Inc.",418.78,2017269935.55,True,42.67,,1.0,15.81,42.08,42.67,39.76,33.91,30.64,38.57,88.23,13.97,69.72,81.81
2051587,BSAA,BEST SPAC I Acquisition Corp.,11.0,27273.75,False,42.64,,4.0,88.89,42.64,38.54,39.2,41.84,36.02,15.42,50.79,64.75,50.19,75.25
1819790,TARS,"Tarsus Pharmaceuticals, Inc.",73.16,49411608.35,True,42.62,,2.0,34.15,42.14,42.62,36.79,32.6,29.81,40.92,87.49,18.28,8.05,62.59
1781193,QH,Quhuo Limited,3.58,38639.1,False,42.59,,4.0,77.59,42.59,33.49,28.14,25.85,25.97,61.55,50.79,53.16,89.45,16.43
1048695,FFIV,"F5, Inc.",479.83,220222193.15,True,42.53,,1.0,0.27,39.05,42.53,40.45,36.79,35.42,56.02,7.76,29.99,50.19,67.64
1617640,Z,"Zillow Group, Inc.",29.01,116533333.21,True,42.53,,1.0,28.53,26.84,36.46,42.29,42.53,41.43,61.9,3.68,92.63,16.32,13.55
887151,CAPS,Capstone Holding Corp.,0.14,42712.5,False,42.5,,4.0,83.8,42.5,29.3,25.38,24.49,24.31,28.59,50.79,99.23,70.85,2.7
901491,PZZA,"Papa John's International, Inc.",19.75,28677959.84,True,42.47,,2.0,33.4,25.2,30.31,35.39,36.37,42.47,56.85,15.96,32.6,50.19,21.4
1524566,WLTH,Wealthfront Corporation,10.82,11532356.81,True,42.47,,1.0,25.97,23.06,31.2,38.63,42.47,35.78,67.34,12.96,16.88,94.29,45.02
1850351,LFTO,"Liftoff Mobile, Inc.",15.41,11667252.75,True,42.38,,2.0,44.19,38.81,42.38,42.17,42.14,39.82,62.59,50.79,53.16,50.19,42.56
1158324,CCOI,"Cogent Communications Holdings, Inc.",8.54,16649462.77,True,42.35,,3.0,56.79,16.67,22.85,31.14,36.23,42.35,38.63,0.51,87.96,90.49,6.03
1956744,TRON,Tron Inc.,1.25,803169.01,False,42.32,,3.0,71.03,42.32,27.93,19.76,17.27,18.57,33.43,50.79,75.69,18.9,14.12
1903995,MGIH,Millennium Group International Holdings Limited,1.46,29235.0,False,42.23,,2.0,42.5,24.07,27.25,32.66,35.42,42.23,22.2,50.79,53.16,50.19,40.24
1679788,COIN,"Coinbase Global, Inc.",179.39,1280518098.34,True,42.17,,2.0,37.15,42.17,34.95,25.59,19.76,18.93,64.37,4.93,19.02,4.99,9.99
1620737,OGI,Organigram Global Inc.,0.96,487762.48,False,42.17,,3.0,59.91,27.34,32.66,36.91,39.79,42.17,51.04,50.79,53.16,22.44,26.09
2079999,CDNL,Cardinal Infrastructure Group Inc.,21.12,21976371.21,True,42.02,,3.0,66.54,42.02,22.2,15.48,13.25,11.59,58.57,2.5,3.12,5.71,39.88
1841925,INDI,"indie Semiconductor, Inc.",2.61,16142942.38,False,41.99,,3.0,62.64,41.99,26.98,18.57,15.54,16.11,21.99,50.79,38.4,19.85,34.83
1995306,HDL,SUPER HI INTERNATIONAL HOLDING LTD.,11.9,3570.0,False,41.99,,2.0,39.29,21.58,30.55,38.28,41.78,41.99,51.04,50.79,53.16,0.59,33.49
1638833,SGRY,"Surgery Partners, Inc.",13.89,25189409.66,True,41.93,,1.0,28.17,27.1,38.16,39.73,41.93,36.49,85.65,50.79,16.7,26.95,31.0
1954269,GSIW,Garden Stage Limited,10.68,133454.0,False,41.9,,3.0,60.12,14.8,21.81,30.97,37.68,41.9,27.99,50.79,53.16,80.53,26.98
1057379,HCKT,"The Hackett Group, Inc.",11.13,2402549.98,True,41.84,,2.0,36.85,20.65,29.09,36.2,38.93,41.84,32.39,87.25,34.92,26.18,29.66
1737806,PDD,PDD Holdings Inc.,81.35,507005289.7,True,41.81,,1.0,23.92,31.47,36.61,41.81,41.6,39.41,85.35,50.79,32.75,3.12,20.3
1730168,AVGO,Broadcom Inc.,361.54,7765292972.11,True,41.81,,1.0,19.49,41.81,39.26,35.57,33.43,27.07,69.36,5.74,12.75,50.19,57.74
1253689,CBIO,"Crescent Biopharma, Inc.",14.91,4250300.05,True,41.75,,3.0,56.76,30.61,35.22,38.87,39.7,41.75,15.3,50.79,93.55,85.02,93.52
1061983,CYTK,"Cytokinetics, Incorporated",62.91,128790093.05,True,41.75,,2.0,40.33,41.75,28.59,20.56,15.3,13.55,18.93,14.56,35.33,23.8,63.95
1756699,TIGR,UP Fintech Holding Limited,4.45,9206278.39,False,41.69,,2.0,47.16,29.39,35.93,40.12,41.69,40.8,75.75,50.79,34.95,50.19,17.33
1553643,RLMD,"Relmada Therapeutics, Inc.",3.39,5167541.91,False,41.69,,4.0,84.07,41.69,23.77,15.54,13.11,11.71,7.99,50.79,35.75,13.08,95.99
1810182,ALXO,ALX Oncology Holdings Inc.,1.25,1393304.5,False,41.66,,3.0,70.55,25.88,31.17,34.92,39.32,41.66,25.26,50.79,72.6,50.19,75.87
1114995,PI,"Impinj, Inc.",189.63,63079830.01,True,41.66,,2.0,31.62,41.66,38.19,36.61,35.96,39.08,62.88,4.37,25.79,88.26,41.13
1980210,WFF,WF Holding Limited,12.29,335400.0,False,41.63,,2.0,48.86,12.15,18.57,27.1,33.88,41.63,27.19,50.79,53.16,50.19,27.07
1557746,ACRS,"Aclaris Therapeutics, Inc.",3.83,10785541.27,False,41.6,,4.0,81.87,41.6,22.67,15.16,12.6,10.16,7.4,50.79,69.66,68.35,96.26
1810467,SNTG,Sentage Holdings Inc.,1.74,14920.0,False,41.55,,3.0,62.26,20.21,24.07,30.13,34.0,41.55,21.69,50.79,53.16,50.19,35.36
1795589,KC,Kingsoft Cloud Holdings Limited,9.26,11732725.12,True,41.52,,2.0,38.78,32.12,32.33,34.44,39.23,41.52,60.15,50.79,42.67,98.22,30.7
1759614,YJ,Yunji Inc.,1.79,126866.18,False,41.49,,3.0,70.4,24.28,31.32,37.33,41.49,39.32,58.13,50.79,17.47,92.01,47.1
1702318,AHG,Akso Health Group,1.25,9138.0,False,41.49,,4.0,78.34,21.66,30.25,37.83,41.19,41.49,71.05,50.79,53.16,97.24,19.02
2029769,OACC,Oaktree Acquisition Corp. III Life Sciences,10.75,3233.0,False,41.4,,3.0,55.99,39.58,39.38,40.09,41.4,39.26,24.34,50.79,53.16,50.19,65.32
1647639,UPST,"Upstart Holdings, Inc.",24.1,105524510.47,True,41.34,,2.0,44.84,29.21,35.1,37.8,39.41,41.34,63.33,6.09,91.47,50.19,19.52
2068577,BRCB,"Black Rock Coffee Bar, Inc.",7.25,2334856.44,True,41.31,,3.0,64.99,20.12,27.13,35.6,41.31,40.45,42.82,50.79,64.4,50.19,16.91
899923,MYGN,"Myriad Genetics, Inc.",4.2,6203358.13,False,41.31,,2.0,54.12,41.31,33.85,30.16,29.09,31.38,31.86,13.67,78.31,50.19,15.99
1368622,AVAV,"AeroVironment, Inc.",137.11,188672665.78,True,41.25,,2.0,54.98,41.25,33.22,28.05,22.94,24.67,64.43,0.21,82.5,93.14,5.35
1867834,BRAG,Bragg Gaming Group Inc.,1.16,21595.5,False,41.19,,3.0,65.71,41.19,37.12,35.33,34.92,37.47,51.04,50.79,53.16,50.19,19.26
1015739,AWRE,"Aware, Inc.",1.04,39825.5,False,41.07,,3.0,68.29,41.07,39.14,37.77,38.04,37.36,33.19,50.79,16.73,15.6,28.92
1853717,ATAT,Atour Lifestyle Holdings Limited,33.07,26925917.47,True,41.04,,1.0,11.65,38.6,40.27,41.04,39.61,33.64,78.9,50.79,14.77,28.71,41.49
1139685,AIDX,"20/20 Biolabs, Inc.",0.38,33715.5,False,41.04,,5.0,94.92,26.36,28.17,31.65,36.85,41.04,19.67,50.79,74.59,50.19,62.76
1785279,MGX,"Metagenomi Therapeutics, Inc.",0.99,159451.5,False,41.01,,3.0,58.07,27.4,30.34,39.35,41.01,40.89,27.58,50.79,94.92,50.19,22.5
1753162,FTHM,Fathom Holdings Inc.,0.21,73370.0,False,41.01,,5.0,96.64,41.01,28.2,27.7,27.99,35.66,23.77,50.79,11.95,67.7,21.78
1687187,METC,"Ramaco Resources, Inc.",8.49,19229238.36,True,41.01,,2.0,46.66,15.3,21.25,32.63,37.83,41.01,41.6,5.82,74.03,70.91,7.61
2096997,KLRA,"Kailera Therapeutics, Inc.",11.61,10547770.2,True,40.98,,2.0,49.93,23.98,33.37,39.49,40.98,38.42,51.04,50.79,53.16,8.29,45.82
1723464,BHST,BioHarvest Sciences Inc.,1.66,68837.5,False,40.98,,3.0,69.81,15.6,22.5,29.66,35.33,40.98,58.42,13.79,53.16,70.52,7.34
2021728,CBRS,Cerebras Systems Inc.,164.17,1102545945.77,True,40.95,,2.0,50.94,40.95,32.9,25.71,21.31,19.85,31.26,96.05,63.63,97.5,36.85
2017526,FRNM,"Freenome, Inc.",15.78,9023037.11,True,40.92,,4.0,75.42,40.92,33.52,30.88,29.57,22.97,12.51,50.79,65.56,12.24,85.77
810332,RJET,Republic Airways Holdings Inc.,17.2,1351457.46,True,40.89,,4.0,75.6,40.89,31.5,26.09,25.94,24.1,28.95,91.8,72.39,50.19,37.06
1120193,NDAQ,"Nasdaq, Inc.",93.65,297948835.61,True,40.83,,1.0,1.72,38.13,40.36,40.83,37.41,35.81,61.93,0.89,19.64,72.21,50.13
1579091,CART,Maplebear Inc.,47.76,153681541.57,True,40.8,,1.0,3.57,26.66,31.56,39.44,40.8,36.17,77.03,97.89,4.73,17.71,71.47
1726445,SEER,"Seer, Inc.",2.19,442943.73,False,40.77,,2.0,48.02,37.0,37.24,38.45,40.77,39.67,25.53,50.79,26.03,86.03,47.01
1766600,SNDL,SNDL Inc.,1.22,1657621.05,False,40.68,,2.0,41.13,38.19,36.94,37.3,37.95,40.68,51.04,50.79,53.16,50.19,24.25
807882,JACK,Jack In The Box Inc.,12.7,8841140.89,True,40.62,,2.0,46.54,27.7,33.91,38.1,40.62,36.52,74.83,87.58,5.05,50.19,39.82
1819704,MRM,MEDIROM Healthcare Technologies Inc.,0.55,9303.0,False,40.62,,4.0,76.32,40.62,35.99,33.79,32.87,35.3,51.04,50.79,53.16,50.19,15.16
34067,BOOM,DMC Global Inc.,5.66,708097.48,False,40.59,,2.0,41.1,40.59,37.21,35.66,35.19,36.82,28.02,50.79,38.28,50.19,45.53
888721,TRIB,Trinity Biotech plc,6.86,109600.0,False,40.53,,3.0,70.82,13.64,21.6,32.1,36.82,40.53,63.77,50.79,53.16,9.27,11.65
1321851,SEED,Origin Agritech Limited,0.7,8418.5,False,40.51,,3.0,67.96,33.76,31.08,31.98,33.28,40.51,20.92,50.79,53.16,69.99,45.74
1828318,ENVX,Enovix Corporation,2.46,21725202.41,False,40.51,,3.0,67.7,40.51,27.67,20.77,18.45,21.34,21.63,15.72,96.29,95.01,3.89
1982444,BDMD,Baird Medical Investment Holdings Ltd,0.77,43568.25,False,40.48,,3.0,72.39,12.81,18.87,26.72,32.27,40.48,19.2,50.79,53.16,30.79,41.52
1799290,EBON,Ebang International Holdings Inc.,1.83,6216.0,False,40.45,,3.0,60.95,40.45,33.82,29.99,29.51,35.1,26.12,50.79,53.16,50.19,26.92
1684688,ATCX,Atlas Critical Minerals Corporation,2.6,31935.5,False,40.42,,3.0,71.8,40.42,32.87,31.68,33.05,40.06,17.86,50.79,53.16,27.82,59.17
1819989,CIFR,Cipher Digital Inc.,13.52,562673779.39,True,40.39,,2.0,54.38,40.39,21.01,15.51,12.75,12.57,18.69,50.79,76.49,72.39,40.98
2051820,MLCI,Mount Logan Capital Inc.,3.05,43416.5,False,40.33,,4.0,80.21,40.33,32.63,28.83,27.79,36.29,28.38,50.79,87.93,50.19,22.35
824142,AAON,"AAON, Inc.",86.16,86810543.21,True,40.3,,2.0,40.68,37.89,40.3,35.63,34.18,28.2,75.96,92.42,21.34,20.98,33.43
1859795,NVX,NOVONIX Limited,2.5,62919.9,False,40.3,,3.0,70.7,40.3,34.18,32.07,30.58,34.71,57.03,50.79,31.32,50.19,1.81
1084201,SVA,"Sinovac Biotech, Ltd.",6.47,0.0,False,40.24,,3.0,71.77,40.24,36.76,34.53,32.18,28.74,33.85,90.52,53.16,50.19,46.33
1065280,NFLX,"Netflix, Inc.",70.3,2439180008.89,True,40.18,,1.0,28.44,34.53,37.65,40.18,36.52,38.13,78.72,1.9,79.7,20.51,20.42
1169561,CVLT,"Commvault Systems, Inc.",157.25,73479854.92,True,40.18,,1.0,10.28,33.91,35.75,36.88,35.36,40.18,39.32,2.64,95.19,88.35,31.11
1783036,NCEL,NewcelX Ltd.,3.05,22804.25,False,40.15,,4.0,78.84,9.36,15.25,22.41,30.28,40.15,23.42,50.79,53.16,84.22,17.09
918541,NNBR,"NN, Inc.",3.95,5454805.91,False,40.12,,2.0,46.95,40.12,24.04,20.62,22.7,17.65,31.32,50.79,2.05,89.33,94.92
2018145,RDAC,Rising Dragon Acquisition Corp.,5.43,95227.7,False,40.12,,5.0,93.76,27.93,28.71,34.56,40.12,38.9,22.26,50.79,65.26,50.19,31.59
1781446,GAUZ,Gauzy Ltd.,4.75,71074.6,False,40.09,,4.0,82.23,40.09,32.69,28.17,26.45,29.15,51.04,50.79,53.16,93.11,1.4
34956,TENX,"Tenax Therapeutics, Inc.",1.87,12858881.78,False,40.06,,3.0,74.06,40.06,32.96,32.15,28.41,30.94,30.28,50.79,98.54,1.96,12.18
1674416,CRSP,CRISPR Therapeutics AG,53.39,76656858.04,True,40.03,,2.0,43.86,40.03,29.33,21.13,17.56,17.3,34.68,5.94,38.25,50.19,24.37
891482,FLL,"Full House Resorts, Inc.",1.21,278482.01,False,40.0,,3.0,55.3,40.0,32.01,25.2,27.4,23.15,28.2,94.5,8.05,50.19,41.16
2137679,OCLT,OceanLight Acquisition Corporation,9.9,122636.0,False,39.94,,3.0,59.64,34.71,34.26,37.53,39.94,38.84,51.04,50.79,8.5,21.6,49.3
1873093,GDTC,CytoMed Therapeutics Limited,0.94,11310.5,False,39.94,,4.0,76.97,19.49,27.58,35.25,38.66,39.94,36.52,50.79,89.47,50.19,17.83
1828805,ALMU,"Aeluma, Inc.",11.4,6696438.98,True,39.88,,3.0,60.39,39.88,24.67,18.93,18.1,17.68,21.43,50.79,11.11,78.81,39.08
715446,ANIX,"Anixa Biosciences, Inc.",2.9,952654.51,False,39.85,,3.0,62.73,35.39,38.07,38.42,39.85,38.28,27.25,0.42,91.71,8.2,31.8
1880661,TPG,TPG Inc.,45.26,119887574.98,True,39.85,,1.0,26.0,39.85,39.47,36.58,35.22,33.79,61.16,50.79,22.94,50.19,37.24
1158895,LMAT,"LeMaitre Vascular, Inc.",80.69,23897826.64,True,39.79,,1.0,21.19,37.71,37.98,39.52,38.63,39.79,64.04,50.79,11.17,67.85,45.11
1967621,ATGL,Alpha Technology Group Limited,4.51,17887.5,False,39.76,,3.0,74.38,39.76,29.18,23.8,22.91,23.77,30.97,50.79,53.16,50.19,6.36
1631574,WVE,"Wave Life Sciences, Inc.",3.46,13766103.09,False,39.64,,3.0,55.75,39.64,28.44,21.78,17.47,17.59,28.35,10.16,35.19,9.54,22.08
908311,CMCT,Creative Media ,3.87,69262.5,False,39.58,,3.0,74.5,9.81,15.42,25.17,33.73,39.58,80.0,50.79,4.25,50.19,5.47
1299130,PACB,"Pacific Biosciences of California, Inc.",2.33,8902411.62,False,39.55,,3.0,58.81,39.55,28.97,23.71,21.13,18.42,19.32,89.3,42.44,50.19,41.4
1907184,ELBM,Electra Battery Materials Corporation,0.49,186131.0,False,39.49,,3.0,66.15,33.46,33.19,33.94,34.23,39.49,51.04,50.79,53.16,93.82,12.75
1655759,ARVN,"Arvinas, Inc.",7.64,5286693.22,True,39.47,,2.0,41.84,28.95,35.66,38.69,39.47,36.94,29.0,50.79,97.68,3.83,45.41
1997859,WBTN,WEBTOON Entertainment Inc.,10.35,3519817.05,True,39.44,,2.0,37.44,39.44,38.48,39.41,38.01,36.85,57.41,50.79,78.28,50.19,25.26
1680048,MBIO,"Mustang Bio, Inc.",0.42,13009.9,False,39.35,,4.0,86.15,39.35,32.27,29.27,29.69,34.38,27.93,50.79,64.22,50.19,21.6
1640384,PWCM,"PowerCompute, Inc.",0.86,252112.0,False,39.35,,4.0,85.94,18.66,17.27,22.35,24.04,39.35,15.51,50.79,98.93,50.19,7.85
1687542,FRGT,"Freight Technologies, Inc.",0.29,189379.0,False,39.29,,4.0,78.78,4.81,11.03,16.91,25.35,39.29,19.64,50.79,53.16,99.29,12.04
1861841,ARBE,Arbe Robotics Ltd.,0.55,702263.09,False,39.26,,4.0,78.16,39.26,29.57,25.56,28.53,32.12,26.69,50.79,39.55,86.98,17.36
1805077,EOSE,"Eos Energy Enterprises, Inc.",2.52,92228552.84,False,39.23,,3.0,70.31,39.23,22.41,16.94,15.13,17.62,20.65,10.07,100.0,69.06,3.77
1588084,TANH,Tantech Holdings Ltd.,17.01,131213.25,False,39.2,,3.0,68.35,9.9,15.33,22.67,30.22,39.2,29.81,50.79,53.16,91.5,13.05
1936258,NAMS,NewAmsterdam Pharma Company N.V.,21.58,29606842.94,True,39.17,,2.0,48.92,39.17,29.03,22.91,21.01,17.5,27.79,50.79,87.16,50.19,19.64
1490281,GRPN,"Groupon, Inc.",19.12,21413093.81,True,39.14,,2.0,39.05,39.14,36.7,36.82,37.92,38.48,28.32,94.89,64.67,98.54,45.94
886744,GERN,Geron Corporation,1.22,12808129.51,False,39.11,,2.0,52.36,29.3,32.99,36.67,39.11,34.18,27.85,5.26,72.45,70.13,57.62
1677940,BYSI,"BeyondSpring, Inc.",0.61,31670.4,False,39.08,,5.0,90.43,39.08,32.54,24.28,22.56,19.79,66.27,50.79,5.23,11.83,22.91
1704292,ZLAB,Zai Lab Limited,24.99,21240687.29,True,39.05,,2.0,36.97,33.02,36.58,39.05,36.94,31.74,58.96,98.78,32.84,29.18,31.56
1846715,WAVE,Eco Wave Power Global AB (publ),5.86,77990.0,False,39.02,,2.0,44.75,24.37,30.91,36.34,37.53,39.02,33.08,50.79,53.16,50.19,33.19
844059,FRPH,"FRP Holdings, Inc.",20.04,1988608.01,True,39.02,,3.0,57.59,39.02,34.5,31.95,32.01,28.14,29.75,50.79,11.77,50.19,46.6
1595097,CRBP,"Corbus Pharmaceuticals Holdings, Inc.",5.38,4533195.0,True,38.99,,3.0,66.09,38.99,28.56,27.99,24.75,26.63,24.87,4.07,91.26,6.84,23.3
2004489,BMGL,Basel Medical Group Ltd,3.75,41903.0,False,38.96,,4.0,76.58,13.94,21.4,29.6,34.32,38.96,51.04,50.79,53.16,50.19,10.7
1929783,WOK,WORK Medical Technology Group LTD,1.53,153033.0,False,38.93,,3.0,73.94,38.93,30.94,26.57,26.27,28.95,44.43,50.79,53.16,50.19,0.33
1035267,ISRG,"Intuitive Surgical, Inc.",415.41,926340639.24,True,38.9,,1.0,15.33,36.32,38.9,37.86,31.89,29.0,75.19,2.82,21.81,6.27,34.59
2027265,MB,MasterBeef Group,3.8,21528.0,False,38.87,,4.0,79.05,38.87,36.2,35.22,35.07,37.15,45.5,84.75,53.16,50.19,19.35
911216,PTN,"Palatin Technologies, Inc.",8.6,217167.5,False,38.84,,5.0,93.61,38.84,26.27,21.49,20.51,16.85,8.74,50.79,72.04,8.68,96.46
2009233,AGRZ,Agroz Inc.,4.42,84308.7,False,38.78,,4.0,78.66,12.24,18.07,24.84,30.52,38.78,58.04,50.79,53.16,68.89,2.23
1285550,CLPT,ClearPoint Neuro Inc.,10.48,8211999.09,True,38.75,,3.0,60.8,38.75,31.35,26.18,25.23,23.09,33.4,8.38,73.64,90.91,21.52
1594805,SHOP,Shopify Inc.,170.85,1037220519.84,True,38.75,,1.0,18.31,29.48,36.08,38.75,37.38,33.05,76.05,1.25,53.16,29.87,34.53
1380106,RPID,"Rapid Micro Biosystems, Inc.",0.89,294031.5,False,38.75,,3.0,72.33,26.92,26.69,28.74,32.1,38.75,25.41,50.79,30.4,87.43,21.22
2016072,VLOS,Velos Acquisition I Corp.,10.79,5887.0,False,38.69,,3.0,66.86,32.1,34.21,37.68,38.69,31.14,20.89,50.79,64.73,20.95,63.86
1837821,ZJYL,JIN MEDICAL INTERNATIONAL LTD.,2.06,39935.5,False,38.66,,3.0,61.9,14.92,21.49,29.51,32.81,38.66,45.14,50.79,53.16,50.19,9.75
1886894,SNAL,"Snail, Inc.",2.27,180847.5,False,38.63,,4.0,85.77,11.71,17.47,24.4,31.14,38.63,24.73,50.79,70.91,50.19,32.39
1935418,FMST,Foremost Clean Energy Ltd.,0.61,98871.55,False,38.6,,3.0,73.25,16.2,23.18,30.58,34.12,38.6,51.04,50.79,53.16,50.19,11.98
1553846,RDHL,Redhill Biopharma Ltd.,0.54,43196.45,False,38.51,,3.0,72.07,16.82,24.81,32.96,34.71,38.51,38.31,50.79,32.64,17.38,18.75
1948455,ISPR,Ispire Technology Inc.,1.46,29545.0,False,38.42,,3.0,67.58,14.26,21.75,34.29,38.42,37.83,30.43,50.79,15.07,10.52,36.58
1574232,ADXN,Addex Therapeutics Ltd,3.22,20585.0,False,38.4,,3.0,67.34,17.21,25.74,33.7,35.69,38.4,51.04,50.79,53.16,28.53,17.86
897448,AMRN,Amarin Corporation plc,12.03,738629.48,False,38.4,,1.0,29.18,38.4,33.25,30.28,29.12,26.54,44.25,4.9,74.47,78.13,28.05
1837240,SYM,Symbotic Inc.,42.63,59992205.3,True,38.37,,2.0,33.7,38.37,29.15,23.77,22.59,21.75,43.45,2.08,38.75,15.57,20.27
2023311,AAPG,Ascentage Pharma Group International,14.75,74502.5,False,38.34,,2.0,50.7,38.34,34.23,30.46,28.65,28.08,39.61,50.79,71.2,28.86,19.05
16160,CALM,"Cal-Maine Foods, Inc.",64.35,76164187.45,True,38.31,,1.0,12.45,38.31,33.88,34.21,32.9,37.65,26.98,4.19,35.42,50.19,39.14
1808805,NAUT,"Nautilus Biotechnology, Inc.",2.25,819437.73,False,38.28,,3.0,70.52,15.36,21.96,31.11,38.28,28.35,28.62,50.79,6.63,12.18,76.61
1576873,ABAT,American Battery Technology Company,1.97,7069587.91,False,38.28,,4.0,84.49,38.28,25.08,20.36,20.98,22.14,22.97,95.22,31.8,77.47,12.45
1948099,MTEN,Mingteng International Corporation Inc.,1.02,240818.5,False,38.19,,3.0,70.37,10.55,14.38,19.17,23.68,38.19,24.19,50.79,53.16,32.04,6.78
2046386,MDLN,Medline Inc.,35.74,258037853.33,True,38.16,,1.0,25.74,38.16,33.94,29.93,27.28,22.38,74.12,50.79,11.89,74.32,37.89
2004024,LHSW,Lianhe Sowell International Group Ltd,0.52,368175.5,False,37.92,,4.0,78.04,7.01,13.28,19.44,25.44,37.92,24.1,50.79,53.16,85.56,10.1
1095565,HSTM,"HealthStream, Inc.",33.13,5172390.97,True,37.89,,1.0,3.36,20.83,25.38,32.27,37.89,35.51,74.92,50.79,4.1,18.51,69.09
1754068,KLRS,"Kalaris Therapeutics, Inc. ",2.36,244642.0,False,37.86,,3.0,66.18,37.86,28.08,24.25,22.41,21.31,18.34,50.79,66.81,11.0,39.32
1948697,SPPL,SIMPPLE LTD.,1.9,93145.5,False,37.86,,3.0,73.58,33.64,28.23,27.4,29.99,37.86,25.74,50.79,53.16,50.19,20.74
1841675,ARBK,Argo Blockchain plc,2.1,22637.0,False,37.83,,3.0,71.74,37.83,30.49,27.25,27.07,27.79,56.82,50.79,53.16,81.16,0.92
1911545,GITS,"Global Interactive Technologies, Inc. Common Stock",1.6,58483.0,False,37.77,,5.0,98.22,37.77,25.29,18.22,16.64,16.46,10.79,50.79,53.16,50.19,73.91
1784535,PRCH,"Porch Group, Inc.",17.56,20686382.59,True,37.74,,2.0,30.43,35.33,36.05,37.24,37.74,32.75,29.3,97.59,68.8,19.11,61.9
1801198,LEGN,Legend Biotech Corporation,18.62,40515684.58,True,37.74,,2.0,49.6,26.78,32.75,35.84,36.11,37.74,46.12,50.79,71.53,26.54,27.46
1321655,PLTR,Palantir Technologies Inc.,209.05,4544297534.38,True,37.71,,1.0,22.47,33.49,36.34,37.71,33.34,30.34,86.54,1.84,10.43,16.82,41.22
2044241,THH,TryHard Holdings Limited,1.37,31554.0,False,37.65,,4.0,77.62,37.65,29.27,24.37,21.63,21.6,51.04,50.79,53.16,11.38,0.77
1776661,ADV,Advantage Solutions Inc. ,30.28,2316949.99,True,37.62,,2.0,37.41,18.51,27.73,33.97,37.62,34.83,38.22,50.79,11.98,80.65,47.9
1905660,HUBC,Hub Cyber Security Ltd.,0.99,242164.95,False,37.62,,4.0,85.14,27.28,27.7,30.31,31.95,37.62,62.17,50.79,31.41,85.47,0.39
2092314,WATR,Air Water Ventures Limited,1.8,243830.5,False,37.62,,3.0,73.49,37.62,31.83,28.77,28.29,30.25,51.04,50.79,53.16,50.19,4.01
2011053,PBK,PowerBank Corporation,0.23,210172.62,False,37.56,,3.0,72.1,19.2,24.13,29.09,32.15,37.56,51.04,85.97,53.16,78.75,5.91
1813783,VMAR,Vision Marine Technologies Inc.,6.07,474386.39,False,37.56,,3.0,73.79,37.56,32.15,29.45,29.6,34.53,51.04,11.44,89.47,97.44,0.36
1834526,GPAT,GP-Act III Acquisition Corp.,11.03,0.0,False,37.56,,3.0,66.36,35.48,35.36,37.06,37.56,34.15,22.41,50.79,53.16,50.19,65.02
1484612,OM,"Outset Medical, Inc.",4.05,522534.98,False,37.53,,3.0,69.15,12.96,17.95,25.11,33.97,37.53,27.73,50.79,69.45,86.69,14.92
1883685,DKNG,DraftKings Inc.,19.58,261780789.63,True,37.5,,2.0,40.39,26.39,32.78,37.5,37.3,33.85,45.65,92.66,83.45,50.19,29.21
2063863,ELWT,"Elauwit Connection, Inc.",6.0,55219.0,False,37.47,,5.0,92.69,37.47,27.4,24.55,22.5,25.82,13.97,50.79,89.03,93.55,55.9
1026785,HIHO,Highway Holdings Limited,0.86,28811.0,False,37.44,,3.0,66.24,27.01,26.09,27.01,29.15,37.44,25.59,50.79,72.66,5.88,34.12
1159036,HALO,"Halozyme Therapeutics, Inc.",110.42,180267545.18,True,37.38,,1.0,5.65,37.38,30.13,27.64,27.25,22.94,60.74,89.24,3.27,16.11,84.46
1442620,RCON,"Recon Technology, Ltd.",1.11,310543.99,False,37.33,,4.0,80.48,37.33,29.06,26.36,26.33,32.63,37.21,50.79,53.16,50.19,1.78
793524,REFR,Research Frontiers Incorporated,0.59,46147.5,False,37.3,,5.0,90.55,37.3,29.24,27.31,29.39,31.2,24.37,97.18,41.69,50.19,11.83
1464790,RILY,"BRC Group Holdings, Inc.",5.11,3455833.01,True,37.24,,4.0,75.22,25.79,33.64,35.19,37.24,37.06,65.62,50.79,7.28,31.47,74.83
1561032,NHP,"National Healthcare Properties, Inc.",15.55,7457486.72,True,37.15,,1.0,25.77,37.15,31.26,20.71,19.17,18.48,43.09,14.83,4.99,79.05,42.05
1782309,EDTK,Skillful Craftsman Education Technology Limited,0.95,3282.75,False,37.12,,2.0,53.7,30.13,29.66,32.3,33.22,37.12,17.98,50.79,53.16,50.19,53.85
1789299,FXHO,UTime Limited,10.87,725675.49,False,37.09,,3.0,67.13,8.26,14.44,21.84,27.82,37.09,28.65,50.79,53.16,50.19,8.29
909832,COST,Costco Wholesale Corporation,946.92,1911435965.07,True,37.06,,1.0,2.05,37.06,36.85,34.71,29.78,26.18,69.78,11.5,12.07,20.68,41.96
1905920,GLXG,Galaxy Payroll Group Limited,1.02,54653.7,False,36.97,,3.0,67.1,11.41,16.29,22.62,28.14,36.97,24.43,50.79,53.16,70.31,20.59
885462,GURE,"Gulf Resources, Inc.",2.9,13574.0,False,36.91,,5.0,90.52,28.11,26.3,27.49,31.47,36.91,20.09,50.79,33.4,50.19,39.17
1472012,IMNM,"Immunome, Inc.",19.31,24268880.61,True,36.88,,2.0,45.79,36.88,23.33,17.62,16.26,12.93,36.73,50.79,1.13,16.94,86.75
1937653,ZYME,Zymeworks Inc.,25.79,15398786.22,True,36.85,,1.0,25.2,29.54,35.07,36.85,36.73,28.89,27.01,50.79,18.54,8.23,81.87
1783407,SOGP,Sound Group Inc.,10.84,68450.0,False,36.79,,2.0,31.56,36.79,34.03,33.58,31.56,26.95,65.85,50.79,11.05,50.19,35.81
1314052,AVXL,Anavex Life Sciences Corp.,1.49,2206801.49,False,36.76,,5.0,92.27,36.76,25.53,22.5,20.27,19.49,28.8,1.22,28.8,8.8,8.95
1850059,FSHP,Flag Ship Acquisition Corp.,11.28,0.0,False,36.76,,5.0,93.97,25.82,26.89,31.77,36.76,28.02,17.59,50.79,9.39,50.19,75.78
1829794,EMPD,Empery Digital Inc.,3.05,729238.01,False,36.73,,3.0,69.75,23.6,22.17,25.5,29.48,36.73,15.87,50.79,98.9,84.16,19.32
1525769,PLAY,"Dave & Buster's Entertainment, Inc.",6.9,14587291.8,True,36.7,,2.0,41.75,16.52,20.18,23.36,26.81,36.7,20.24,8.8,86.95,50.19,22.94
2024114,TGHL,The GrowHub Limited,0.77,121150.2,False,36.67,,4.0,79.82,33.28,31.68,32.42,33.46,36.67,31.59,50.79,53.16,50.19,28.02
1526125,GDS,GDS Holdings Limited,30.44,48356378.77,True,36.64,,2.0,30.7,26.6,32.6,36.64,35.84,31.95,51.04,50.79,34.8,68.83,39.35
1375877,CSIQ,Canadian Solar Inc.,11.38,25132571.88,True,36.64,,2.0,47.28,31.05,33.08,33.43,31.68,36.64,60.36,2.67,41.31,88.14,48.53
1883437,EPSM,Epsium Enterprise Limited,1.13,21118.0,False,36.64,,3.0,74.15,36.64,31.05,29.81,28.97,34.35,41.66,50.79,41.46,14.29,4.34
1294133,INGN,"Inogen, Inc",5.94,1503082.48,True,36.58,,2.0,32.24,26.33,27.79,33.76,36.58,32.54,58.07,50.79,8.74,25.26,31.89
1520697,ACHC,"Acadia Healthcare Company, Inc.",29.25,45065600.14,True,36.55,,1.0,21.04,27.37,32.1,36.55,34.03,29.27,31.03,95.19,25.11,1.69,66.75
1436229,BTCS,BTCS Inc.,1.29,1594791.99,False,36.49,,5.0,91.11,36.49,27.28,26.3,29.93,35.96,22.94,50.79,93.22,50.19,12.24
1437402,ARDX,"Ardelyx, Inc.",3.28,14487766.8,False,36.46,,2.0,50.4,36.46,32.07,30.19,29.66,26.78,36.29,1.37,72.51,24.07,30.49
1792789,DASH,"DoorDash, Inc.",196.5,755199421.75,True,36.43,,1.0,25.32,32.6,33.73,36.43,33.14,32.15,72.27,92.69,24.46,13.05,28.32
921299,KYNB,"Kyntra Bio, Inc.",6.11,92963.5,False,36.4,,4.0,87.67,36.02,33.31,33.52,36.4,34.56,19.82,50.79,23.51,50.19,43.33
1314196,OLB,"The OLB Group, Inc.",0.5,98798.63,False,36.34,,4.0,89.75,6.03,12.54,19.11,24.28,36.34,20.51,50.79,34.0,50.19,19.97
1501989,CTMX,"CytomX Therapeutics, Inc.",2.57,8397392.63,False,36.32,,3.0,66.6,32.42,33.79,36.32,36.08,34.86,29.78,50.79,38.16,27.25,52.24
2049662,FAC,Factorial Energy Inc.,5.14,1543615.05,True,36.29,,4.0,89.27,36.29,21.16,15.45,14.09,12.45,16.55,50.79,63.71,77.71,18.42
1962746,LOT,Lotus Technology Inc.,0.69,119448.3,False,36.26,,3.0,67.55,36.26,23.48,17.18,14.95,15.36,24.78,50.79,53.16,15.3,19.49
1173204,CNVS,Cineverse Corp.,1.91,236586.5,False,36.23,,3.0,62.23,26.86,27.99,26.95,30.82,36.23,31.29,50.79,17.71,50.19,38.42
1709626,NCNA,NuCana plc,1.1,35576.5,False,36.2,,3.0,72.21,20.18,25.23,29.96,32.66,36.2,51.04,50.79,53.16,50.19,9.66
1858685,BFRI,Biofrontera Inc.,0.97,520652.5,False,36.14,,4.0,86.66,36.14,24.19,19.32,16.82,15.69,10.97,50.79,32.01,1.34,96.85
1798749,JBIO,"Jade Biosciences, Inc.",14.39,14763416.39,True,36.05,,3.0,59.02,36.05,35.45,35.93,32.72,32.33,21.37,50.79,27.07,17.77,94.65
2017950,DTSQ,DT Cloud Star Acquisition Corporation,11.42,0.0,False,35.93,,4.0,85.68,35.1,32.81,33.19,35.93,34.41,16.79,50.79,12.33,50.19,74.92
1945565,BGIN,Bgin Blockchain Limited,2.1,9921.0,False,35.9,,4.0,76.49,35.9,25.68,21.55,19.44,19.52,18.19,50.79,53.16,75.13,46.36
1590560,QURE,uniQure N.V.,22.59,50351036.77,True,35.87,,3.0,64.67,35.87,25.94,21.46,17.36,16.61,30.01,50.79,84.84,50.19,27.67
911147,CNTY,"Century Casinos, Inc.",0.86,48940.5,False,35.84,,4.0,76.08,35.84,27.16,25.23,27.16,28.26,21.04,89.87,17.44,50.19,25.77
1795586,CHYM,"Chime Financial, Inc.",30.08,173203946.36,True,35.78,,2.0,34.56,24.9,29.39,32.57,35.78,21.81,35.45,50.79,6.84,3.06,86.27
1526243,PPTA,Perpetua Resources Corp.,20.64,23195250.78,True,35.75,,2.0,51.71,35.16,33.55,35.75,34.29,30.31,34.18,6.45,84.43,90.04,41.55
1826889,BODI,"The Beachbody Company, Inc.",4.71,186363.0,False,35.72,,4.0,87.22,35.72,30.4,26.24,24.93,24.01,19.91,50.79,69.21,50.19,60.24
1745999,BEAM,Beam Therapeutics Inc.,25.7,42996777.3,True,35.72,,2.0,48.08,23.66,30.97,35.72,33.31,25.5,43.71,91.62,70.04,17.24,42.02
1487197,BRFH,Barfresh Food Group Inc.,0.79,16601.0,False,35.63,,5.0,92.42,32.9,27.64,25.68,30.49,35.63,25.17,50.79,76.7,84.04,22.23
1734750,MOVE,"Corvex, Inc.",9.81,1082378.98,True,35.63,,5.0,92.72,35.63,18.37,12.84,11.5,11.83,2.35,50.79,29.72,19.29,99.44
45919,HHS,"Harte Hanks, Inc.",4.45,156605.51,False,35.6,,4.0,80.27,35.6,29.45,30.67,31.26,26.3,14.06,97.21,29.09,91.59,77.38
1552670,TAOP,Taoping Inc.,0.42,24502.5,False,35.6,,3.0,71.5,7.34,12.48,17.3,23.15,35.6,17.09,50.79,53.16,30.97,23.06
1367083,SNOA,"Sonoma Pharmaceuticals, Inc.",1.23,61543.04,False,35.57,,3.0,74.56,20.86,24.4,26.66,31.17,35.57,39.11,50.79,6.75,14.59,23.48
1359931,TARA,"Protara Therapeutics, Inc. ",2.76,1704052.08,False,35.48,,3.0,62.32,19.76,26.48,33.05,35.48,31.53,32.15,50.79,76.73,16.29,37.59
1896084,IONR,ioneer Ltd,2.97,235521.0,False,35.39,,3.0,57.74,20.53,26.06,30.4,33.49,35.39,46.09,50.79,75.33,50.19,20.8
2030829,PGAC,Pantages Capital Acquisition Corporation,10.77,0.0,False,35.36,,5.0,91.95,28.89,28.41,31.59,34.06,35.36,15.69,50.79,53.16,78.37,72.18
1897532,PASW,"Ping An Biomedical Co., Ltd.",0.12,27261.3,False,35.33,,3.0,63.36,18.6,20.71,23.33,27.46,35.33,24.75,50.79,53.16,50.19,13.91
1835654,INVZ,Innoviz Technologies Ltd.,0.31,889980.24,False,35.3,,4.0,75.33,35.3,25.02,20.65,22.62,24.04,25.68,50.79,67.34,89.6,5.17
1769768,EJH,E-Home Household Service Holdings Limited,1.33,23125.95,False,35.27,,4.0,75.93,34.0,28.02,25.97,26.78,35.27,33.73,50.79,53.16,50.19,6.12
2070534,SLBT,SL Science Holding Limited,1.51,119340.5,False,35.25,,4.0,79.67,35.25,31.03,29.03,28.95,31.11,51.04,50.79,53.16,50.19,4.78
1878848,IREN,IREN Limited,35.71,1612515648.25,True,35.22,,3.0,59.17,35.22,17.65,12.48,10.43,9.78,19.47,3.63,67.28,3.42,22.32
1780785,CNEY,CN Energy Group Inc.,0.49,35011.65,False,35.22,,4.0,77.98,28.23,23.95,24.22,26.24,35.22,24.96,50.79,53.16,50.19,17.71
1856725,RANI,"Rani Therapeutics Holdings, Inc.",0.8,439944.4,False,35.19,,5.0,94.8,35.19,26.12,19.38,17.89,15.6,6.57,50.79,26.78,27.9,96.52
1680581,FULC,"Fulcrum Therapeutics, Inc.",3.77,4699820.93,False,35.19,,3.0,68.44,19.38,24.7,30.85,30.76,35.19,44.13,50.79,25.5,9.6,19.11
1768224,ARCT,Arcturus Therapeutics Holdings Inc.,13.74,8587182.54,True,35.16,,4.0,76.76,16.64,23.98,34.15,35.16,29.72,31.95,9.3,86.92,22.47,38.54
1123494,HBIO,"Harvard Bioscience, Inc.",8.24,96244.5,False,35.04,,3.0,59.94,35.04,31.71,30.22,32.12,29.69,10.64,5.44,68.83,70.01,98.99
2007702,HKPD,"Cellyan Biotechnology Co., Ltd ",0.11,55414.6,False,35.04,,4.0,81.81,15.9,21.34,26.63,29.96,35.04,43.42,50.79,53.16,50.19,3.45
1848739,GDEV,GDEV Inc.,11.11,16410.5,False,34.95,,2.0,54.0,15.01,21.37,26.75,31.53,34.95,58.45,4.87,74.62,50.19,16.23
1931717,CCTG,CCSC Technology International Holdings Limited,0.5,67284.25,False,34.89,,4.0,75.75,6.66,13.16,20.18,25.59,34.89,23.03,50.79,53.16,50.19,13.08
1720580,ACET,"Adicet Bio, Inc.",5.61,905009.98,False,34.86,,3.0,58.25,34.86,24.9,23.83,26.21,25.2,21.66,50.79,84.64,82.79,30.67
2015955,CUB,Lionheart Holdings,10.9,328976.15,False,34.83,,3.0,60.09,34.83,32.12,31.74,32.3,32.01,19.08,50.79,53.16,96.37,64.28
1533998,DRIO,DarioHealth Corp.,5.8,84679.5,False,34.8,,2.0,51.74,34.8,28.26,26.06,28.59,31.35,22.38,50.79,86.45,16.23,23.18
1084869,FLWS,"1-800-FLOWERS.COM, Inc.",2.7,791449.48,False,34.77,,2.0,50.61,14.23,21.31,28.86,34.77,34.12,45.26,12.54,9.57,50.19,35.6
1110646,NTES,"NetEase, Inc.",124.24,88921036.18,True,34.68,,1.0,13.19,27.16,31.47,34.32,34.68,31.77,66.84,92.9,68.92,23.57,32.01
1725332,ALAR,Alarum Technologies Ltd.,1.58,188481.0,False,34.65,,4.0,79.11,34.65,26.0,21.04,18.42,20.15,40.53,1.13,74.15,19.32,1.87
1631487,CLGN,CollPlant Biotechnologies Ltd.,3.51,44668.9,False,34.62,,3.0,74.86,15.1,21.04,26.45,31.2,34.62,28.86,50.79,30.64,28.32,12.01
1650664,EDIT,"Editas Medicine, Inc.",2.9,5651697.92,False,34.59,,3.0,70.85,20.27,26.78,34.59,31.38,32.84,32.42,92.6,78.48,15.25,36.4
1868640,RDZN,"Roadzen, Inc.",1.13,381252.5,False,34.56,,4.0,89.15,34.56,20.77,14.06,13.61,14.15,14.44,12.72,25.85,85.88,50.37
1649009,CHAI,"Core AI Holdings, Inc.",0.23,172262.3,False,34.5,,4.0,82.91,34.5,23.15,17.95,16.97,18.22,27.4,50.79,53.16,50.19,0.98
714310,VLY,Valley National Bancorp,12.62,93113056.11,True,34.44,,1.0,4.4,34.44,28.53,32.81,30.55,25.62,42.32,16.26,4.37,6.21,82.11
1808898,BNTC,Benitec Biopharma Inc.,8.87,1210642.95,True,34.41,,3.0,63.98,32.27,29.6,33.25,34.41,29.99,26.75,50.79,87.22,11.11,39.73
2063816,INAC,Indigo Acquisition Corp.,10.37,0.0,False,34.41,,3.0,64.55,34.41,31.77,32.24,32.78,33.08,18.16,50.79,53.16,50.19,70.52
1360214,HROW,"Harrow, Inc.",29.36,17563500.05,True,34.38,,2.0,37.33,34.38,27.52,20.53,18.04,17.27,31.71,50.79,5.79,11.47,41.58
1885408,NEXR,Nexera Technologies Ltd,1.01,304728.49,False,34.32,,3.0,74.59,12.42,16.23,21.52,24.73,34.32,25.05,50.79,53.16,83.36,6.92
2049248,LCCC,Lakeshore Acquisition III Corp.,10.54,0.0,False,34.26,,4.0,82.2,30.4,29.48,33.34,33.94,34.26,17.21,50.79,26.84,50.19,72.84
2020385,TAVI,Tavia Acquisition Corp.,10.78,2145.0,False,34.26,,3.0,61.46,28.05,30.46,30.49,34.26,30.55,24.25,50.79,5.87,50.19,70.31
1653482,GTLB,GitLab Inc.,53.56,166578625.0,True,34.26,,1.0,10.49,26.72,31.41,34.26,33.11,28.29,29.9,91.83,40.89,32.01,56.02
866374,FLEX,Flex Ltd.,119.83,351012095.68,True,34.26,,2.0,31.68,34.26,28.92,27.37,27.19,23.39,70.85,90.61,3.06,50.19,89.72
1842827,BZ,KANZHUN LIMITED,15.73,77309366.93,True,34.15,,1.0,24.7,25.47,29.72,33.88,34.15,28.62,72.51,50.79,12.66,50.19,29.69
1611746,SPRC,SciSparc Ltd.,4.47,92681.0,False,34.12,,4.0,81.78,34.12,30.16,28.32,26.89,25.14,61.4,50.79,53.16,27.19,2.44
1867066,DERM,Journey Medical Corporation,6.31,1096802.02,True,34.09,,4.0,75.9,34.09,22.79,17.59,16.58,15.19,14.74,50.79,74.06,50.19,56.64
1043961,PRPO,"Precipio, Inc.",23.12,2386386.02,True,34.06,,3.0,67.76,34.06,32.45,30.52,30.67,24.61,14.21,50.79,75.84,8.83,91.65
909494,TCX,Tucows Inc.,9.14,728132.0,False,34.03,,3.0,62.62,28.59,27.46,29.57,32.07,34.03,29.6,16.79,70.07,50.19,28.44
1329099,BIDU,"Baidu, Inc.",85.33,210717631.54,True,34.03,,2.0,34.18,31.17,31.29,34.03,30.7,25.47,72.18,85.77,14.38,81.25,26.6
1967397,LZMH,LZ Technology Holdings Limited,1.05,38649.5,False,33.94,,4.0,79.73,33.94,23.57,19.7,18.6,22.05,31.92,50.79,53.16,50.19,0.86
1857190,NYXH,Nyxoah SA,1.36,189841.0,False,33.91,,3.0,73.19,22.82,26.75,29.78,31.41,33.91,51.04,50.79,53.16,29.99,8.83
1635077,ACON,"Aclarion, Inc.",2.34,102765.0,False,33.88,,3.0,64.9,25.23,26.24,28.02,32.57,33.88,18.84,50.79,96.97,97.59,21.55
1109357,EXC,Exelon Corporation,41.76,302216778.86,True,33.88,,1.0,7.4,33.88,33.4,32.6,28.32,24.64,42.88,10.43,31.44,29.03,40.36
2048948,NPAC,New Providence Acquisition Corp. III,10.5,40206.0,False,33.79,,3.0,63.27,33.79,29.81,28.92,28.71,25.38,19.14,50.79,53.16,50.19,63.36
1561921,TELA,"TELA Bio, Inc.",1.11,132515.44,False,33.76,,4.0,86.21,27.79,27.1,28.59,33.76,33.55,24.84,50.79,12.21,84.31,35.19
1181412,SPCX,Space Exploration Technologies Corp.,162.57,10731927990.31,True,33.7,,2.0,33.97,32.81,33.7,31.89,29.45,31.68,60.95,6.3,64.7,95.87,37.95
1434316,FATE,"Fate Therapeutics, Inc.",2.18,3290999.47,False,33.67,,4.0,86.09,33.67,22.05,16.88,15.04,12.3,11.74,50.79,29.93,0.39,82.2
1625101,PLSE,"Pulse Biosciences, Inc",53.81,20288999.35,True,33.67,,2.0,38.81,22.64,25.88,29.9,33.67,25.08,27.37,50.79,4.9,23.45,96.73
1821159,EVGO,EVgo Inc.,1.22,4625601.08,False,33.61,,3.0,56.05,33.61,22.76,18.84,16.79,17.21,24.52,50.79,40.06,83.15,8.56
1660334,VRCA,Verrica Pharmaceuticals Inc.,4.11,205873.5,False,33.58,,4.0,88.17,33.58,23.89,18.81,15.51,13.43,8.44,50.79,96.37,11.98,75.69
1566044,YARW,"Yarrow Bioscience, Inc.",19.71,1340287.96,True,33.55,,4.0,79.97,33.55,18.84,13.58,12.1,11.77,5.53,50.79,5.74,73.67,99.73
1308208,ULH,"Universal Logistics Holdings, Inc.",17.35,728173.51,False,33.52,,3.0,56.02,33.52,23.51,17.71,17.3,16.17,23.54,50.79,8.89,50.19,52.21
944075,SCKT,"Socket Mobile, Inc.",0.6,52732.0,False,33.49,,5.0,90.25,29.09,24.01,22.47,25.05,33.49,17.41,50.79,70.82,99.73,32.3
2040381,PACH,Pioneer Acquisition I Corp,10.38,6172.25,False,33.43,,3.0,57.77,33.43,31.0,31.03,31.29,28.59,18.75,50.79,53.16,50.19,67.22
1852440,JZ,Jianzhi Education Technology Group Company Limited,1.28,195814.4,False,33.4,,4.0,78.75,12.45,18.25,24.93,29.24,33.4,66.98,50.79,53.16,50.19,1.1
1826376,GSUN,Golden Sun Technology Group Limited,0.22,355350.45,False,33.37,,4.0,83.92,14.38,19.44,23.27,26.69,33.37,28.08,50.79,53.16,50.19,12.72
1424929,FOXF,Fox Factory Holding Corp.,18.05,8860404.09,True,33.34,,1.0,27.4,33.34,30.43,25.29,24.25,22.08,58.22,88.08,7.52,31.86,40.77
1825875,RAYA,Erayak Power Solution Group Inc.,1.71,22056.0,False,33.34,,3.0,71.05,30.88,24.46,22.88,23.42,33.34,29.09,50.79,53.16,24.46,6.3
1861974,ECX,ECARX Holdings Inc.,0.85,762568.49,False,33.31,,3.0,65.44,33.31,31.23,31.41,30.19,32.42,38.93,50.79,37.44,50.19,22.67
1588978,PRCT,PROCEPT BioRobotics Corporation,18.4,23326788.63,True,33.25,,2.0,44.58,15.75,23.92,27.96,33.25,28.47,32.33,50.79,9.72,67.73,26.21
1598981,SKYX,SKYX Platforms Corp.,1.1,872008.0,False,33.25,,4.0,85.65,33.25,21.84,21.58,22.64,21.1,27.52,50.79,3.86,50.19,73.14
874015,IONS,"Ionis Pharmaceuticals, Inc.",43.3,154848308.56,True,33.16,,2.0,45.85,33.16,29.9,32.93,27.55,24.9,33.67,3.36,90.13,13.76,29.42
1420720,IBIO,"iBio, Inc.",0.92,659202.98,False,33.11,,4.0,85.91,33.11,16.4,13.28,10.79,10.61,1.87,50.79,79.49,50.19,91.17
1050140,DSGX,The Descartes Systems Group Inc.,82.82,39947067.02,True,33.11,,1.0,16.26,27.82,30.85,33.11,32.45,27.55,75.84,10.85,11.0,50.19,33.02
16732,CPB,The Campbell's Company,19.21,132814233.98,True,33.08,,1.0,17.36,33.08,30.28,31.29,32.36,31.56,57.33,50.79,6.51,50.19,34.0
1941029,ADVB,Advanced Biomed Inc.,5.31,678968.0,False,33.05,,5.0,92.36,33.05,19.91,14.83,13.7,14.0,11.56,50.79,53.16,50.19,49.33
1671858,SPRY,"ARS Pharmaceuticals, Inc.",4.23,7905288.52,False,32.96,,3.0,66.98,17.15,23.45,29.69,32.96,29.18,40.65,50.79,72.12,3.33,18.22
912728,FWRD,Forward Air Corporation,15.64,7821938.88,True,32.93,,3.0,60.45,32.93,29.12,28.53,27.04,30.01,29.33,50.79,32.72,77.15,33.11
1751008,APP,Applovin Corporation,277.04,1884053828.08,True,32.93,,2.0,36.76,24.04,25.59,28.8,28.2,32.93,63.83,6.84,42.76,28.97,17.0
1639723,NAVN,"Navan, Inc.",23.64,68884657.02,True,32.84,,2.0,33.14,21.72,27.37,32.36,32.84,32.57,32.18,9.72,86.51,95.39,41.78
1869105,BBOT,"BridgeBio Oncology Therapeutics, Inc.",3.31,2245939.99,False,32.84,,3.0,74.12,32.84,19.58,15.39,14.0,16.05,19.97,50.79,25.77,73.88,14.53
1595353,EOCN,Eocene Ltd.,3.54,38419.52,False,32.81,,3.0,73.52,19.14,21.1,23.18,26.72,32.81,23.33,50.79,53.16,50.19,21.1
1967822,CGTL,Creative Global Technology Holdings Limited,3.45,87578.5,False,32.75,,4.0,82.14,32.75,25.97,23.68,23.36,26.57,23.36,50.79,53.16,50.19,23.95
883241,SNPS,"Synopsys, Inc.",509.99,704035311.52,True,32.69,,1.0,17.62,31.35,32.39,32.69,28.89,28.86,38.48,97.65,23.6,83.48,37.09
1835579,IMA,"ImageneBio, Inc.",4.26,53523.0,False,32.66,,2.0,50.19,32.66,26.63,24.31,22.26,23.57,21.96,50.79,29.78,13.19,33.22
1162194,LAB,Standard BioTools Inc.,0.69,969167.48,False,32.63,,4.0,83.54,32.63,23.21,23.86,26.54,23.66,33.79,8.17,8.17,76.08,22.44
1970544,ITOC,iTonic Holdings Ltd,4.02,32501.27,False,32.48,,3.0,66.42,14.89,19.23,23.48,27.67,32.48,23.06,50.79,53.16,50.19,24.96
1817713,JANX,"Janux Therapeutics, Inc.",18.39,13225554.36,True,32.42,,2.0,47.73,14.71,21.63,29.21,32.42,25.29,39.58,50.79,74.74,10.31,27.99
2010499,DGNX,Diginex Limited,1.27,679542.98,False,32.39,,4.0,79.14,23.48,24.25,24.96,28.02,32.39,45.88,50.79,65.42,92.48,0.95
1571934,TAOX,Tao Synergies Inc.,3.84,434870.5,False,32.3,,3.0,70.04,32.3,23.12,18.42,18.34,21.13,16.76,50.79,69.84,50.19,29.96
1821424,UK,Ucommune International Ltd ,2.02,26581.0,False,32.27,,4.0,75.96,9.51,14.47,21.81,27.52,32.27,23.39,99.35,53.16,50.19,17.92
1013880,TTEC,"TTEC Holdings, Inc.",1.58,618557.01,False,32.24,,3.0,58.87,8.32,14.86,21.72,28.74,32.24,30.73,15.07,6.95,17.44,21.34
1877971,POM,POMDOCTOR LIMITED,0.77,25390.0,False,32.21,,4.0,85.88,32.21,25.85,23.57,23.45,29.09,33.94,50.79,53.16,50.19,2.26
1784970,NXTT,Next Technology Holding Inc.,5.3,181161.5,False,32.18,,4.0,81.55,32.18,24.49,20.48,18.4,17.74,39.38,50.79,53.16,50.19,0.15
1341766,CELH,"Celsius Holdings, Inc.",28.58,235088287.13,True,32.18,,1.0,29.57,22.56,27.01,32.18,31.08,30.79,60.33,5.85,23.63,79.58,12.54
1703647,KRRO,"Korro Bio, Inc.",10.16,1469210.01,True,32.18,,3.0,71.38,11.53,17.33,24.13,25.65,32.18,30.52,50.79,83.33,76.02,16.88
1454938,TEAD,Teads Holding Co.,0.54,95443.05,False,32.1,,4.0,84.04,19.79,20.74,21.1,24.84,32.1,22.85,50.79,10.88,28.92,17.06
2028935,FACT,FACT II Acquisition Corp.,10.74,26160.5,False,32.04,,3.0,61.01,30.43,30.37,32.04,31.83,30.85,18.4,50.79,53.16,94.83,69.06
1609809,MCRB,"Seres Therapeutics, Inc.",2.63,247536.0,False,32.04,,4.0,83.12,32.04,23.86,19.08,18.72,16.76,20.27,50.79,76.79,74.06,14.56
1783328,TCRX,"TScan Therapeutics, Inc.",0.24,265107.8,False,31.95,,5.0,90.58,31.95,24.93,20.89,17.74,19.97,21.75,50.79,21.28,27.88,8.65
2064177,BPAC,Blueport Acquisition Ltd,10.23,5092.5,False,31.92,,3.0,66.48,22.47,25.35,29.33,31.59,31.92,15.07,50.79,34.18,50.19,61.78
1830081,RUM,RUM Group Inc.,6.96,25422638.26,True,31.86,,2.0,52.24,31.86,17.53,14.53,13.49,12.87,30.46,16.76,4.67,50.19,40.03
1057352,CSGP,"CoStar Group, Inc.",29.67,181866170.31,True,31.86,,2.0,30.19,22.17,28.8,31.56,31.86,29.84,42.41,3.21,96.76,28.11,9.15
2059165,SSEA,Starry Sea Acquisition Corp,10.44,3087.0,False,31.86,,4.0,84.46,25.08,26.66,29.0,31.32,31.86,15.45,50.79,53.16,50.19,73.11
2041047,CCAQ,Collective Acquisition Corp.,10.69,2638.5,False,31.83,,3.0,64.13,31.83,30.82,31.71,31.74,29.06,18.37,50.79,53.16,50.19,70.88
2100782,GENB,"Generate Biomedicines, Inc.",13.99,13043005.31,True,31.8,,2.0,38.34,24.84,28.38,31.8,31.11,29.39,38.87,50.79,71.0,50.19,43.71
1818874,SOFI,"SoFi Technologies, Inc. ",15.8,812276911.24,True,31.77,,2.0,46.42,31.77,29.96,30.76,28.47,21.55,65.94,87.52,71.47,3.71,21.69
2079106,LAFA,LaFayette Acquisition Corp.,10.18,504.0,False,31.71,,3.0,59.73,25.53,26.39,29.12,31.71,28.41,15.96,50.79,63.95,50.19,59.08
1928340,GDHG,Golden Heaven Group Holdings Ltd. ,1.18,23884.75,False,31.65,,3.0,61.6,16.17,20.24,24.04,27.76,31.65,36.91,50.79,53.16,50.19,5.74
1356576,SUPN,"Supernus Pharmaceuticals, Inc.",42.67,26557730.57,True,31.62,,1.0,19.32,31.29,31.62,30.04,27.34,22.62,34.35,8.92,53.16,31.77,37.0
2054272,ONCH,1RT Acquisition Corp.,10.35,13932.0,False,31.62,,3.0,63.8,29.57,28.62,30.1,31.62,31.62,18.72,50.79,53.16,50.19,64.84
1832483,SERV,Serve Robotics Inc.,4.35,15142192.25,False,31.56,,3.0,60.77,31.56,21.9,18.19,17.83,16.52,24.99,99.11,83.95,5.29,8.17
1254699,QVCG,"QVC Group, Inc.",12.87,2573948.08,True,31.53,,5.0,91.62,31.53,18.28,13.76,10.85,9.15,11.5,5.35,93.16,8.41,46.0
1505952,HUCK,"Huckleberry.ai, Inc.",3.13,3477535.55,False,31.47,,4.0,80.42,23.24,23.71,28.65,30.46,31.47,35.33,50.79,21.43,50.19,12.15
1783183,PHAT,"Phathom Pharmaceuticals, Inc.",7.25,10307855.08,True,31.47,,2.0,54.21,18.84,24.73,31.47,30.88,31.08,28.56,50.79,25.44,27.43,32.81
1393434,OCUL,"Ocular Therapeutix, Inc.",7.54,21048710.53,True,31.44,,2.0,51.32,17.44,24.43,31.05,31.44,25.05,31.23,50.79,66.3,2.29,42.23
1796514,BTCT,BTC Digital Ltd.,1.01,1046591.52,False,31.38,,4.0,79.23,31.38,24.55,22.2,22.32,25.68,16.88,50.79,53.16,50.19,30.85
1872228,TVAI,Thayer Ventures Acquisition Corporation II,10.41,2074.5,False,31.35,,2.0,44.81,30.22,29.87,31.0,31.35,28.53,19.29,50.79,53.16,50.19,66.06
1979610,WXM,WF International Limited,3.42,71964.0,False,31.26,,4.0,77.74,28.29,24.1,23.21,24.4,31.26,25.62,50.79,53.16,50.19,7.22
1069530,FLNA,"Filana Therapeutics, Inc.",0.82,291403.0,False,31.26,,4.0,85.59,31.26,23.68,24.07,24.58,25.88,15.99,50.79,96.55,50.19,10.07
2066836,CNXU,Conexeu Sciences Inc.,3.89,1219034.04,False,31.23,,4.0,77.0,11.0,15.84,24.1,30.16,31.23,51.04,50.79,4.21,77.65,57.09
1778016,NBP,NovaBridge Biosciences,1.39,447090.0,False,31.23,,3.0,70.46,16.46,21.99,27.19,31.23,29.57,35.04,50.79,71.17,50.19,14.23
1985062,PBM,Psyence Biomedical Ltd.,4.97,208390.5,False,31.14,,4.0,82.32,31.14,26.86,24.67,24.37,26.75,58.28,50.79,53.16,14.86,1.34
1339970,ATYR,"aTyr Pharma, Inc.",0.25,383069.1,False,31.03,,5.0,90.22,31.03,24.78,25.53,27.85,27.64,21.81,50.79,28.38,50.19,21.49
2074176,VNOM,"Viper Energy, Inc. ",42.99,63673840.26,True,31.03,,1.0,6.36,24.87,26.36,28.47,31.03,28.71,74.53,15.33,4.04,17.36,72.21
2020987,YHNA,YHN Acquisition I Limited,11.09,0.0,False,31.0,,4.0,85.62,27.43,26.21,27.55,31.0,25.11,18.63,50.79,6.45,50.19,73.43
1860871,TVGN,Tevogen Inc.,6.78,40376.0,False,31.0,,4.0,87.88,18.87,19.38,20.98,25.14,31.0,23.24,50.79,21.72,50.19,13.14
1811216,BAOS,Baosheng Media Group Holdings Limited,0.25,193847.74,False,30.91,,4.0,76.26,5.08,11.44,16.52,21.84,30.91,19.61,50.79,53.16,50.19,14.5
1964946,YAAS,Youxin Technology Ltd,1.08,43415.0,False,30.88,,3.0,70.76,24.19,21.22,21.16,23.8,30.88,18.01,50.79,53.16,89.54,27.19
2043766,GTERA,Globa Terra Acquisition Corporation,10.49,2076.0,False,30.85,,4.0,80.15,29.12,28.5,29.63,30.85,29.36,18.45,50.79,53.16,50.19,69.51
1439222,AGIO,"Agios Pharmaceuticals, Inc.",31.81,31930257.37,True,30.82,,2.0,49.18,30.82,30.76,27.76,23.66,22.2,36.32,3.18,31.05,32.54,35.63
2052547,EGHA,EGH Acquisition Corp.,10.43,2070.9,False,30.79,,3.0,61.43,29.66,28.74,29.84,30.79,27.99,18.07,50.79,53.16,50.19,67.76
1940674,SMX,SMX (Security Matters) Public Limited Company,3.79,400657.51,False,30.73,,4.0,82.94,22.88,25.17,26.92,28.44,30.73,45.2,50.79,53.16,50.19,2.53
1318605,TSLA,"Tesla, Inc. ",382.7,11877876360.22,True,30.67,,1.0,25.26,30.67,27.82,26.21,24.9,29.33,58.93,0.12,13.11,74.8,35.22
818033,HRTX,"Heron Therapeutics, Inc.  ",0.41,744218.98,False,30.64,,5.0,90.1,8.86,15.22,22.26,30.64,28.83,38.04,50.79,7.79,76.23,15.72
2028614,DMAA,Drugs Made In America Acquisition Corp.,10.85,16802.0,False,30.61,,4.0,82.76,28.83,27.49,27.46,30.61,22.35,20.68,50.79,7.34,50.19,66.72
900075,CPRT,"Copart, Inc.",27.32,282292387.56,True,30.61,,1.0,15.6,30.49,28.32,30.61,30.37,27.52,62.41,86.81,12.51,73.94,22.76
1460329,FLNT,"Fluent, Inc.",2.83,84026.5,False,30.58,,4.0,84.19,30.58,19.47,14.12,13.46,13.64,8.8,50.79,13.31,6.66,86.12
1791706,LI,Li Auto Inc.,11.54,36082176.68,True,30.55,,2.0,36.2,21.63,26.57,30.55,30.1,27.37,70.01,14.12,35.45,75.63,15.6
1892492,ORBS,Eightco Holdings Inc.,0.84,9649877.7,False,30.55,,5.0,94.0,30.55,18.9,13.91,11.62,13.02,20.8,9.06,94.5,0.24,1.19
2057043,WENN,Wen Acquisition Corp,10.42,4147.0,False,30.52,,3.0,59.88,30.52,28.89,29.42,30.01,26.69,19.02,50.79,53.16,50.19,64.01
2070900,QUMS,Quantumsphere Acquisition Corp.,10.35,3102.0,False,30.43,,4.0,83.21,29.0,28.05,28.95,30.43,30.04,16.23,50.79,53.16,50.19,70.73
1959726,AZI,Autozi Internet Technology (Global) Ltd.,1.14,103213.0,False,30.4,,4.0,76.43,6.95,11.77,15.96,21.1,30.4,18.28,50.79,53.16,83.66,7.99
798081,LAKE,"Lakeland Industries, Inc.",9.95,585603.5,False,30.34,,3.0,55.27,28.74,25.56,28.2,30.34,29.6,21.19,11.56,86.36,96.2,28.71
1875091,NRSN,NeuroSense Therapeutics Ltd.,3.66,81189.25,False,30.34,,4.0,82.44,30.34,25.44,23.74,24.13,24.84,26.42,50.79,34.06,13.4,11.32
1619856,CRBU,"Caribou Biosciences, Inc.",0.46,1687041.51,False,30.31,,4.0,77.71,30.31,22.47,19.64,15.33,15.81,17.68,50.79,36.55,0.56,25.38
2044635,GSHR,Gesher Acquisition Corp. II,10.58,0.0,False,30.31,,3.0,60.0,30.16,28.95,29.72,30.31,27.1,17.95,50.79,53.16,50.19,69.48
1402328,SBFM,Sunshine Biopharma Inc.,0.34,140935.0,False,30.28,,4.0,87.01,29.51,22.14,22.79,23.83,30.28,23.66,1.96,26.86,18.42,7.93
2062583,MMED,"MiniMed Group, Inc.",19.8,30552349.15,True,30.28,,2.0,39.73,30.28,29.51,27.85,25.91,23.36,37.41,50.79,74.41,85.05,40.18
2065636,MWH,"SOLV Energy, Inc.",25.69,41858807.83,True,30.22,,2.0,38.57,29.72,30.22,29.3,28.38,27.4,35.39,50.79,71.5,93.08,40.95
1946703,WBUY,WEBUY GLOBAL LTD.,0.69,70664.85,False,30.19,,3.0,57.3,21.99,18.75,19.2,21.9,30.19,17.33,50.79,53.16,85.23,20.06
1944712,BIYA,Baiya International Group Inc. ,1.83,323205.01,False,30.16,,4.0,77.5,6.42,12.18,16.85,21.52,30.16,24.22,50.79,53.16,6.72,8.89
1429764,BLNK,Blink Charging Co.,0.47,554004.89,False,30.1,,5.0,92.9,30.1,22.53,20.51,21.69,23.0,22.88,11.0,67.25,50.19,11.62
2076192,WSTN,Westin Acquisition Corp,10.25,1518.5,False,30.07,,4.0,79.79,21.37,24.31,27.52,30.07,29.54,16.97,50.79,53.16,50.19,61.34
1505497,BRTX,"BioRestorative Therapies, Inc.",1.91,58017.0,False,29.99,,5.0,99.76,29.99,19.88,13.85,12.66,12.01,3.83,50.79,25.38,1.84,94.56
1988776,MRNO,Murano Global Investments PLC,0.26,44573.0,False,29.96,,4.0,84.55,29.96,27.55,26.54,26.84,29.21,51.04,50.79,53.16,50.19,1.75
1811210,LCID,"Lucid Group, Inc.",3.79,51058024.19,False,29.93,,3.0,64.04,29.93,20.12,13.37,11.2,11.74,27.64,91.32,22.32,81.31,1.6
1816172,JZXN,"Jiuzi Holdings, Inc.",1.11,192019.5,False,29.93,,3.0,70.16,14.56,16.14,17.86,21.07,29.93,20.15,50.79,53.16,29.96,11.59
2111846,GYGY,"Game Your Game, Inc.",0.49,651158.5,False,29.9,,4.0,77.92,29.9,21.13,21.28,24.01,24.46,46.0,50.79,0.58,50.19,58.87
1319161,WMG,Warner Music Group Corp.,28.72,50091075.35,True,29.87,,1.0,18.45,19.94,25.11,26.33,29.87,23.92,77.53,91.08,4.78,96.14,38.48
1453687,RNAC,"Cartesian Therapeutics, Inc.",7.05,1010638.48,True,29.87,,3.0,61.37,29.87,24.58,24.9,23.3,20.68,19.94,91.92,81.84,83.68,44.07
1640266,VYGR,"Voyager Therapeutics, Inc.",2.45,1617446.52,False,29.84,,3.0,60.18,19.73,22.56,26.39,29.84,27.13,28.47,50.79,67.46,72.84,31.44
1611747,SCNI,Scinai Immunotherapeutics Ltd.,1.18,109889.05,False,29.84,,4.0,80.33,29.84,20.0,13.73,11.68,10.22,34.44,50.79,76.88,0.89,0.18
1035354,ELOX,"Eloxx Pharmaceuticals, Inc.",13.74,523718.98,False,29.81,,4.0,82.88,29.81,19.76,14.23,12.01,12.04,14.0,50.79,42.11,12.15,52.04
2092574,SWMR,"Swarmer, Inc",12.69,11197451.51,True,29.78,,3.0,71.32,29.78,17.3,14.59,14.53,14.12,38.96,50.79,2.29,97.21,47.16
1392380,GEVO,"Gevo, Inc.",1.35,3854614.59,False,29.78,,2.0,52.66,15.27,19.73,25.26,29.3,29.78,26.3,9.21,18.04,79.61,34.38
1066923,FTFT,Future FinTech Group Inc.,3.2,285448.99,False,29.75,,4.0,81.96,22.85,20.98,20.83,22.53,29.75,26.72,50.79,70.49,50.19,4.93
2061379,LWAC,LightWave Acquisition Corp.,10.36,0.0,False,29.75,,3.0,58.57,28.38,27.88,28.89,29.75,24.75,17.83,50.79,53.16,81.52,65.29
1328792,TPCS,TechPrecision Corporation,5.75,100084.5,False,29.72,,3.0,64.16,13.88,18.96,21.96,29.72,26.81,18.04,50.79,6.12,90.43,76.82
2018222,JEM,707 Cayman Holdings Limited,3.61,205061.0,False,29.66,,4.0,76.61,16.97,19.82,22.17,24.7,29.66,31.44,50.79,28.83,50.19,2.56
1661053,NVNO,enVVeno Medical Corporation,8.75,74229.25,False,29.51,,3.0,55.78,6.39,12.51,18.48,24.78,29.51,15.22,50.79,66.75,50.19,28.8
1892500,CMND,Clearmind Medicine Inc.,6.58,144055.4,False,29.45,,4.0,77.03,10.43,16.26,22.73,27.61,29.45,44.64,50.79,72.42,79.82,1.46
1840233,XLO,"Xilio Therapeutics, Inc.",9.05,96217.0,False,29.42,,1.0,27.28,19.11,22.26,24.52,25.68,29.42,17.89,50.79,34.44,32.07,46.86
1503274,QTRX,Quanterix Corporation,3.28,1807325.01,False,29.42,,3.0,71.23,29.42,22.35,20.06,19.79,18.66,20.06,50.79,92.1,50.19,18.57
1747661,ZNB,Zeta Network Group,0.93,162592.0,False,29.27,,4.0,76.02,29.27,21.72,18.4,17.15,25.65,20.0,50.79,92.99,18.69,2.73
2069785,GLOO,"Gloo Holdings, Inc.",3.82,632383.99,False,29.18,,5.0,90.37,29.18,16.43,12.04,10.25,8.95,8.47,95.87,94.53,27.73,44.93
1722608,IQ,"iQIYI, Inc.",1.01,7528918.68,False,29.18,,2.0,43.39,24.78,27.31,29.18,28.77,27.76,73.67,13.02,53.16,50.19,10.37
2047455,QSEA,Quartzsea Acquisition Corporation,10.71,6260.7,False,29.18,,5.0,91.71,24.58,24.96,27.93,29.18,27.31,15.04,50.79,27.79,50.19,72.54
1864055,ABTS,Abits Group Inc,1.2,26875.0,False,29.12,,3.0,67.73,9.06,13.73,18.16,22.97,29.12,16.29,50.79,53.16,50.19,17.38
1350102,ASTI,"Ascent Solar Technologies, Inc",2.18,855808.49,False,29.06,,4.0,89.48,29.06,20.21,14.38,14.23,15.51,9.45,3.54,66.57,88.32,84.52
2054876,NMP,NMP Acquisition Corp.,10.43,515.0,False,29.03,,3.0,66.72,21.04,21.93,24.58,29.03,23.24,17.77,50.79,9.48,50.19,71.17
2027360,RCT,RedCloud Holdings plc,0.13,82516.0,False,29.03,,4.0,83.86,29.03,21.19,18.1,19.35,25.53,14.65,50.79,80.86,99.05,8.35
1691221,FRSX,Foresight Autonomous Holdings Ltd.,0.85,26991.5,False,28.92,,3.0,68.77,28.92,20.27,16.14,17.06,17.89,24.16,50.79,76.37,96.11,3.33
949858,ACHV,"Achieve Life Sciences, Inc. ",7.41,8769582.38,True,28.8,,4.0,79.55,28.8,26.81,22.82,21.4,20.24,14.32,50.79,23.39,50.19,97.03
2085659,SVAQ,Silicon Valley Acquisition Corp.,10.18,111500.5,False,28.77,,1.0,6.09,15.93,17.5,22.08,26.66,28.77,51.04,50.79,3.43,50.19,55.54
1399520,STKS,"The ONE Group Hospitality, Inc.",1.5,26788.0,False,28.68,,4.0,75.39,24.7,23.54,23.39,25.82,28.68,16.85,50.79,26.54,50.19,33.94
1805526,DFDV,DeFi Development Corp.,4.51,7748999.8,False,28.68,,4.0,87.49,28.68,18.42,15.75,16.11,16.97,15.48,93.11,16.79,31.44,12.07
2053799,KCHV,Kochav Defense Acquisition Corp.,10.49,11467.5,False,28.68,,3.0,58.66,28.53,27.96,28.44,28.68,25.35,18.57,50.79,53.16,50.19,66.36
1398733,AQST,"Aquestive Therapeutics, Inc.",4.78,9930681.93,False,28.56,,2.0,48.17,17.77,20.89,24.87,26.98,28.56,27.22,50.79,63.42,23.66,34.29
1778922,SGP,"SpyGlass Pharma, Inc.",24.92,2164697.02,True,28.56,,2.0,42.2,27.13,26.15,28.56,26.63,20.45,37.56,50.79,16.97,14.38,44.9
2030781,SAIL,"SailPoint, Inc.",20.77,65505557.8,True,28.5,,1.0,27.79,28.08,28.29,28.5,25.77,21.84,42.02,95.51,42.85,16.97,31.77
1680378,SNES,"SenesTech, Inc.",0.67,49024.2,False,28.5,,3.0,70.94,28.5,23.39,21.75,22.67,22.88,21.6,50.79,76.4,19.67,15.04
1638826,TTAN,"ServiceTitan, Inc.",72.59,112682262.51,True,28.5,,2.0,39.76,17.38,22.88,27.82,28.5,28.38,63.39,86.92,36.26,10.7,19.29
2025401,FERA,Fifth Era Acquisition Corp I,10.55,130315.0,False,28.47,,4.0,81.75,28.47,27.04,26.6,26.48,23.6,17.71,50.79,53.16,50.19,65.2
1470683,AEHL,Antelope Enterprise Holdings Limited,9.87,924482.01,False,28.44,,4.0,76.29,21.93,22.91,23.54,24.96,28.44,37.24,50.79,53.16,77.06,1.16
1990251,WCT,Wellchange Holdings Company Limited,0.98,248788.51,False,28.44,,4.0,77.18,28.44,20.68,19.02,19.94,26.84,16.61,50.79,53.16,72.3,23.71
1779476,KRKR,36Kr Holdings Inc.,3.05,12086.25,False,28.38,,2.0,42.08,22.91,26.42,28.38,27.88,24.78,51.04,93.73,53.16,50.19,18.01
1969863,SUGP,SU Group Holdings Limited,2.23,392569.42,False,28.32,,3.0,74.26,26.81,23.42,22.44,23.27,28.32,27.07,50.79,53.16,50.19,4.28
1560385,FWONK,Liberty Media Corporation,94.04,198224625.47,True,28.26,,1.0,0.89,25.05,26.33,28.26,25.53,23.3,30.88,98.45,32.24,24.9,39.02
2028735,SPEG,Silver Pegasus Acquisition Corp,10.43,6219.0,False,28.23,,3.0,58.99,26.75,26.54,27.04,28.23,27.34,15.84,50.79,53.16,50.19,70.58
2034400,BTTC,Black Titan Corp,0.48,64178.1,False,28.17,,4.0,81.63,28.17,21.66,19.61,19.67,24.55,21.87,50.79,53.16,50.19,7.64
2032528,DRDB,Roman DBDR Acquisition Corp. II,10.72,9589.5,False,28.14,,5.0,91.65,28.14,25.26,24.43,24.64,22.7,15.33,50.79,53.16,50.19,65.08
1814067,LXEH,"Lixiang Education Holding Co., Ltd.",1.71,20686.0,False,28.11,,4.0,80.06,16.4,22.62,27.67,28.11,25.71,72.24,50.79,53.16,50.19,4.81
1887673,WLDS,Wearable Devices Ltd.,1.37,243336.0,False,28.11,,4.0,80.74,14.47,16.37,18.28,20.18,28.11,21.4,50.79,53.16,19.2,9.18
2023730,HDRN,"Hadron Energy, Inc.",1.07,102033.0,False,27.99,,5.0,93.64,27.99,18.19,14.0,13.85,15.01,17.03,50.79,24.04,97.03,4.99
2016221,MACI,Melar Acquisition Corp. I,11.05,3839.5,False,27.96,,3.0,61.04,24.73,23.36,27.16,27.96,23.86,14.26,50.79,81.4,50.19,70.37
1708341,AIFA,"All In FutureTech Alliance, Inc.",5.68,162571.0,False,27.96,,4.0,87.85,6.75,12.57,19.52,24.34,27.96,23.27,50.79,10.25,50.19,37.33
1954488,MENS,Jyong Biotech Ltd.,2.1,85569.0,False,27.96,,3.0,74.32,27.96,25.32,24.19,24.61,27.43,39.2,50.79,53.16,50.19,1.49
1145197,PODD,Insulet Corporation,135.28,210792269.14,True,27.9,,2.0,42.02,25.77,27.9,23.24,23.21,24.07,56.67,6.66,10.94,84.49,9.63
1417663,SNWV,"SANUWAVE Health, Inc.",5.62,330824.99,False,27.88,,5.0,91.83,9.6,14.12,20.59,26.39,27.88,20.62,50.79,65.08,72.69,11.44
1828098,STKH,Steakholder Foods Ltd.,0.59,248185.0,False,27.85,,4.0,83.39,27.85,19.64,14.8,13.88,12.72,29.54,50.79,76.76,50.19,1.07
1759783,EH,EHang Holdings Limited,4.19,3163081.92,False,27.85,,3.0,67.67,16.61,18.66,20.86,23.71,27.85,34.59,8.5,53.16,92.72,7.7
1969401,UZX,Linkage Global Inc,1.13,85860.0,False,27.82,,4.0,78.1,24.75,20.36,19.47,20.65,27.82,24.9,50.79,53.16,27.46,5.14
2020228,MSGY,Masonglory Limited,4.27,105480.0,False,27.7,,4.0,83.6,19.32,19.11,20.39,22.05,27.7,22.91,50.79,53.16,92.12,7.67
1746473,PLRX,"Pliant Therapeutics, Inc.",1.02,383435.02,False,27.7,,2.0,53.49,19.58,22.08,25.02,27.7,24.96,18.1,50.79,66.51,30.1,44.37
1808377,LUCY,"Innovative Eyewear, Inc.",0.9,161904.0,False,27.67,,4.0,76.17,12.33,16.32,20.68,25.11,27.67,20.48,50.79,74.21,76.97,30.31
27093,USAU,U.S. Gold Corp.,13.77,2612137.43,True,27.67,,3.0,74.71,27.67,17.8,14.03,13.19,13.82,12.99,50.79,37.12,98.99,42.7
1050446,MSTR,Strategy Inc,151.47,2495845041.51,True,27.64,,2.0,53.31,27.64,17.56,14.41,11.35,11.14,24.7,11.59,77.74,5.44,5.11
318306,ABEO,Abeona Therapeutics Inc.,4.94,6835926.74,False,27.58,,4.0,78.87,27.58,21.43,18.04,17.18,13.67,14.47,5.17,88.53,26.81,57.27
1751876,PAVS,Paranovus Entertainment Technology Ltd.,3.64,124000.0,False,27.58,,3.0,70.67,16.05,17.77,19.26,21.81,27.58,23.3,50.79,53.16,23.51,3.71
1567900,ALOY,REalloys Inc.,7.32,19048754.55,True,27.55,,5.0,93.4,27.55,14.29,10.31,8.86,8.47,10.31,4.64,64.16,88.89,53.25
1581760,LIF,"Life360, Inc.",43.72,27123563.73,True,27.49,,2.0,43.12,27.49,27.43,27.07,25.74,25.17,62.5,50.79,37.53,50.19,10.58
1989930,FGL,Founder Group Limited,4.68,381318.99,False,27.49,,4.0,79.61,12.48,18.01,23.03,26.42,27.49,57.98,50.79,91.44,22.82,1.37
2019804,IMSR,Terrestrial Energy Inc.,3.4,6689200.1,False,27.25,,4.0,77.38,27.25,18.54,14.44,13.55,14.47,22.7,50.79,68.47,50.19,5.59
1660280,TENB,"Tenable Holdings, Inc.",41.59,113734491.25,True,27.25,,1.0,21.4,11.8,14.26,21.87,26.86,27.25,35.07,94.03,3.24,0.45,64.99
1826397,AVX,Avax One Technology Ltd.,4.79,139144.5,False,27.22,,4.0,79.41,27.22,16.2,15.81,17.62,20.77,15.63,50.79,28.26,93.25,4.37
1806904,EZGO,EZGO Technologies Ltd.,0.87,54071.4,False,27.16,,4.0,79.32,6.57,11.98,16.2,20.48,27.16,18.87,50.79,53.16,50.19,7.19
2019410,CAI,"Caris Life Sciences, Inc.",29.7,109666958.47,True,27.13,,2.0,30.73,20.59,24.34,27.13,27.13,19.47,58.51,16.2,20.59,26.75,33.25
2015502,LPAA,Launch One Acquisition Corp.,10.85,0.0,False,27.04,,3.0,63.89,27.04,25.5,25.47,26.92,24.99,15.16,50.79,53.16,50.19,65.74
1879754,EHGO,Eshallgo Inc.,0.62,292182.0,False,26.98,,4.0,75.51,13.37,14.98,17.12,20.06,26.98,19.88,50.79,53.16,50.19,12.66
2009183,TACH,Titan Acquisition Corp.,10.53,131155.0,False,26.98,,3.0,65.74,26.98,23.66,21.43,19.49,17.06,17.65,50.79,53.16,50.19,59.52
1512228,NB,NioCorp Developments Ltd.,3.37,10052628.52,False,26.95,,4.0,83.3,26.95,22.11,20.09,18.99,20.18,28.29,9.99,67.16,87.01,12.21
2043630,APAC,StoneBridge Acquisition II Corporation,10.27,2045.0,False,26.95,,3.0,59.97,22.62,23.09,25.41,26.95,26.24,15.75,50.79,27.79,50.19,60.8
1998560,MIMI,Mint Incorporation Limited,0.86,296714.8,False,26.89,,3.0,72.87,13.73,15.04,17.0,19.97,26.89,18.81,50.79,53.16,93.7,5.97
1178670,ALNY,"Alnylam Pharmaceuticals, Inc.",232.68,366903561.49,True,26.84,,2.0,33.76,22.79,26.84,26.0,22.23,21.96,72.39,0.68,28.71,7.16,16.61
1755953,ABTC,American Bitcoin Corp.,7.73,9339127.77,True,26.54,,3.0,66.78,26.54,16.46,13.4,10.97,12.99,19.76,15.27,88.65,3.3,1.01
1885522,NMRA,"Neumora Therapeutics, Inc.",0.48,1007049.91,False,26.51,,3.0,73.76,26.51,24.75,23.92,23.63,23.03,23.45,50.79,63.45,27.37,26.54
2035173,RTAC,Renatus Tactical Acquisition Corp I,10.44,509283.98,False,26.45,,4.0,81.6,26.45,25.71,25.74,26.36,23.98,18.22,50.79,53.16,50.19,58.54
1099590,MELI,"MercadoLibre, Inc.",1856.66,810254322.09,True,26.42,,1.0,10.88,22.73,24.61,26.42,23.92,19.7,79.2,87.73,4.81,23.54,36.73
2002045,GCL,GCL Global Holdings Ltd,0.78,95140.0,False,26.42,,3.0,73.11,13.02,16.64,20.45,23.0,26.42,26.95,50.79,53.16,50.19,14.68
1484778,TDUP,ThredUp Inc.,2.48,6257162.92,False,26.39,,3.0,68.47,12.87,18.78,23.66,25.08,26.39,37.18,87.43,35.16,11.41,13.58
42582,GT,The Goodyear Tire & Rubber Company,4.75,53606773.29,False,26.3,,2.0,37.3,26.3,23.6,21.69,21.22,20.09,22.47,16.52,23.8,50.19,33.61
1932737,AIIO,Robo.ai Inc.,1.04,1420395.02,False,26.27,,4.0,78.57,26.27,19.08,16.23,15.6,16.49,27.82,50.79,53.16,50.19,0.89
1347178,VNDA,Vanda Pharmaceuticals Inc.,4.57,4392683.69,False,26.27,,2.0,50.64,25.29,25.82,26.27,25.71,26.12,20.45,0.56,35.36,17.41,50.76
1991592,INLF,INLIF LIMITED,3.22,394552.51,False,26.24,,4.0,78.28,26.24,20.42,17.09,16.4,21.04,27.55,50.79,42.53,50.19,1.28
1674440,YYAI,AiRWA Inc.,0.71,340755.79,False,26.21,,5.0,94.12,26.21,18.48,16.73,17.8,21.66,17.12,50.79,65.5,71.08,2.67
1771515,GO,Grocery Outlet Holding Corp.,11.93,24691152.71,True,26.18,,1.0,23.57,16.76,21.28,23.12,26.18,22.17,33.91,4.55,23.09,26.48,32.42
1818644,LIDR,"AEye, Inc.",1.04,720700.52,False,26.18,,3.0,70.25,26.18,18.81,17.21,22.44,22.32,24.64,50.79,7.61,82.53,21.43
1921865,ASPI,ASP Isotopes Inc.,2.65,13681574.72,False,26.15,,4.0,83.51,26.15,18.04,14.71,13.94,14.32,20.36,50.79,92.27,3.86,9.48
1604464,ATRA,"Atara Biotherapeutics, Inc.",9.48,370195.5,False,26.15,,5.0,94.15,23.0,25.05,26.15,22.73,22.76,21.49,50.79,91.23,3.95,33.73
2047177,CHEC,Chenghe Acquisition III Co.,10.27,2038.0,False,26.06,,3.0,58.13,26.06,25.2,25.14,25.56,24.19,16.91,50.79,53.16,50.19,58.25
2072404,GSRF,GSR IV Acquisition Corp.,10.27,508.0,False,26.06,,3.0,60.3,24.01,24.84,24.49,26.06,25.32,17.15,50.79,24.04,50.19,57.03
1787518,DFNS,T3 Defense Inc.,6.01,5163539.97,True,26.03,,5.0,98.69,26.03,15.3,13.08,13.14,15.99,12.15,50.79,97.77,50.19,3.39
2050501,BLUW,Blue Water Acquisition Corp. III,10.39,20211.5,False,26.0,,4.0,84.43,26.0,23.3,21.31,18.75,17.18,16.94,50.79,35.1,50.19,61.63
1876766,LICN,Lichen International Limited,0.95,28146.0,False,26.0,,4.0,82.59,21.31,20.95,21.6,22.79,26.0,23.18,50.79,53.16,72.75,14.74
1041859,PLCE,"Children's Place, Inc. (The)",1.42,456241.5,False,25.97,,3.0,56.94,25.97,18.45,15.25,16.49,18.04,16.2,89.21,11.68,50.19,18.1
1082324,VHC,VirnetX Holding Corp,11.5,297242.0,False,25.97,,3.0,56.61,7.49,13.91,19.49,25.97,25.74,21.07,50.79,7.73,50.19,42.62
1730430,KNSA,"Kiniksa Pharmaceuticals International, plc",79.78,34774185.79,True,25.94,,2.0,52.9,25.94,23.83,21.22,18.87,15.27,15.1,50.79,69.06,2.41,91.89
1754581,FUTU,Futu Holdings Limited,113.71,117619769.08,True,25.91,,2.0,35.63,20.68,24.99,25.91,25.62,23.27,65.5,0.8,17.68,93.05,27.7
1969302,PONY,Pony AI Inc.,6.04,23869099.25,True,25.91,,2.0,54.77,25.91,22.23,19.41,17.65,17.44,64.25,90.64,11.08,98.96,6.15
1789769,TIL,"Instil Bio, Inc.",6.74,71944.0,False,25.91,,3.0,65.62,23.89,21.55,22.14,24.43,25.91,20.03,50.79,64.19,50.19,20.21
1850270,PROK,ProKidney Corp.,1.74,1877778.0,False,25.88,,3.0,66.89,18.01,22.38,25.88,24.87,21.49,32.72,50.79,37.65,11.23,25.88
2059654,BACC,Blue Acquisition Corp.,10.44,63928.0,False,25.88,,3.0,64.22,25.26,22.94,23.6,25.88,19.35,16.67,50.79,9.36,50.19,68.59
1958399,HCAI,"Huachen AI Parking Management Technology Holding Co., Ltd.",0.47,127086.85,False,25.79,,4.0,79.91,15.81,15.6,16.37,19.2,25.79,16.02,50.79,53.16,88.05,12.3
1725160,ZNTL,"Zentalis Pharmaceuticals, Inc.",2.64,3464960.04,False,25.77,,4.0,84.73,19.02,22.59,25.77,24.19,20.51,9.87,50.79,99.52,14.83,98.37
1138723,ARAY,Accuray Incorporated,0.23,176180.5,False,25.68,,5.0,93.28,25.68,19.52,19.05,20.0,23.21,18.25,50.79,20.86,69.84,7.55
1175151,CTSO,Cytosorbents Corporation,3.79,34371.0,False,25.59,,5.0,93.43,25.59,16.79,14.86,13.82,12.36,14.23,50.79,97.47,73.31,12.81
2096362,AIAI,AIAI Holdings Corporation,3.18,1127829.96,False,25.56,,4.0,79.2,25.56,17.89,16.17,16.2,15.33,42.17,50.79,2.59,50.19,46.27
1508475,VNET,"VNET Group, Inc.",5.53,25397228.91,True,25.56,,2.0,38.07,18.07,20.48,23.09,25.02,25.56,39.05,11.83,10.67,99.79,29.63
65770,MVIS,"MicroVision, Inc.",1.31,1957916.98,False,25.5,,4.0,87.46,25.5,20.03,20.21,22.76,22.82,18.48,99.2,86.24,91.62,5.02
2024460,CHPG,ChampionsGate Acquisition Corporation,10.52,0.0,False,25.47,,4.0,81.25,19.41,20.83,22.85,25.47,22.11,16.82,50.79,9.18,50.19,72.04
1930021,HOVR,New Horizon Aircraft Ltd.,1.55,1070333.01,False,25.44,,4.0,86.0,25.44,17.0,13.97,12.99,13.28,14.59,50.79,79.23,50.19,26.42
1200375,CDXS,"Codexis, Inc.",1.41,1271625.01,False,25.44,,3.0,59.11,11.05,15.66,20.33,24.46,25.44,22.32,7.46,76.94,27.49,29.36
1040161,PXLW,"Pixelworks, Inc.",5.94,194105.0,False,25.41,,2.0,36.11,25.41,19.41,17.27,17.38,16.91,14.62,91.35,77.5,50.19,28.68
1638097,ENTX,Entera Bio Ltd.,2.66,1073047.99,False,25.32,,4.0,82.7,25.32,16.97,14.65,13.37,12.9,9.66,50.79,77.24,16.4,65.38
2087446,PAAC,Proem Acquisition Corp I,10.01,2985.0,False,25.2,,1.0,18.42,14.98,16.11,20.95,25.2,24.49,59.05,50.79,1.9,50.19,58.48
1469367,RUN,Sunrun Inc.,7.64,73050494.04,True,25.17,,2.0,46.12,25.17,21.46,18.37,17.24,18.84,30.25,95.48,33.16,71.44,13.52
2028027,NTWO,Newbury Street II Acquisition Corp,10.81,1180862.51,True,25.17,,3.0,56.37,24.64,23.24,22.02,25.17,22.67,19.49,50.79,5.47,50.19,69.84
2043508,LKSP,Lake Superior Acquisition Corp.,10.26,1025.0,False,25.14,,3.0,64.25,25.14,24.37,24.64,24.07,22.5,16.11,50.79,33.22,50.19,54.03
2071778,FRMI,Fermi Inc.,3.43,84868718.23,False,24.96,,3.0,69.87,24.96,15.1,10.94,9.54,9.57,23.51,7.31,64.84,88.8,1.04
22701,SUNE,"SUNation Energy, Inc.",2.28,363070.5,False,24.93,,4.0,84.99,24.93,20.59,19.88,18.22,18.13,9.69,50.79,4.87,84.4,99.55
1713539,KXIN,Kaixin Holdings,1.35,223582.0,False,24.93,,4.0,82.11,14.95,15.99,17.44,19.61,24.93,23.48,50.79,53.16,50.19,2.38
2019435,BGL,Blue Gold Limited,0.17,58485.7,False,24.87,,4.0,81.01,21.9,18.22,17.47,19.14,24.87,18.66,98.81,36.64,94.23,4.31
1713683,ZS,"Zscaler, Inc.",233.73,417487368.4,True,24.81,,2.0,33.52,17.27,21.07,24.78,24.81,23.95,35.69,92.96,75.72,31.56,16.49
1839530,XBP,"XBP Global Holdings, Inc.",3.21,32896.0,False,24.81,,3.0,64.78,10.49,13.55,17.33,22.11,24.81,33.97,50.79,2.79,50.19,26.3
2028699,DYNC,Dynamix Corporation,10.9,157107.5,False,24.73,,2.0,51.11,23.54,21.78,21.63,23.74,24.73,13.14,50.79,53.16,98.48,70.16
1897087,SUPX,SuperX AI Technology Limited,7.01,2455946.99,True,24.7,,3.0,68.8,10.04,13.82,16.55,19.58,24.7,24.46,10.46,53.16,98.6,6.09
38725,FELE,"Franklin Electric Co., Inc.",97.72,26242445.78,True,24.61,,1.0,3.39,24.61,20.62,17.92,18.16,18.99,78.96,50.79,2.08,100.0,56.7
1765850,AURE,Aurelion Inc. ,1.04,19223.5,False,24.58,,4.0,76.94,12.63,16.7,19.79,21.04,24.58,28.26,50.79,53.16,12.35,6.72
2027708,CEPO,"Cantor Equity Partners I, Inc.",10.78,819002.51,False,24.52,,2.0,42.29,18.31,19.61,21.9,24.52,20.59,12.12,50.79,64.61,80.8,65.44
2040475,DMII,Drugs Made In America Acquisition II Corp.,10.19,49731.0,False,24.52,,4.0,81.37,24.52,22.82,21.66,19.73,19.32,17.0,50.79,30.94,50.19,51.29
1966678,ZDAI,"DirectBooking Technology Co., Ltd.",1.36,15948.5,False,24.52,,4.0,76.2,23.74,20.06,18.78,18.93,24.52,18.96,50.79,53.16,50.19,10.97
1967631,NAMI,Jinxin Technology Holding Company,2.19,85005.0,False,24.49,,4.0,80.39,24.49,20.15,16.7,15.96,16.94,36.49,50.79,53.16,30.01,0.3
1559053,PRTA,Prothena Corporation plc,8.84,3945561.98,True,24.46,,2.0,32.9,13.7,19.49,24.46,23.48,22.29,19.44,50.79,85.65,14.77,46.24
1938865,DPU,Nexpu Ltd.,1.47,16533.5,False,24.34,,2.0,52.3,19.17,18.6,19.23,20.62,24.34,15.66,50.79,53.16,50.19,26.45
1849380,ONMD,OneMedNet Corp,4.3,179995.06,False,24.34,,5.0,96.37,24.34,15.01,11.26,10.04,8.41,14.86,50.79,22.91,25.56,3.54
746210,TWAV,"TaoWeave, Inc.",1.47,46303.5,False,24.28,,3.0,73.91,17.3,15.78,17.65,21.28,24.28,16.4,50.79,38.51,50.19,28.65
1681087,TECX,"Tectonic Therapeutic, Inc.",23.33,5176090.04,True,24.22,,3.0,73.28,20.56,22.32,24.01,24.22,17.03,13.91,50.79,34.21,13.02,94.95
1857154,DNUT,"Krispy Kreme, Inc.",2.96,7003878.0,False,24.16,,2.0,38.22,15.57,18.63,22.38,24.16,21.52,25.32,98.9,14.06,32.36,52.12
875355,TULP,"Bloomia Holdings, Inc.",2.73,2238.0,False,24.13,,3.0,68.2,10.85,14.65,18.99,20.53,24.13,15.9,1.52,72.24,13.22,41.37
2034037,SDHI,Siddhi Acquisition Corp,10.57,0.0,False,24.13,,3.0,61.4,24.13,23.74,22.56,20.77,21.16,15.19,50.79,31.56,50.19,66.98
1705843,CBUS,"Cibus, Inc.",1.55,208045.5,False,24.1,,4.0,88.44,24.1,15.81,12.96,12.3,11.05,5.59,50.79,67.82,95.25,69.15
1534708,BLNE,"Beeline Holdings, Inc.",0.71,244902.65,False,23.95,,5.0,91.35,23.95,14.89,13.02,11.59,11.53,5.26,50.79,99.76,82.94,18.13
1425355,SUIG,Sui Group Holdings Limited,1.4,426711.9,False,23.92,,4.0,75.66,23.92,16.67,15.33,15.93,18.54,14.89,50.79,97.27,50.19,9.06
1865506,ZEO,Zeo Energy Corporation,0.26,120589.46,False,23.89,,5.0,97.65,23.18,18.72,18.01,19.41,23.89,18.42,50.79,37.86,30.67,11.74
1921158,FUFU,BitFuFu Inc.,1.38,125906.0,False,23.89,,3.0,68.17,23.51,22.97,23.89,23.89,23.51,34.95,50.79,67.37,5.35,14.0
1849635,DJT,Trump Media & Technology Group Corp.,8.11,34728880.75,True,23.83,,2.0,43.54,23.83,15.93,12.99,12.07,10.91,21.34,4.49,9.54,50.19,16.02
1616543,SENS,"Senseonics Holdings, Inc.",8.98,4984065.52,True,23.77,,3.0,72.9,23.77,14.0,9.84,8.14,6.72,8.65,50.79,87.25,18.4,56.14
1412486,COCP,"Cocrystal Pharma, Inc.",1.07,41248.0,False,23.71,,4.0,83.48,23.71,17.59,15.84,14.5,13.94,5.94,50.79,97.59,18.31,73.31
1999297,DSY,Big Tree Cloud Holdings Limited,3.48,50985.0,False,23.71,,4.0,82.02,18.69,17.92,19.67,20.59,23.71,25.82,50.79,53.16,83.12,5.5
1094038,MRKR,"Marker Therapeutics, Inc.",0.95,55852.0,False,23.68,,4.0,86.57,23.68,17.21,14.92,13.79,12.27,6.3,50.79,41.55,16.2,76.64
1995574,ICON,Icon Energy Corp.,0.85,18665.0,False,23.63,,3.0,68.14,23.63,19.85,17.89,18.54,23.54,21.01,9.45,53.16,27.55,9.78
1069183,AXON,"Axon Enterprise, Inc.",422.89,421051753.38,True,23.57,,2.0,36.05,23.57,23.27,22.23,19.82,18.9,37.12,95.69,21.66,10.79,23.24
1750284,OLMA,"Olema Pharmaceuticals, Inc.",7.82,9511891.63,True,23.42,,4.0,83.0,23.42,16.02,13.14,11.38,8.62,12.75,84.84,69.42,0.18,46.45
1658678,BSEM,"BioStem Technologies, Inc.",2.47,313006.0,False,23.39,,3.0,71.0,23.39,17.06,17.83,17.92,16.79,35.13,50.79,1.59,6.39,61.55
1005286,LFCR,"Lifecore Biomedical, Inc.",6.45,605079.99,False,23.33,,2.0,52.21,19.23,20.3,22.05,23.33,21.58,28.83,50.79,9.0,17.65,28.86
2060083,FOFO,"Hang Feng Technology Innovation Co., Ltd.",1.94,28321.5,False,23.33,,4.0,77.06,21.13,19.17,18.51,19.85,23.33,18.9,50.79,53.16,69.18,12.27
1872964,MTEK,Maris-Tech Ltd.,0.58,47437.5,False,23.27,,3.0,72.57,23.27,19.29,17.38,17.44,20.12,14.5,50.79,73.85,50.19,30.97
1799191,STLN,"Starling Oncology, Inc.",6.63,7531192.11,True,23.24,,3.0,71.17,21.78,23.03,23.0,23.24,17.77,11.86,50.79,94.26,50.19,90.61
1814963,ILAG,Intelligent Living Application Group Inc.,2.64,2296.0,False,23.18,,3.0,65.85,20.0,18.51,19.14,19.7,23.18,14.38,50.79,53.16,50.19,30.01
2067627,NKLR,Terra Innovatum Global N.V.,3.16,1363679.0,False,23.15,,5.0,98.25,23.15,14.68,10.88,9.81,9.12,16.14,50.79,25.41,50.19,9.42
1801834,PRFX,PRF Technologies Ltd.,0.88,80018.0,False,23.12,,4.0,75.72,16.79,16.61,17.06,18.48,23.12,18.6,50.79,53.16,50.19,12.9
1622536,TLN,Talen Energy Corporation,378.57,258585974.68,True,23.06,,1.0,27.82,17.65,19.94,22.76,22.17,23.06,34.83,13.73,16.64,91.8,29.9
2119322,DMRC,Digimarc Corporation,6.25,778022.0,False,23.03,,3.0,65.35,23.03,22.64,21.99,21.19,22.47,38.13,92.48,9.06,20.24,28.59
1835856,BETR,Better Home & Finance Holding Company,9.86,6898425.73,True,22.97,,4.0,89.21,22.97,15.19,13.19,13.05,14.86,24.04,50.79,5.14,50.19,5.05
1992818,ZOOZ,ZOOZ Strategy Ltd.,6.99,61649.2,False,22.94,,3.0,65.23,22.94,16.94,14.62,13.58,14.21,22.56,50.79,53.16,50.19,1.58
1944902,OMH,Ohmyhome Limited,2.46,246527.01,False,22.85,,3.0,73.05,17.36,16.49,16.82,18.31,22.85,19.79,50.79,53.16,50.19,5.68
1779578,BGM,BGM Group Ltd.,10.75,14091.09,False,22.79,,3.0,73.4,12.75,16.34,20.03,20.92,22.79,66.75,50.79,53.16,20.89,0.53
1954594,HAO,Haoxi Health Technology Limited,2.4,250505.9,False,22.73,,3.0,71.26,19.47,15.96,15.6,17.09,22.73,17.27,50.79,53.16,77.09,3.24
1907982,QBTS,D-Wave Quantum Inc.,14.57,265272622.72,True,22.59,,4.0,81.93,22.59,14.77,12.33,11.56,11.17,23.6,50.79,7.64,50.19,12.12
1816431,QSI,Quantum-Si Incorporated,1.53,1915323.81,False,22.53,,4.0,88.02,18.19,19.26,22.53,22.29,19.2,22.11,50.79,85.82,50.19,17.65
1356093,CREX,"Creative Realities, Inc.",2.38,69568.0,False,22.53,,5.0,90.76,22.53,15.51,12.57,12.21,12.96,8.92,50.79,63.6,89.57,67.04
2000366,SCAG,Scage Future,0.19,48224.4,False,22.5,,4.0,85.29,22.5,17.86,16.05,16.37,19.73,17.56,50.79,53.16,50.19,6.57
2052243,TWLV,Twelve Seas Investment Company III,10.07,0.0,False,22.47,,4.0,80.03,22.08,22.29,22.32,22.47,21.22,15.81,50.79,53.16,50.19,57.06
1130598,TRAW,"Traws Pharma, Inc.",0.45,48184.5,False,22.38,,5.0,99.35,22.38,14.71,11.83,10.61,10.94,13.61,50.79,40.92,0.71,12.48
1832038,IVVD,"Invivyd, Inc.",0.7,2639568.38,False,22.35,,5.0,94.86,22.35,13.61,11.29,9.96,8.14,11.98,50.79,28.77,9.21,16.55
2067592,MKLY,McKinley Acquisition Corporation,10.27,113093.0,False,22.32,,2.0,48.56,22.32,21.58,20.92,20.95,21.28,13.73,50.79,53.16,88.11,66.86
1723980,SXTC,"China SXT Pharmaceuticals, Inc.",0.15,724406.01,False,22.29,,3.0,72.3,22.29,17.15,15.99,16.34,20.65,19.26,50.79,53.16,50.19,2.64
1361113,VRNS,"Varonis Systems, Inc.",50.12,68973150.76,True,22.29,,1.0,26.18,18.42,22.02,22.29,21.49,20.89,35.16,1.99,67.04,72.51,29.24
1983550,TDTH,Trident Digital Tech Holdings Ltd,0.95,67812.9,False,22.26,,4.0,84.75,22.26,19.7,17.77,18.13,19.94,33.02,50.79,53.16,94.71,0.74
1983324,RMSG,Real Messenger Corporation,0.3,80928.2,False,22.26,,4.0,84.28,5.94,11.74,15.66,19.11,22.26,15.93,50.79,53.16,9.9,17.18
1853825,DTCX,"Datacentrex, Inc.",1.67,186778.0,False,22.23,,4.0,84.67,22.23,17.03,15.36,15.63,16.73,19.41,50.79,77.18,15.13,19.08
1924482,IBG,Innovation Beverage Group Limited,0.9,23490.0,False,22.23,,4.0,75.1,3.45,8.74,13.43,16.02,22.23,14.35,50.79,53.16,20.48,13.94
1913510,VFS,VinFast Auto Ltd.,3.06,963522.48,False,22.2,,2.0,51.86,22.2,21.52,20.8,20.56,19.91,24.13,50.79,53.16,76.91,46.66
1411685,VTGN,"Vistagen Therapeutics, Inc.",0.24,193017.0,False,22.14,,5.0,97.06,22.14,14.09,11.77,9.72,8.38,14.53,50.79,79.26,29.21,1.13
1296774,NCTY,The9 Limited,3.54,813481.99,False,21.99,,3.0,74.18,14.5,18.31,21.34,21.99,20.36,37.15,92.33,53.16,50.19,11.95
2026767,ALIS,Calisa Acquisition Corp,10.07,43688.0,False,21.96,,4.0,84.22,21.96,19.79,19.35,21.6,17.36,15.72,50.79,9.84,50.19,59.14
1951294,VSME,VS Media Holdings Limited,0.78,36770.0,False,21.93,,4.0,79.44,21.1,16.91,16.08,16.91,21.93,18.51,50.79,53.16,50.19,5.82
73290,BMRA,"Biomerica, Inc.",1.84,17153.5,False,21.87,,4.0,86.45,21.87,14.32,11.86,10.94,10.67,3.77,50.79,97.15,23.18,47.31
2014982,SIMA,SIM Acquisition Corp. I,10.98,5525.0,False,21.87,,3.0,63.0,20.39,20.8,20.24,21.87,18.31,17.74,50.79,7.09,50.19,70.1
1746466,EQ,"Equillium, Inc.",1.41,922948.01,False,21.84,,4.0,88.65,21.84,20.09,18.6,18.96,15.04,11.8,50.79,65.53,4.96,93.31
1707502,SLDB,Solid Biosciences Inc.,6.87,8585890.43,True,21.81,,4.0,78.96,21.81,19.2,16.61,15.81,13.85,12.57,50.79,63.39,29.42,83.95
1761612,BCYC,Bicycle Therapeutics plc,3.89,1245181.98,False,21.78,,2.0,52.42,8.97,14.35,20.3,21.78,21.01,27.1,50.79,67.31,50.19,22.53
1978528,QETA,Quetta Acquisition Corporation,16.41,0.0,False,21.75,,5.0,91.47,11.32,14.56,19.58,21.75,21.46,12.24,50.79,27.79,50.19,75.66
1682149,DVLT,Datavault AI Inc.,0.14,5160103.98,False,21.75,,5.0,97.27,21.75,16.73,16.02,16.32,19.08,20.12,4.34,78.01,68.26,2.29
2111542,ACGC,ACP Holdings Acquisition Corp.,10.06,7469.0,False,21.72,,1.0,11.74,13.22,14.53,18.34,21.72,20.48,51.04,50.79,1.9,50.19,55.48
1413855,AIFU,AIFU Inc.,12.02,303812.5,False,21.63,,3.0,68.05,6.84,12.6,16.58,19.26,21.63,26.21,50.79,53.16,50.19,4.52
1140536,WTW,Willis Towers Watson Public Limited Company,296.26,149128916.58,True,21.6,,2.0,45.56,21.6,20.51,17.15,14.06,12.48,18.31,93.91,90.16,5.38,40.39
1737927,CGC,Canopy Growth Corporation,0.83,1993815.98,False,21.55,,4.0,85.08,21.55,14.8,11.8,10.22,8.77,12.93,7.49,35.93,14.71,28.53
1819493,XOS,"Xos, Inc.",3.21,509360.49,False,21.52,,4.0,83.66,21.52,20.45,19.82,19.29,20.42,11.95,6.69,86.89,32.39,61.96
2110105,QNT,Quantinuum Inc.,41.3,79546627.94,True,21.49,,2.0,50.85,21.49,12.93,10.55,9.3,6.48,34.26,50.79,1.9,25.71,35.45
1529113,XTIA,"XTI Aerospace, Inc. Common Stock ",0.91,784660.5,False,21.43,,5.0,95.51,6.45,11.26,14.77,17.5,21.43,12.48,50.79,53.16,50.19,42.76
1979887,XCH,XCHG Limited,2.94,30460.8,False,21.4,,4.0,79.17,21.4,15.9,13.49,12.57,11.86,27.61,50.79,76.43,50.19,0.65
1946573,NAKA,Nakamoto Inc.,8.54,1234024.98,True,21.34,,4.0,89.69,21.34,14.18,11.71,10.88,9.51,20.33,50.79,5.56,0.03,6.27
1653087,ALEC,"Alector, Inc.",2.08,1563613.98,False,21.34,,3.0,65.26,8.38,13.64,19.55,21.34,17.15,26.15,50.79,8.53,70.1,35.9
2025341,POLE,Andretti Acquisition Corp. II,10.71,25800.0,False,21.28,,3.0,64.84,21.28,19.35,18.45,20.39,18.16,17.24,50.79,6.37,50.19,64.61
1918102,FISN,"Deep Fission, Inc.",4.45,1651006.98,False,21.25,,5.0,95.3,21.25,11.89,8.95,7.55,6.86,4.64,50.79,85.3,50.19,44.81
1872090,YXT,YXT.COM GROUP HOLDING LIMITED,2.08,46977.0,False,21.22,,4.0,77.8,21.22,19.97,18.25,17.12,16.43,36.76,50.79,12.57,50.19,5.2
1829667,RGC,Regencell Bioscience Holdings Limited,7.35,904218.97,False,21.19,,3.0,73.31,14.35,18.93,21.19,20.71,19.17,45.41,6.18,53.16,23.3,8.32
1591890,FGC,FG Communities Holdings Inc.,6.2,687714.0,False,21.19,,4.0,75.16,21.19,16.58,17.56,20.45,21.19,13.82,50.79,16.91,50.19,17.47
2064658,MCGA,Yorkville Acquisition Corp.,10.35,204969.99,False,21.01,,2.0,49.12,20.36,20.56,21.01,20.89,20.21,13.16,50.79,31.92,50.19,59.32
1972234,VHUB,"VenHub Global, Inc.",0.42,53982.0,False,21.01,,5.0,99.64,21.01,14.15,11.38,10.37,10.7,4.75,50.79,53.16,91.44,54.12
1963685,RR,Richtech Robotics Inc.,1.64,7735985.94,False,20.98,,5.0,92.81,20.98,17.41,15.78,16.08,16.55,22.73,8.77,20.62,83.92,8.2
1540684,ATLX,Atlas Lithium Corporation,2.29,632030.0,False,20.98,,3.0,69.63,20.09,17.68,18.31,19.23,20.98,18.13,50.79,70.97,27.7,24.13
1427925,TLPH,"Talphera, Inc.",1.08,190006.0,False,20.95,,4.0,87.28,20.95,16.17,14.21,13.76,13.91,11.11,50.79,64.99,50.19,62.7
1376321,CNET,ZW Data Action Technologies Inc.,1.47,10324.5,False,20.89,,4.0,89.0,20.89,16.05,14.56,14.35,15.84,11.89,50.79,33.28,50.19,32.69
1918414,NBRG,Newbridge Acquisition Limited,10.09,999.0,False,20.86,,3.0,55.66,17.86,19.55,19.85,19.08,20.86,14.8,50.79,41.16,50.19,61.58
2070602,HVMC,Highview Merger Corp.,10.29,3057.0,False,20.83,,2.0,50.46,20.06,20.39,20.42,20.83,20.39,13.73,50.79,53.16,50.19,66.39
1881551,STI,"Solidion Technology, Inc.",5.69,629098.5,False,20.83,,5.0,95.75,13.34,15.27,17.98,20.21,20.83,8.32,88.65,93.46,94.74,86.92
1811414,QS,QuantumScape Corporation,4.58,87004736.35,False,20.8,,3.0,61.28,17.18,18.99,19.73,20.8,20.0,35.66,1.81,74.5,96.49,8.26
1870144,CDIO,Cardio Diagnostics Holdings Inc.,1.87,47656.5,False,20.8,,3.0,68.92,17.41,17.44,17.68,17.71,20.8,17.47,50.79,38.31,6.3,29.75
2101698,ELMT,The Elmet Group Co.,21.12,4706358.05,True,20.77,,2.0,45.59,20.77,14.59,14.09,14.56,13.37,41.07,50.79,1.16,50.19,43.54
873303,SRPT,"Sarepta Therapeutics, Inc.",17.85,49558447.26,True,20.74,,2.0,41.19,15.69,18.34,20.74,19.64,19.02,22.67,4.28,20.33,12.48,43.3
1333274,MERC,Mercer International Inc.,0.25,230819.5,False,20.71,,4.0,81.49,15.99,16.52,18.07,18.69,20.71,21.22,88.59,85.3,25.38,10.91
1001115,GEOS,Geospace Technologies Corporation,4.62,472114.98,False,20.68,,4.0,83.09,17.95,17.71,20.0,20.68,20.33,23.12,50.79,20.06,50.19,11.17
1830043,BMBL,Bumble Inc.,2.54,5747746.49,False,20.53,,4.0,75.45,16.55,18.4,19.94,20.33,20.53,16.32,3.39,95.16,50.19,26.15
1735556,SGRX,SANGRIX INC.,0.74,190082.0,False,20.45,,3.0,73.61,20.45,15.75,15.07,15.84,19.88,16.73,50.79,53.16,50.19,4.13
2035832,AKTS,"Aktis Oncology, Inc.",18.15,6270335.76,True,20.42,,4.0,77.33,20.42,15.87,12.9,11.98,9.21,14.56,50.79,78.34,13.11,43.06
1374690,LRMR,"Larimar Therapeutics, Inc.",2.67,4155327.37,False,20.3,,4.0,84.96,20.3,12.21,9.06,9.09,9.39,5.47,50.79,22.35,99.67,43.03
1743905,RVSN,Rail Vision Ltd.,3.47,44002.5,False,20.27,,3.0,62.14,6.12,10.64,13.94,17.03,20.27,16.46,50.79,76.02,70.97,6.6
1762303,RCEL,"Avita Medical, Inc.",13.21,2776162.4,True,20.24,,4.0,79.49,16.94,18.16,19.29,20.24,15.66,9.0,50.79,67.43,9.48,96.32
2028293,RAIN,"Rain Enhancement Technologies Holdco, Inc.",0.67,83398.0,False,20.24,,5.0,99.55,20.24,14.06,12.36,13.4,14.59,10.16,96.61,19.14,97.74,11.11
2061473,PMTR,Perimeter Acquisition Corp. I,10.44,77234.8,False,20.15,,2.0,45.17,18.75,19.32,19.97,20.15,19.11,13.19,50.79,53.16,50.19,64.93
1842952,CNTX,Context Therapeutics Inc.,0.3,583006.93,False,20.09,,4.0,89.42,12.99,14.62,16.43,20.09,19.76,20.86,50.79,78.66,18.54,15.78
1819411,GANX,"Gain Therapeutics, Inc.",1.62,682818.49,False,19.85,,4.0,85.11,19.85,14.74,12.75,12.27,11.68,11.08,50.79,21.96,26.66,48.77
1430306,TNXP,Tonix Pharmaceuticals Holding Corp.,7.3,5072242.64,True,19.82,,4.0,87.79,19.82,11.65,7.55,5.5,6.0,7.37,15.13,92.21,6.0,24.7
2075320,PLYX,"Polaryx Therapeutics, Inc.",2.0,118994.0,False,19.7,,4.0,89.81,19.7,15.39,13.88,13.97,13.49,9.99,50.79,41.66,30.34,50.31
1858848,TNYA,"Tenaya Therapeutics, Inc.",0.58,1388183.08,False,19.67,,3.0,72.93,9.03,13.34,16.4,19.55,19.67,21.1,50.79,69.09,18.78,15.75
1927578,NTCL,NETCLASS TECHNOLOGY INC,1.5,58833.0,False,19.67,,4.0,80.0,19.67,15.63,14.68,15.45,19.64,16.17,50.79,53.16,50.19,5.77
1606242,VTIX,Virtuix Holdings Inc.,1.07,413140.01,False,19.64,,5.0,99.7,19.64,13.79,13.11,13.64,13.88,6.06,90.13,20.18,70.28,54.89
1738827,KLXE,"KLX Energy Services Holdings, Inc. ",1.32,637488.51,False,19.61,,3.0,60.36,19.61,15.54,16.29,17.53,17.47,68.08,50.79,1.66,50.19,44.04
1413745,YDKG,Yueda Digital Holding,0.86,12833.5,False,19.61,,3.0,56.11,16.85,15.45,15.22,15.9,19.61,18.78,50.79,53.16,50.19,3.48
2010653,FVN,Future Vision II Acquisition Corporation,8.73,444283.0,False,19.58,,4.0,86.98,8.14,11.68,15.63,19.32,19.58,23.21,50.79,3.43,50.19,68.89
1342958,KUST,"Kustom Entertainment, Inc.",3.97,407712.51,False,19.55,,5.0,95.01,19.55,13.02,10.49,9.33,8.74,15.57,50.79,26.09,85.38,0.68
1901215,BRNX,BrenX Ltd.,1.34,700887.5,False,19.55,,3.0,73.82,19.26,15.16,14.47,15.25,19.55,15.6,12.12,53.16,97.77,3.83
1899883,FIP,FTAI Infrastructure Inc.,2.65,3920309.9,False,19.52,,4.0,86.12,19.52,17.62,17.24,17.77,16.64,25.11,50.79,8.95,50.19,30.19
2093101,RNA,"Atrium Therapeutics, Inc.",8.4,2205084.01,True,19.47,,2.0,47.58,6.48,10.7,15.42,19.47,18.72,38.4,50.79,0.68,27.76,54.62
1820190,SCLX,Scilex Holding Company,2.92,228478.0,False,19.44,,5.0,92.51,19.44,13.88,10.85,11.53,10.46,12.01,98.6,7.99,25.08,28.89
2082526,AESP,Aeon Acquisition I Corp.,9.99,26338.5,False,19.44,,3.0,69.51,18.9,18.69,18.96,19.02,19.44,13.34,50.79,53.16,96.64,56.05
2069856,HCMA,HCM III Acquisition Corp.,10.32,1027.5,False,19.35,,2.0,46.51,19.35,19.05,18.66,18.57,18.34,13.73,50.79,53.16,50.19,63.24
2068454,KOYN,CSLM Digital Asset Acquisition Corp III,10.26,42843.0,False,19.29,,2.0,51.98,19.29,18.13,17.36,16.67,15.9,16.26,50.79,8.86,50.19,63.92
1022652,INSG,Inseego Corp.,4.46,1509732.98,False,19.23,,3.0,61.1,14.03,14.03,15.01,17.98,19.23,83.15,95.78,0.74,98.78,15.54
2084563,LFAC,Leapfrog Acquisition Corporation,10.08,0.0,False,19.05,,2.0,50.07,17.03,17.98,18.63,19.05,18.96,13.34,50.79,53.16,50.19,58.34
795800,NEXM,NexMetals Mining Corp.,1.7,61821.0,False,18.96,,5.0,92.75,18.96,13.49,11.95,11.0,11.65,11.35,50.79,85.3,88.71,20.12
1855467,MOBX,"Mobix Labs, Inc.",1.13,979040.98,False,18.87,,5.0,92.84,3.57,8.89,13.55,16.46,18.87,10.85,97.83,68.89,96.4,14.29
1708527,ELUT,"Elutia, Inc.",0.82,29867.05,False,18.84,,5.0,92.04,10.4,13.52,16.46,18.84,16.23,12.87,50.79,75.78,3.45,60.27
910406,HAIN,"The Hain Celestial Group, Inc.",0.55,360644.0,False,18.81,,5.0,92.1,6.51,11.86,15.13,18.81,18.6,17.8,12.15,8.29,50.19,27.58
1006045,IRIX,IRIDEX Corporation,0.9,41665.5,False,18.78,,5.0,92.54,5.26,10.67,14.89,18.66,18.78,12.96,50.79,77.71,50.19,40.06
64463,SLNH,"Soluna Holdings, Inc.",0.9,9795101.46,False,18.78,,5.0,97.68,18.78,10.52,7.01,5.02,3.86,9.27,50.79,81.25,86.89,19.58
1468748,KOD,Kodiak Sciences Inc,99.87,23524226.46,True,18.75,,4.0,77.44,15.84,16.55,18.75,15.27,12.42,9.48,12.78,95.75,0.15,95.33
1784254,MDIA,Mediaco Holding Inc.,1.04,11752.0,False,18.72,,4.0,86.54,18.72,15.72,13.67,14.15,14.06,10.61,50.79,26.27,82.26,51.56
2051985,IRHO,Iron Horse Acquisitions II Corp.,10.06,178678.5,False,18.63,,3.0,62.11,17.98,17.24,18.54,18.63,18.07,12.66,50.79,85.3,50.19,56.46
1731348,TLRY,"Tilray Brands, Inc.",3.54,15590250.2,False,18.63,,2.0,45.82,18.63,16.76,16.64,16.55,16.67,71.83,99.29,4.61,30.25,4.9
2032341,CYAB,"Cyabra, Inc.",0.19,118500.0,False,18.57,,5.0,98.63,18.57,13.76,12.12,11.03,13.16,12.3,50.79,4.7,50.19,62.08
1687277,RETO,"ReTo Eco-Solutions, Inc.",1.32,291226.0,False,18.54,,4.0,78.63,18.54,14.92,14.32,14.89,18.01,14.29,50.79,53.16,50.19,4.43
924168,EFOI,"Energy Focus, Inc.",2.99,20482.0,False,18.51,,5.0,90.79,18.04,17.74,17.53,18.19,18.51,12.54,50.79,71.56,50.19,68.83
1677703,CNDT,Conduent Incorporated,1.6,1416766.0,False,18.48,,2.0,54.86,18.48,16.08,15.27,14.86,16.08,30.58,50.79,6.21,29.48,28.11
1603993,AIOS,AIOS Tech Inc.,11.45,209210.0,False,18.45,,4.0,77.77,7.31,11.8,14.26,16.17,18.45,17.5,50.79,53.16,50.19,11.38
2080019,GIW,GigCapital8 Corp.,10.17,59480.75,False,18.45,,2.0,46.39,18.45,17.09,16.26,16.05,15.78,13.34,50.79,53.16,50.19,52.01
1840856,SOUN,"SoundHound AI, Inc.",5.39,160846243.4,True,18.4,,3.0,55.04,18.4,13.11,11.08,10.55,8.83,78.37,97.0,0.27,84.81,5.65
1935172,AIXI,XIAO-I Corporation,2.03,591422.0,False,18.4,,4.0,80.8,4.55,10.13,14.29,16.23,18.4,17.92,50.79,53.16,50.19,7.01
2015691,ELPW,Elong Power Holding Limited,2.71,425575.01,False,18.37,,4.0,76.85,13.46,13.22,13.7,14.26,18.37,15.39,50.79,53.16,26.06,3.36
2081300,SSAC,SPACSphere Acquisition Corp.,10.12,196445.01,False,18.34,,2.0,44.25,18.34,16.85,15.93,15.66,15.42,13.34,50.79,53.16,50.19,50.97
1701108,SPRO,"Spero Therapeutics, Inc.",1.2,644358.51,False,18.28,,4.0,81.4,12.72,14.95,16.49,18.28,17.12,20.21,50.79,76.91,67.9,27.43
2089982,HACQ,HCM IV Acquisition Corp.,10.03,0.0,False,18.28,,2.0,50.58,18.28,17.38,16.76,16.7,16.32,13.34,50.79,53.16,50.19,53.64
2074850,GFUZ,General Fusion Group Ltd.,8.71,1325953.49,True,18.28,,4.0,76.55,9.84,13.67,16.32,18.07,18.28,13.34,50.79,53.16,50.19,49.93
1279704,CLRB,"Cellectar Biosciences, Inc.",1.45,100348.5,False,18.25,,4.0,87.9,18.25,12.33,9.33,7.4,7.85,10.28,50.79,42.02,81.13,27.55
2034520,GIBO,GIBO Holdings Limited,56.82,144815.0,False,18.19,,3.0,56.49,6.3,11.56,14.95,16.73,18.19,17.18,50.79,53.16,50.19,26.66
1760689,MVST,"Microvast Holdings, Inc.",0.58,4134017.39,False,18.13,,5.0,92.45,18.13,13.85,12.39,11.26,12.63,13.67,3.57,34.15,95.69,2.11
1844971,VIP,Vulcan Infrastructure and Power Inc.,1.41,256505.0,False,18.1,,5.0,94.35,18.1,12.3,11.92,12.36,12.39,11.03,15.38,4.28,50.19,51.86
2077010,OTGA,OTG Acquisition Corp. I,10.26,36809.0,False,17.95,,2.0,45.65,17.8,17.83,17.74,17.95,17.83,13.34,50.79,53.16,50.19,56.43
1840229,INKT,"MiNK Therapeutics, Inc.",11.0,116837.5,False,17.92,,4.0,78.69,17.92,12.15,9.27,8.71,8.29,7.58,50.79,74.44,6.63,46.69
1637715,OKUR,"OnKure Therapeutics, Inc.",2.41,505712.5,False,17.89,,4.0,85.32,17.89,13.19,10.28,8.5,7.96,9.21,50.79,66.69,14.65,60.18
1507605,MARA,"MARA Holdings, Inc.",9.91,487132703.46,True,17.83,,3.0,55.07,17.83,12.45,9.6,8.23,8.08,20.71,1.43,5.53,0.33,19.94
1468328,ADUS,Addus HomeCare Corporation,114.33,23133093.84,True,17.71,,2.0,45.74,17.71,17.36,17.03,15.57,13.22,21.16,50.79,8.8,4.64,56.11
2055592,GEMI,"Gemini Space Station, Inc.",4.47,7950247.38,False,17.68,,3.0,63.3,17.68,14.5,12.69,12.15,13.14,23.57,50.79,68.68,50.19,2.41
1474167,COSM,Cosmos Health Inc.,0.34,862250.62,False,17.62,,5.0,95.19,17.62,12.42,10.52,10.19,11.5,9.81,97.74,70.37,11.5,13.11
1847874,BEEP,Mobile Infrastructure Corporation,2.73,53047.0,False,17.59,,3.0,74.77,10.61,13.43,15.69,17.59,17.38,12.42,50.79,20.24,50.19,50.22
1806952,LYEL,"Lyell Immunopharma, Inc.",8.71,1588251.03,True,17.59,,3.0,67.4,17.59,14.41,14.15,14.12,13.7,14.83,50.79,37.24,17.0,33.31
1728117,GOSS,"Gossamer Bio, Inc.",9.88,2656017.6,True,17.56,,4.0,89.24,17.56,12.24,9.21,6.15,5.68,20.77,50.79,18.69,5.62,0.12
1844505,QTI,"QT Imaging Holdings, Inc.",2.68,70252.5,False,17.56,,3.0,64.07,8.44,11.59,13.05,14.29,17.56,16.64,50.79,69.51,50.19,8.05
1781983,APRE,"Aprea Therapeutics, Inc.",0.6,56918.5,False,17.53,,5.0,93.85,17.53,12.72,10.43,9.66,9.69,10.7,50.79,72.9,72.99,31.62
1314102,EYPT,"EyePoint, Inc.",3.4,17186918.01,False,17.5,,3.0,73.34,7.52,13.46,17.5,16.14,14.23,23.83,50.79,82.2,0.06,14.09
1737953,REPL,"Replimune Group, Inc.",13.42,33859508.65,True,17.5,,4.0,80.45,17.5,17.12,16.67,15.42,14.26,11.0,2.91,36.23,19.14,97.59
2083689,AEAQ,Activate Energy Acquisition Corp.,10.08,0.0,False,17.47,,2.0,50.79,17.47,17.18,16.97,16.94,16.58,13.34,50.79,53.16,50.19,54.26
1817229,VOR,Vor Biopharma Inc.,19.9,17960414.77,True,17.24,,2.0,46.0,11.14,14.23,15.9,16.29,17.24,24.81,50.79,64.04,10.64,32.04
1855474,AIRJ,AirJoule Technologies Corporation,3.61,4175751.04,False,17.12,,3.0,60.53,17.12,12.36,11.56,12.42,12.54,30.55,50.79,2.17,98.87,42.67
1737995,SKYA,"SkyAI, Inc.",1.82,314968.3,False,17.09,,3.0,74.21,12.54,13.05,13.61,13.91,17.09,15.25,50.79,31.11,50.19,11.68
1641398,GDC,GD Culture Group Limited,1.34,384563.5,False,17.0,,4.0,81.04,13.11,12.66,12.93,14.74,17.0,17.36,50.79,78.16,50.19,3.0
1707910,REBN,"Reborn Coffee, Inc.",2.0,58895.5,False,17.0,,5.0,98.48,17.0,12.81,10.22,10.46,11.56,6.54,50.79,94.47,81.84,21.28
1781162,MNTS,Momentus Inc.,3.38,3472056.06,False,16.91,,5.0,91.2,16.91,13.94,12.72,12.69,16.02,19.35,3.98,68.97,80.42,6.24
1382574,SCNX,"Scienture Holdings, Inc.",3.76,123775.68,False,16.88,,5.0,90.49,16.88,13.4,11.47,10.76,9.18,13.55,50.79,87.1,26.84,21.75
719135,APYX,Apyx Medical Corporation,2.59,291983.0,False,16.85,,4.0,82.85,14.53,15.13,16.34,16.85,15.87,13.58,50.79,29.6,24.75,59.67
2042460,HAVA,Harvard Ave Acquisition Corporation,10.25,0.0,False,16.76,,2.0,48.5,15.25,15.69,16.11,16.76,15.63,15.36,50.79,9.18,50.19,57.18
933972,SCWO,374Water Inc.,2.54,120547.5,False,16.73,,4.0,82.82,16.73,11.23,8.83,8.59,8.17,4.78,50.79,38.13,50.19,23.92
1844862,SLDP,"Solid Power, Inc.",2.38,6835936.07,False,16.52,,3.0,63.12,9.3,11.92,15.1,16.52,15.93,18.99,50.79,28.05,93.79,17.56
1655210,BYND,"Beyond Meat, Inc.",7.7,13596516.76,True,16.49,,4.0,83.77,16.49,12.12,11.41,10.7,11.41,68.26,6.39,3.83,50.19,0.8
1479419,KALA,"KALA BIO, Inc.",0.29,89254.1,False,16.43,,5.0,98.34,16.43,13.37,12.15,12.39,13.76,21.58,50.79,6.37,21.46,2.97
1600983,KSCP,"Knightscope, Inc.",0.62,1071552.52,False,16.37,,4.0,89.03,16.37,11.05,9.9,10.01,9.93,9.12,50.79,66.18,81.04,12.87
1498382,HURA,"TuHURA Biosciences, Inc.",1.96,408835.98,False,16.34,,4.0,87.4,13.58,15.36,15.72,15.72,16.34,11.29,50.79,98.78,79.17,47.96
1748137,NEOV,NeoVolta Inc.,2.61,3380611.95,False,16.34,,3.0,72.45,16.34,10.43,8.71,8.38,9.54,19.05,50.79,3.63,73.28,29.99
1711754,INMB,INmune Bio Inc.,1.83,698048.0,False,16.26,,4.0,82.08,16.26,12.63,11.2,11.29,10.19,1.6,50.79,21.9,29.3,77.47
1056358,MTEX,"Mannatech, Incorporated",7.86,58699.0,False,16.2,,5.0,96.02,5.14,9.75,13.25,15.69,16.2,8.05,7.7,41.4,50.19,63.18
2028336,NUAI,"New Era Energy & Digital, Inc.",4.7,31363610.05,False,16.08,,4.0,82.56,16.08,7.46,4.58,3.21,2.56,4.13,50.79,3.89,50.19,94.41
2028707,MRLN,"Merlin, Inc.",1.36,4416285.94,False,16.02,,5.0,91.38,16.02,10.76,8.38,6.81,6.27,11.38,50.79,68.2,77.98,8.62
1509261,RZLT,"Rezolute, Inc.",4.87,5714963.73,False,15.99,,3.0,67.93,6.27,11.0,14.5,15.99,14.03,22.82,50.79,15.72,75.81,23.68
738214,AMTX,"Aemetis, Inc",1.66,1284616.98,False,15.96,,4.0,86.92,15.96,12.96,10.82,10.49,11.11,12.04,50.79,69.18,90.28,38.1
1645460,CUE,"Cue Biopharma, Inc.",27.66,5017708.08,True,15.87,,4.0,78.51,9.48,11.95,14.98,15.87,12.84,5.82,50.79,81.78,31.29,77.98
1652130,NTLA,"Intellia Therapeutics, Inc.",13.07,45470263.81,True,15.87,,3.0,59.52,10.13,13.31,15.87,15.16,15.75,27.31,5.14,19.47,12.51,17.53
1759138,CABA,"Cabaletta Bio, Inc.",1.93,10135919.28,False,15.78,,4.0,85.05,15.78,11.62,9.63,7.93,7.04,6.98,50.79,26.81,12.69,70.82
890394,PRSO,Peraso Inc.,0.4,135326.0,False,15.72,,5.0,94.56,15.72,11.5,9.69,9.57,10.01,10.13,14.0,24.67,86.92,21.37
1795851,SWRD,Stewards Inc,2.62,658584.01,False,15.72,,3.0,71.89,7.13,9.84,13.46,14.59,15.72,34.15,50.79,3.0,50.19,48.56
1844417,ESLA,"Estrella Immunopharma, Inc.",0.41,18256.7,False,15.63,,5.0,98.4,15.63,10.82,8.62,7.1,6.06,7.93,50.79,32.64,17.15,20.36
2063196,NTSK,"Netskope, Inc.",20.75,80603723.56,True,15.57,,1.0,27.46,11.23,13.97,15.57,14.83,13.11,28.68,12.87,19.58,4.4,25.59
1906324,QDEL,QuidelOrtho Corporation,13.42,18086739.08,True,15.57,,2.0,47.1,6.15,11.32,13.52,15.07,15.57,32.57,8.41,7.09,8.97,17.95
1830033,PCT,"PureCycle Technologies, Inc.",3.92,24297605.46,False,15.54,,4.0,85.97,15.54,10.28,6.63,3.8,2.94,11.92,50.79,22.17,7.61,12.57
1788230,IPST,"IP Strategy Holdings, Inc.",3.01,145480.0,False,15.54,,5.0,95.13,8.41,9.39,11.17,13.52,15.54,13.85,50.79,12.63,18.63,6.45
799850,CRMT,"America's Car-Mart, Inc.",1.35,573273.5,False,15.48,,4.0,85.71,2.76,6.69,10.67,14.03,15.48,12.84,50.79,6.09,50.19,12.69
1835022,COYA,"Coya Therapeutics, Inc.",4.95,594764.49,False,15.48,,4.0,78.93,10.67,12.75,14.35,15.48,15.39,14.03,50.79,29.48,26.98,37.92
1870940,AIRS,"AirSculpt Technologies, Inc.",1.62,1824691.74,False,15.48,,5.0,91.74,15.48,12.07,9.75,8.8,8.5,13.64,50.79,65.14,28.29,10.16
1861622,JTAI,Jet.AI Inc.,1.57,199239.25,False,15.45,,4.0,89.18,7.22,9.33,11.14,12.87,15.45,13.08,50.79,53.16,50.19,9.3
1840439,BMEA,"Biomea Fusion, Inc.",1.42,1373709.95,False,15.39,,4.0,86.39,8.71,12.27,15.04,15.39,13.46,11.59,50.79,27.43,7.88,67.93
1953926,ZBIO,"Zenas BioPharma, Inc.",27.26,19020602.12,True,15.39,,4.0,77.56,15.39,10.49,7.7,5.2,3.15,3.8,50.79,34.5,3.98,64.46
1058307,NXPL,NextPlat Corp,9.0,119839.5,False,15.36,,4.0,86.69,6.72,9.96,13.31,15.36,15.25,9.51,50.79,14.03,24.58,72.39
1966233,NIPG,NIP Group Inc.,11.05,220479.0,False,15.3,,4.0,76.05,14.59,15.07,15.3,15.01,15.16,25.94,50.79,53.16,50.19,4.84
1023994,OLOX,Olenox Industries Inc.,0.91,233327.5,False,15.22,,5.0,99.41,3.6,7.01,9.87,12.04,15.22,11.47,87.85,53.16,97.53,9.96
1857086,TRUG,"TruGolf Holdings, Inc.",1.89,637545.51,False,15.22,,5.0,94.47,15.22,12.39,10.76,12.54,14.62,16.58,50.79,5.47,50.19,4.64
1852207,BEAG,Bold Eagle Acquisition Corp.,10.69,97089.0,False,15.22,,3.0,60.21,11.98,12.1,13.82,15.22,13.4,25.02,50.79,2.2,19.76,64.9
946581,TTWO,"Take-Two Interactive Software, Inc.",213.44,484962588.77,True,15.19,,1.0,16.55,13.08,14.83,15.19,14.71,14.77,27.88,85.88,6.72,50.19,34.74
1818382,HUMA,"Humacyte, Inc.",0.41,2519815.46,False,15.19,,5.0,95.1,15.19,9.69,7.07,5.38,4.84,6.86,50.79,89.0,24.93,14.21
948708,SMSI,"Smith Micro Software, Inc.",2.61,42390.0,False,15.13,,4.0,79.85,10.37,10.4,11.68,13.67,15.13,5.74,13.43,79.02,80.18,44.7
1777319,CISO,"CISO Global, Inc.",0.19,28153.75,False,15.13,,5.0,97.18,15.13,12.9,12.18,12.12,12.78,12.72,50.79,41.04,50.19,13.4
1855447,TYGO,"Tigo Energy, Inc.",0.89,1029485.52,False,15.1,,4.0,84.84,7.28,9.99,11.59,12.9,15.1,12.39,50.79,73.49,87.16,23.74
1130166,BGMS,"Bio Green Med Solution, Inc.",0.85,15548.0,False,15.07,,5.0,91.98,15.07,13.58,13.16,13.34,14.68,13.05,50.79,33.14,83.8,14.18
2053927,WTG,Wintergreen Acquisition Corp.,10.65,23805.0,False,15.07,,2.0,51.62,11.62,11.71,13.34,14.65,15.07,17.53,50.79,3.43,50.19,73.52
1851484,CTOR,"Citius Oncology, Inc. ",0.84,48357.8,False,15.04,,5.0,94.41,15.04,10.25,7.99,7.46,6.95,9.24,50.79,76.97,75.3,25.11
1718939,IDAI,T Stamp Inc.,3.39,79419.0,False,14.95,,4.0,87.37,7.46,10.91,12.42,14.68,14.95,3.89,50.79,94.38,26.69,61.01
1897245,ESYN,EnerSyn Global Inc.,2.16,35488.0,False,14.92,,5.0,93.22,10.82,12.04,12.78,14.41,14.92,10.25,50.79,12.81,50.19,51.68
2000775,BKHA,Black Hawk Acquisition Corporation,11.53,0.0,False,14.86,,4.0,83.95,14.86,11.29,10.91,11.14,10.07,17.06,50.79,0.58,50.19,72.48
1491419,LVO,"LiveOne, Inc.",2.7,211843.5,False,14.8,,4.0,84.13,7.73,10.88,12.3,14.18,14.8,8.29,50.79,20.65,50.19,66.92
1108205,CRIS,"Curis, Inc.",0.67,218386.0,False,14.77,,5.0,95.39,14.77,11.53,10.07,8.53,11.0,10.94,50.79,26.18,86.86,6.0
1701963,VS,Versus Systems Inc.,1.05,12308.51,False,14.74,,5.0,97.92,14.09,12.84,12.63,12.96,14.74,11.32,50.79,24.04,50.19,32.72
1576885,ABOS,"Acumen Pharmaceuticals, Inc.",2.14,1021348.96,False,14.74,,4.0,85.02,11.11,13.25,14.74,14.21,11.62,9.78,95.33,87.13,18.45,84.96
1852973,BRLS,Borealis Foods Inc.,0.96,8198.5,False,14.68,,5.0,99.94,14.68,10.34,8.65,8.17,8.35,6.36,50.79,53.16,50.19,25.74
1638287,MTVA,MetaVia Inc. ,1.34,98413.5,False,14.65,,4.0,89.6,14.65,11.14,10.46,9.48,8.56,12.36,50.79,82.59,29.51,10.73
2070887,CRAC,Crown Reserve Acquisition Corp. I,10.25,19309.8,False,14.62,,3.0,69.84,13.05,13.7,13.64,14.62,14.18,13.34,50.79,7.09,50.19,58.1
1874097,CYN,Cyngn Inc.,0.53,126098.5,False,14.62,,5.0,96.58,14.62,10.73,8.56,7.64,7.58,10.19,50.79,53.16,50.19,10.34
1533040,PHIO,Phio Pharmaceuticals Corp.,0.98,109583.5,False,14.56,,4.0,81.52,11.59,11.83,12.24,12.84,14.56,6.09,0.36,92.78,30.88,29.0
1621672,SLE,"Super League Enterprise, Inc.",4.99,423754.51,False,14.5,,4.0,80.98,11.77,11.35,12.27,13.31,14.5,14.68,50.79,41.13,11.29,9.03
1378325,CV,"CapsoVision, Inc.",6.59,668937.0,False,14.47,,4.0,80.24,12.12,12.99,14.18,14.47,12.69,7.55,50.79,10.13,68.47,88.41
1805385,EVLV,"Evolv Technologies Holdings, Inc.",4.53,9542104.06,False,14.44,,3.0,72.04,14.44,12.87,11.89,11.23,9.75,12.6,50.79,93.4,10.61,24.4
1981535,SBET,"Sharplink, Inc.",8.59,56563431.58,True,14.41,,4.0,76.64,14.41,8.5,4.43,2.79,2.76,8.62,50.79,25.62,14.26,18.45
1862150,CING,Cingulate Inc.,4.89,564524.75,False,14.41,,4.0,80.51,11.44,12.78,13.22,14.38,14.41,8.08,50.79,25.68,22.41,80.27
1760233,GIFT,"Giftify, Inc.",0.57,27613.8,False,14.38,,5.0,93.46,5.47,9.0,11.0,12.45,14.38,8.83,50.79,35.9,79.11,43.74
1937891,AMCI,AMC Robotics Corporation,2.78,543484.01,False,14.35,,4.0,87.55,11.92,9.81,10.61,12.18,14.35,26.6,50.79,3.77,50.19,15.27
1891856,GENK,"GEN Restaurant Group, Inc.",1.6,47158.5,False,14.32,,2.0,52.78,7.76,9.93,12.21,14.32,13.58,45.62,50.79,0.09,50.19,35.1
1815776,LENZ,"LENZ Therapeutics, Inc.",3.64,3376572.4,False,14.29,,3.0,71.44,6.98,10.19,12.54,13.28,14.29,17.38,50.79,34.83,6.69,5.41
840715,CLRO,"ClearOne, Inc.",3.91,280995.01,False,14.29,,5.0,96.14,14.29,13.14,12.07,11.74,11.26,7.76,50.79,72.87,50.19,51.23
1730463,AUTL,Autolus Therapeutics plc,1.81,3139528.0,False,14.21,,4.0,86.24,14.21,14.21,13.79,13.02,11.08,11.71,50.79,40.45,50.19,68.53
1846416,ONEN,ONE Nuclear Energy Inc.,1.71,306123.51,False,14.18,,4.0,88.74,14.18,10.97,9.78,9.93,9.0,19.17,50.79,0.22,50.19,69.33
1500435,GPRO,"GoPro, Inc.",1.18,5343825.06,False,14.12,,4.0,87.52,14.12,10.16,9.48,8.95,9.48,22.14,90.1,3.33,70.25,30.25
1677077,ALZN,"Alzamend Neuro, Inc.",1.34,75194.0,False,14.09,,5.0,93.05,12.9,12.01,12.45,11.92,14.09,3.39,50.79,97.09,50.19,49.51
1307579,LIQT,"LiqTech International, Inc.",0.41,65261.5,False,14.06,,5.0,96.4,14.06,9.72,8.26,8.05,11.23,6.95,50.79,87.19,83.3,15.51
1807166,AMST,Amesite Inc.,0.88,60532.5,False,14.0,,5.0,95.63,14.0,11.41,11.53,11.44,12.21,9.93,50.79,80.3,68.53,20.09
1843165,YHC,LQR House Inc.,1.4,112823.5,False,13.97,,5.0,94.83,2.94,6.03,9.57,10.73,13.97,8.77,50.79,98.66,50.19,10.94
1790340,IMRX,Immuneering Corporation,3.74,2802823.49,False,13.97,,4.0,83.83,13.97,9.45,6.6,4.4,3.95,8.59,50.79,41.93,15.36,30.58
1590418,FCUV,Focus Universal Inc.,4.17,268531.0,False,13.85,,5.0,90.31,13.85,11.38,11.32,10.91,12.6,10.73,50.79,99.29,50.19,7.28
1980845,ENGN,enGene Therapeutics Inc.,1.73,1165590.98,False,13.82,,5.0,90.67,13.82,10.55,9.12,8.97,8.05,11.44,50.79,84.7,50.19,5.94
1676163,SSII,SS Innovations International Inc.,2.64,165294.0,False,13.79,,4.0,84.16,13.79,11.47,11.62,10.16,8.8,12.45,50.79,80.18,30.52,18.63
1468929,NXGL,"NexGel, Inc",0.2,2012506.77,False,13.79,,5.0,98.42,11.56,10.94,11.74,12.24,13.79,4.55,50.79,86.81,32.12,63.39
1787297,PASG,"Passage Bio, Inc.",3.69,64585.0,False,13.76,,4.0,89.09,13.76,10.61,9.54,8.44,9.42,4.4,50.79,26.33,79.55,33.14
1785424,KPLT,"Katapult Holdings, Inc.",4.7,451494.01,False,13.73,,5.0,90.94,6.0,9.21,11.44,13.73,13.52,12.33,50.79,7.82,50.19,39.52
1840416,SSM,Sono Group N.V.,1.18,117820.5,False,13.67,,5.0,95.72,13.67,9.51,8.74,9.06,9.36,5.23,50.79,42.91,50.19,16.14
314227,TOMZ,"TOMI Environmental Solutions, Inc.",1.61,38149.5,False,13.61,,5.0,93.08,3.27,5.53,9.96,12.78,13.61,7.28,50.79,82.62,31.95,36.37
1861657,CNTN,"Canton Strategic Holdings, Inc.",2.11,1467972.0,False,13.55,,4.0,87.13,13.55,9.42,7.19,5.74,5.85,8.68,50.79,68.53,50.19,32.84
1104038,OPNW,"OpenWorld, Inc.",4.47,28494.05,False,13.43,,4.0,88.2,13.43,9.78,10.34,11.86,13.25,28.89,50.79,0.15,50.19,29.39
2023676,LPBB,Launch Two Acquisition Corp.,10.8,235658.01,False,13.43,,3.0,60.48,12.1,11.17,12.66,13.43,13.05,16.37,50.79,4.13,50.19,67.73
1828161,FTCI,"FTC Solar, Inc.",1.93,626715.76,False,13.4,,4.0,89.99,13.4,9.3,8.23,8.68,8.59,4.58,50.79,16.34,76.76,17.41
1643953,PRPL,"Purple Innovation, Inc.",1.87,123321.0,False,13.31,,5.0,93.19,13.31,11.08,10.64,11.05,11.8,12.21,50.79,68.26,10.07,10.79
1281895,RCKT,"Rocket Pharmaceuticals, Inc.",2.56,4713942.38,False,13.31,,3.0,59.41,10.07,10.79,12.6,13.22,13.31,22.64,2.17,4.01,17.59,54.38
1907108,LXEO,"Lexeo Therapeutics, Inc.",3.23,3663474.96,False,13.28,,3.0,66.27,13.28,10.1,9.0,9.99,9.84,59.35,50.79,0.18,95.16,20.86
1770121,SANA,"Sana Biotechnology, Inc.",2.79,8918488.26,False,13.25,,4.0,85.41,13.25,9.87,8.77,7.16,5.38,10.04,50.79,84.13,20.21,29.6
1866226,EMAT,Evolution Metals & Technologies Corp.,1.64,2009609.96,False,13.19,,5.0,98.57,13.19,6.12,3.36,2.53,1.9,11.65,50.79,4.07,50.19,39.97
1854963,SHFS,"SHF Holdings, Inc.",0.43,61541.37,False,13.16,,5.0,99.17,13.16,8.71,7.28,6.72,7.31,9.6,50.79,86.72,78.45,5.08
2071288,LMRI,"Lumexa Imaging Holdings, Inc.",10.54,3942738.04,True,13.16,,4.0,79.29,12.36,13.08,12.87,13.16,10.97,13.02,93.55,77.33,50.19,45.44
1756064,OBAI,"Our Bond, Inc.",0.19,180476.5,False,13.14,,5.0,97.36,13.14,10.37,9.45,8.77,9.03,1.52,50.79,53.16,72.87,59.91
2030954,XHLD,"TEN Holdings, Inc.",0.48,9184132.24,False,13.08,,5.0,94.89,11.17,11.2,11.65,13.08,12.75,1.04,50.79,5.47,50.19,100.0
2030522,MWYN,"Marwynn Holdings, Inc.",1.38,87765.45,False,13.08,,5.0,93.82,4.07,7.73,10.04,11.95,13.08,6.69,50.79,74.77,77.03,53.02
1785530,HOWL,"Werewolf Therapeutics, Inc.",0.98,436849.59,False,12.93,,4.0,89.93,5.38,9.24,11.98,12.93,11.95,10.55,12.21,66.89,32.1,34.86
1602409,FNGR,"FingerMotion, Inc.",0.2,798542.6,False,12.84,,5.0,96.61,12.84,8.32,8.68,9.51,10.76,11.2,94.26,5.35,96.91,6.48
1501796,AURA,"Aura Biosciences, Inc.",6.54,4277858.51,True,12.81,,4.0,75.54,10.76,12.69,12.81,11.41,10.79,12.07,50.79,35.87,9.57,72.36
1648960,MYSE,"Myseum.AI, Inc.",1.75,190839.0,False,12.81,,5.0,90.61,5.17,8.35,11.23,12.81,12.66,7.43,50.79,6.06,86.36,65.11
1822359,DCGO,DocGo Inc.,0.34,249704.25,False,12.81,,5.0,96.55,11.68,9.15,10.25,11.65,12.81,17.62,50.79,4.34,9.87,16.76
1661059,NXTC,"NextCure, Inc.",7.18,887786.98,False,12.72,,4.0,88.77,4.19,7.67,11.11,12.72,11.44,4.43,50.79,71.29,10.73,75.33
787253,NAII,"Natural Alternatives International, Inc.",1.14,21921.0,False,12.66,,5.0,91.92,12.66,8.92,7.37,7.25,6.51,1.81,50.79,23.03,73.08,42.11
2029976,KFII,K&F Growth Acquisition Corp. II,10.69,4775.0,False,12.63,,4.0,83.57,11.95,11.11,12.01,12.63,12.1,19.58,50.79,3.43,50.19,65.91
2109869,XLAB,Exascale Labs Holdings Inc.,0.97,400392.0,False,12.6,,5.0,97.74,12.6,8.86,6.66,7.07,8.44,2.62,50.79,24.04,69.24,24.52
1838163,BNAI,Brand Engagement Network Inc.,5.19,1244374.52,True,12.57,,5.0,92.39,12.57,7.07,4.22,4.25,3.09,7.96,91.59,2.38,82.32,87.22
2052162,DAAQ,Digital Asset Acquisition Corp.,10.47,59839.65,False,12.51,,3.0,60.65,8.95,9.36,11.05,12.51,11.38,19.55,50.79,1.9,84.43,64.75
925741,BCDA,"BioCardia, Inc.",1.04,172834.0,False,12.51,,5.0,92.87,8.05,9.66,11.03,11.71,12.51,9.72,50.79,29.06,9.12,50.43
1468492,HSCS,HeartSciences Inc.,3.18,284374.0,False,12.51,,5.0,94.29,12.51,7.64,5.94,6.09,4.87,0.36,50.79,22.56,71.47,61.13
2025942,CURX,Curanex Pharmaceuticals Inc,5.31,32547.5,False,12.48,,5.0,90.97,6.36,9.57,12.1,12.48,12.07,14.95,50.79,27.79,68.5,17.68
1775194,UPXI,"Upexi, Inc.",1.1,2184941.94,False,12.39,,5.0,90.04,12.39,10.46,10.79,11.8,11.89,14.92,50.79,9.93,1.37,5.56
1607962,LFWD,Lifeward Ltd.,6.49,37855.25,False,12.33,,4.0,86.89,4.22,7.49,9.93,11.17,12.33,6.75,50.79,79.97,20.03,52.69
1616262,RMCF,"Rocky Mountain Chocolate Factory, Inc.",1.04,36400.5,False,12.33,,5.0,92.3,2.64,5.77,9.81,12.33,11.47,10.07,89.09,9.75,50.19,36.79
1698530,XCUR,"Exicure, Inc.",1.05,37126.0,False,12.3,,5.0,97.95,12.3,10.31,10.13,9.84,9.81,9.9,50.79,36.88,32.24,18.66
1463972,VUZI,Vuzix Corporation ,2.56,2180051.48,False,12.27,,4.0,87.34,12.27,7.79,5.88,4.78,3.06,7.04,95.96,13.88,21.49,32.15
1372299,OCGN,"Ocugen, Inc.",0.96,5564400.97,False,12.21,,4.0,84.64,12.21,8.97,7.49,4.87,3.83,6.33,0.59,80.68,18.19,24.61
1769628,CRWV,"CoreWeave, Inc.",82.08,1943152095.53,True,12.18,,2.0,41.49,12.18,6.63,4.73,3.51,2.85,27.46,1.63,1.52,88.02,17.5
1812447,SKYQ,Sky Quarry Inc.,2.45,4015734.01,False,12.18,,4.0,86.3,8.53,9.09,10.58,11.77,12.18,5.35,50.79,83.71,87.49,46.63
1083220,XELB,"Xcel Brands, Inc",0.6,37908.1,False,12.12,,5.0,99.32,12.01,10.07,9.66,10.67,12.12,3.03,50.79,99.61,84.93,26.86
1994214,NOMA,NOMADAR Corp.,1.53,29237.5,False,12.07,,5.0,91.41,12.07,7.37,5.97,6.39,4.37,12.63,50.79,2.41,50.19,54.95
1500198,NMTC,NeuroOne Medical Technologies Corporation,1.12,117522.5,False,11.98,,4.0,84.01,5.59,7.25,10.16,11.89,11.98,2.91,50.79,90.1,76.2,20.15
1515673,RARE,Ultragenyx Pharmaceutical Inc.,15.48,57964773.02,True,11.92,,3.0,57.98,8.02,10.85,11.35,11.08,11.92,24.61,1.78,6.03,12.21,15.57
1621832,AQMS,"Aqua Metals, Inc.",2.03,67992.0,False,11.89,,5.0,90.46,11.89,7.99,7.46,7.52,9.33,2.38,50.79,25.2,97.71,24.07
1757715,ATER,"Aterian, Inc.",0.61,120838.4,False,11.86,,5.0,97.86,11.86,10.04,10.37,10.1,10.73,2.73,50.79,19.76,23.6,43.66
748592,ERNA,Ernexa Therapeutics Inc.,2.4,120262.5,False,11.83,,4.0,89.63,11.83,9.18,8.97,9.39,8.97,4.96,50.79,78.96,18.84,10.13
1641281,BOLT,"Bolt Biotherapeutics, Inc.",4.11,55000.5,False,11.83,,4.0,83.74,2.82,6.39,9.99,11.83,10.58,10.1,50.79,7.49,50.19,44.13
1129928,ONCY,Oncolytics Biotech Inc.,0.56,616081.51,False,11.65,,5.0,96.79,11.65,8.2,7.16,6.51,6.33,6.18,3.71,34.09,23.33,30.34
1339005,FEMY,Femasys Inc.,2.0,194534.0,False,11.5,,4.0,89.12,10.25,10.58,11.5,11.47,10.43,5.08,50.79,95.54,18.22,17.03
2010788,EXOZ,eXoZymes Inc.,5.25,28153.6,False,11.5,,4.0,85.85,11.5,8.53,7.88,7.58,7.16,7.46,50.79,34.23,50.19,24.99
1572616,GUTS,"Fractyl Health, Inc.",4.23,956928.65,False,11.47,,5.0,95.25,11.47,7.58,6.33,5.65,4.93,6.51,9.0,82.94,20.18,14.89
1946563,SXTP,"60 Degrees Pharmaceuticals, Inc.",0.97,69334.0,False,11.38,,5.0,91.44,11.38,7.88,6.36,5.11,5.44,5.77,50.79,81.52,50.19,11.03
1173313,ABVC,"ABVC BioPharma, Inc.",1.0,97221.5,False,11.35,,5.0,96.88,8.92,9.63,10.19,10.58,11.35,9.3,50.79,53.16,50.19,20.77
862861,AIFC,AI Financial Corporation,0.44,354245.5,False,11.35,,5.0,99.79,11.35,7.7,6.75,6.54,7.49,5.32,50.79,37.21,96.17,8.02
2033991,TVA,Texas Ventures Acquisition III Corp,10.58,234061.99,False,11.32,,4.0,78.4,10.64,10.22,10.7,11.11,11.32,19.11,50.79,3.6,50.19,56.61
1397183,IVDA,"Iveda Solutions, Inc.",0.26,83166.0,False,11.29,,5.0,96.29,11.29,8.65,8.32,8.08,10.28,7.13,50.79,30.55,30.76,15.45
1972529,BTOC,Armlogi Holding Corp.,0.22,13043.4,False,11.29,,5.0,93.73,9.66,8.68,8.89,9.63,11.29,7.07,50.79,53.16,87.04,22.05
1534133,CALC,"CalciMedica, Inc.",1.27,149941.4,False,11.26,,5.0,91.0,11.26,7.52,5.82,4.64,5.82,8.38,50.79,26.0,50.19,5.44
1729427,CNSP,"CNS Pharmaceuticals, Inc.",5.35,20423.55,False,11.2,,4.0,88.47,4.87,6.51,8.11,8.32,11.2,1.28,50.79,79.58,50.19,37.27
1681682,NDRA,ENDRA Life Sciences Inc.,5.46,121294.25,False,11.2,,5.0,92.33,11.2,8.17,6.0,6.42,7.07,4.22,50.79,7.7,29.36,52.93
803578,AIFF,"Firefly Neuroscience, Inc. ",1.19,97862.0,False,11.08,,4.0,88.92,11.08,7.82,5.74,5.32,6.78,0.8,50.79,22.14,50.19,22.17
1874252,QUCY,Quantum Cyber N.V.,1.35,705478.98,False,11.03,,5.0,92.12,5.11,7.19,10.01,10.82,11.03,1.99,50.79,84.58,50.19,55.07
1580149,BIVI,BioVie Inc.,1.39,622100.5,False,11.03,,4.0,88.68,11.03,9.54,7.93,7.31,6.24,2.5,50.79,7.96,11.03,72.9
1721484,LGVN,Longeveron Inc.,2.48,279158.4,False,10.97,,5.0,90.88,10.97,8.95,8.29,7.79,7.1,4.93,50.79,29.12,76.29,49.24
1671502,QNRX,"Quoin Pharmaceuticals, Ltd.",4.5,122138.0,False,10.97,,5.0,90.01,10.31,10.01,10.97,10.52,10.1,10.4,50.79,96.67,11.56,13.79
1868419,CYCU,"Cycurion, Inc.",2.97,896772.01,False,10.94,,5.0,95.54,10.94,6.3,5.35,5.88,8.2,5.91,50.79,20.89,87.31,3.21
1446159,AGPU,Axe Compute Inc.,11.68,2659141.97,True,10.91,,4.0,76.34,10.91,9.03,6.18,5.44,4.49,11.77,50.79,10.04,25.17,40.71
1904286,MIRA,"MIRA Pharmaceuticals, Inc.",0.7,60170.95,False,10.88,,5.0,92.96,10.88,9.12,9.3,9.69,9.72,4.28,50.79,84.93,50.19,33.76
1713210,ATPC,Agape ATP Corporation,2.22,54942.0,False,10.88,,5.0,94.77,2.32,4.25,8.41,9.78,10.88,9.39,50.79,53.16,50.19,12.1
1786471,SEV,Aptera Motors Corp.,1.64,423292.01,False,10.85,,4.0,88.86,9.96,9.27,10.1,10.4,10.85,5.97,50.79,82.7,73.55,55.99
1213809,DYAI,"Dyadic International, Inc.",0.44,109052.5,False,10.82,,5.0,94.65,9.0,9.06,9.72,10.64,10.82,6.48,50.79,75.3,84.67,26.48
1725430,INBS,Intelligent Bio Solutions Inc. ,1.57,92125.0,False,10.79,,4.0,89.72,10.79,8.83,9.18,9.12,9.24,7.16,50.79,80.15,87.93,15.19
1712762,BIAF,"bioAffinity Technologies, Inc.",4.72,498168.0,False,10.73,,5.0,95.36,10.73,6.54,5.47,4.73,4.81,3.92,50.79,81.4,50.19,9.9
1689375,TRDA,"Entrada Therapeutics, Inc.",5.67,2147425.01,True,10.73,,4.0,84.52,6.6,9.48,10.73,10.34,8.71,8.14,50.79,38.69,30.85,72.07
1983736,GOAI,Eva Live Inc.,1.73,226153.01,False,10.7,,5.0,90.19,10.7,7.13,5.56,5.77,5.35,11.14,50.79,2.97,50.19,52.75
1829247,BFRG,"Bullfrog AI Holdings, Inc.",0.65,70261.65,False,10.64,,5.0,94.95,4.75,7.04,8.35,9.75,10.64,6.24,50.79,77.06,76.82,26.0
2036307,OFAL,OFA Group,0.55,247538.8,False,10.55,,5.0,99.38,1.96,3.33,6.48,9.0,10.55,7.67,50.79,24.04,82.62,11.05
1740279,INAB,"IN8bio, Inc.",1.38,51501.0,False,10.52,,4.0,86.86,7.88,8.8,9.09,9.27,10.52,9.42,50.79,40.03,50.19,30.94
1563568,AZIO,"Azio AI Holdings, Inc.",1.02,267440.51,False,10.52,,5.0,99.52,10.52,6.15,3.8,4.13,4.55,10.82,50.79,3.3,97.47,47.13
1975940,FLYE,"Fly-E Group, Inc.",2.33,19038.0,False,10.49,,5.0,99.47,1.93,3.86,7.96,9.18,10.49,7.01,50.79,24.04,50.19,17.12
1830072,IPW,iPower Inc.,0.92,399022.11,False,10.46,,5.0,92.48,10.46,8.38,8.08,8.2,9.27,8.26,50.79,10.22,50.19,2.91
1937987,FBYD,"Falcon's Beyond Global, Inc.",8.91,903520.48,False,10.4,,4.0,88.14,8.29,9.6,10.4,10.07,9.06,13.94,50.79,26.36,50.19,19.79
1788028,JSPR,"Jasper Therapeutics, Inc.",0.57,284723.65,False,10.4,,5.0,97.21,4.37,6.72,9.15,10.28,10.4,8.23,50.79,20.83,25.5,20.03
1849820,KITT,"Nauticus Robotics, Inc.",1.48,263497.5,False,10.37,,5.0,96.11,4.49,4.75,6.84,8.65,10.37,4.1,50.79,15.16,97.92,6.54
736012,INTZ,Intrusion Inc.,0.68,123127.5,False,10.34,,5.0,95.78,9.54,8.77,8.86,9.42,10.34,2.47,50.79,23.0,93.46,27.85
1820875,CXAI,CXApp Inc.,2.16,400779.25,False,10.34,,5.0,97.8,10.34,7.1,5.02,3.86,4.22,8.53,92.21,33.61,80.51,1.52
788611,NTRP,"NextTrip, Inc.",2.07,97726.0,False,10.31,,4.0,88.29,3.15,5.11,8.5,9.87,10.31,5.14,99.17,98.37,85.68,25.68
1738021,CMPX,"Compass Therapeutics, Inc.",0.99,5398068.12,False,10.31,,5.0,90.4,3.36,5.91,9.42,10.31,9.45,11.26,50.79,88.32,74.41,24.64
1707919,CENN,Cenntro Inc.,3.71,22188.0,False,10.25,,4.0,80.53,3.21,3.77,6.09,8.83,10.25,19.85,50.79,0.97,86.54,21.93
1624326,PAVM,PAVmed Inc.,2.79,51288.0,False,10.22,,4.0,85.17,10.22,9.9,9.24,9.15,8.86,12.9,50.79,6.69,29.6,18.6
1641631,XAIR,"Beyond Air, Inc.",2.25,127350.0,False,10.19,,5.0,94.71,10.19,7.31,5.59,6.66,6.39,4.37,50.79,9.63,50.19,7.43
1971387,LIMN,"Liminatus Pharma, Inc.",3.76,195966.0,False,10.16,,5.0,96.23,10.16,8.41,8.59,8.02,7.7,10.43,50.79,84.01,75.48,1.55
1519472,SMXT,Solarmax Technology Inc.,4.26,51559.1,False,10.13,,5.0,97.59,4.58,7.76,9.51,10.13,10.13,13.79,50.79,53.16,50.19,8.97
109657,GTBP,"GT Biopharma, Inc.",5.96,177252.4,False,10.1,,5.0,94.5,10.1,7.93,7.52,6.89,3.98,11.23,50.79,0.86,13.79,99.29
1716947,ENSC,"Ensysce Biosciences, Inc.",0.53,217036.1,False,10.04,,5.0,97.44,1.69,3.63,7.9,9.21,10.04,2.88,50.79,94.15,80.21,19.73
1863990,MSAI,"MultiSensor AI Holdings, Inc.",4.44,62233.0,False,10.01,,4.0,83.45,10.01,8.47,8.53,9.36,9.9,7.1,50.79,65.68,75.57,15.22
1269026,SINT,"SiNtx Technologies, Inc.",2.11,51919.5,False,9.99,,5.0,93.34,9.99,7.96,7.64,6.75,7.19,5.17,50.79,25.53,50.19,25.82
1736243,ACXP,"Acurx Pharmaceuticals, Inc.",1.27,123142.5,False,9.96,,4.0,85.35,4.67,6.27,8.02,8.74,9.96,7.52,16.61,53.16,89.0,16.46
1646188,ONDS,Ondas Inc,6.73,522583945.34,True,9.93,,3.0,68.02,9.93,5.85,3.71,2.67,2.59,23.86,3.51,0.45,97.38,29.3
1590877,RGNX,REGENXBIO Inc.,8.07,10903703.89,True,9.9,,4.0,85.2,4.61,8.08,9.36,9.9,7.4,10.91,50.79,10.01,22.97,38.96
1682639,HYPD,"Hyperion DeFi, Inc.",3.4,1050894.99,False,9.87,,4.0,87.25,9.87,5.71,4.99,4.55,5.29,3.3,50.79,71.38,50.19,21.72
1961847,INHD,Inno Holdings Inc.,3.83,326745.01,False,9.87,,5.0,93.02,1.81,3.0,5.77,8.62,9.87,5.68,50.79,71.11,83.6,7.96
1506251,CTXR,"Citius Pharmaceuticals, Inc.",0.5,150394.45,False,9.75,,5.0,94.26,9.75,8.14,7.04,7.13,7.46,5.62,50.79,71.86,78.04,27.13
1401914,DARE,"Dare Bioscience, Inc.",0.77,201352.5,False,9.72,,5.0,95.96,9.72,8.11,6.95,5.62,4.64,5.56,50.79,87.01,1.49,20.56
1590715,AREC,American Resources Corporation,1.59,3489628.49,False,9.69,,5.0,98.72,9.69,6.66,3.66,3.92,2.91,9.06,96.55,5.71,97.18,22.73
1841330,KTTA,Pasithea Therapeutics Corp.,0.47,86552.0,False,9.66,,5.0,93.52,9.15,8.59,8.92,9.03,9.66,6.89,50.79,28.44,19.91,41.01
1847986,DFLI,Dragonfly Energy Holdings Corp,0.47,529494.44,False,9.63,,5.0,96.32,6.92,7.55,8.17,8.89,9.63,2.2,50.79,17.24,50.19,62.14
1040130,PETS,"PetMed Express, Inc.",1.28,128695.5,False,9.63,,5.0,93.37,9.63,8.56,8.8,9.6,9.3,3.51,5.59,80.71,76.49,36.94
1567264,INTS,"Intensity Therapeutics, Inc.",3.68,78995.0,False,9.6,,4.0,82.64,3.03,5.05,7.58,8.47,9.6,5.85,50.79,41.9,80.48,34.68
1697851,REKR,"Rekor Systems, Inc.",0.34,779831.6,False,9.57,,5.0,94.06,9.57,7.43,7.25,7.19,5.97,8.89,50.79,21.75,24.49,11.14
1601830,RXRX,"Recursion Pharmaceuticals, Inc.",4.36,54334037.42,False,9.45,,2.0,53.37,4.78,8.05,9.39,9.45,7.34,16.08,6.98,6.86,25.74,23.15
2048951,TMS,Teamshares Inc.,6.52,585185.99,False,9.45,,4.0,87.73,9.45,4.58,2.82,2.26,1.81,14.41,50.79,0.58,50.19,28.95
1838359,RGTI,"Rigetti Computing, Inc. ",14.03,271561165.24,True,9.42,,3.0,63.95,9.42,5.88,4.81,4.43,2.47,32.3,9.33,1.72,17.03,3.92
1055726,INO,"Inovio Pharmaceuticals, Inc.",1.09,3375651.96,False,9.39,,4.0,89.06,9.39,8.26,7.79,6.95,4.96,7.49,50.79,73.67,30.58,23.54
1605888,CIRC,"Circle8 Group, Inc.",0.48,416569.69,False,9.33,,5.0,98.66,9.33,6.92,6.81,6.18,7.13,4.81,50.79,79.17,50.19,10.22
1859199,AIRE,reAlpha Tech Corp.,1.12,55589.0,False,9.27,,4.0,89.57,9.27,6.95,6.86,7.49,7.55,2.76,50.79,79.47,50.19,9.54
863894,VERU,Veru Inc.,2.46,433946.51,False,9.24,,4.0,85.47,9.24,8.62,9.03,9.24,7.99,9.36,50.79,35.48,0.95,33.88
1719406,NRXP,"NRX Pharmaceuticals, Inc.",2.85,2456053.99,False,9.21,,4.0,88.38,9.21,7.61,7.1,7.22,6.21,3.68,96.76,8.68,75.66,67.58
1321834,QCLS,"Q/C Technologies, Inc.",0.63,459784.49,False,9.18,,5.0,96.34,9.18,5.62,4.78,5.47,6.12,4.52,50.79,6.92,50.19,26.89
1347858,XXII,"22nd Century Group, Inc",0.81,42503.0,False,9.12,,5.0,91.23,9.12,7.16,6.72,6.45,7.76,9.33,50.79,53.16,50.19,4.16
1462223,NIXX,"Nixxy, Inc.",0.28,276034.25,False,9.09,,5.0,99.91,7.61,6.21,5.79,6.78,9.09,2.05,50.79,24.04,96.76,19.17
1096275,WKSP,"Worksport, Ltd.",0.41,176263.0,False,9.09,,5.0,97.41,9.09,6.81,6.3,6.48,6.6,5.5,50.79,88.17,50.19,10.46
1488039,ATOS,"Atossa Therapeutics, Inc.",2.44,132605.0,False,8.92,,4.0,86.81,2.67,4.67,8.44,8.92,7.93,9.63,50.79,82.73,14.0,13.97
1996192,QNME,"Quanome Technologies, Inc.",0.74,71531.6,False,8.92,,5.0,99.05,2.14,3.36,5.68,7.85,8.92,3.48,50.79,26.6,50.19,18.25
2013807,FOXX,Foxx Development Holdings Inc.,2.5,16423.5,False,8.89,,5.0,98.13,7.19,7.22,7.85,8.41,8.89,2.97,50.79,76.29,98.63,34.41
1612720,NEXT,NextDecade Corporation,6.62,17149933.66,True,8.89,,3.0,68.83,8.89,8.44,8.47,8.56,6.89,6.21,50.79,17.12,84.84,68.86
1785056,TRNR,Interactive Strength Inc.,2.09,45367.5,False,8.83,,5.0,96.76,8.83,8.29,7.82,8.11,8.53,9.75,10.55,53.16,89.9,5.53
1839285,HCTI,"Healthcare Triangle, Inc.",0.48,149254.3,False,8.8,,5.0,98.31,8.8,5.35,3.21,3.15,3.3,9.03,50.79,7.09,71.26,3.51
1456772,OPI,Office Properties Income Trust,15.52,1086652.53,True,8.77,,4.0,89.87,8.77,6.75,6.21,5.53,5.53,8.97,50.79,6.66,98.72,47.19
1818274,ARAI,Arrive AI Inc.,0.15,109942.5,False,8.74,,5.0,99.08,8.74,6.0,4.67,4.19,5.26,3.21,50.79,78.51,50.19,4.96
1642380,IMDX,Insight Molecular Diagnostics Inc.,3.28,751699.51,False,8.68,,4.0,85.79,8.68,7.34,6.78,6.92,4.4,1.49,50.79,7.46,31.23,67.49
1800637,RYM,"RYTHM, Inc.",21.1,217456.0,False,8.68,,4.0,82.62,3.42,5.26,7.13,8.35,8.68,7.79,50.79,69.9,50.19,32.57
1042187,YHGJ,Yunhong Green CTI Ltd.,2.75,6477.5,False,8.65,,4.0,79.26,4.73,6.06,7.31,8.29,8.65,9.54,50.79,7.09,50.19,20.51
1979414,NTHI,"NeOnc Technologies Holdings, Inc.",2.78,517217.51,False,8.62,,5.0,90.28,8.62,6.24,5.41,4.75,3.74,2.26,50.79,12.72,25.97,14.98
2032545,CJMB,Callan JMB Inc.,2.28,363298.49,False,8.59,,5.0,95.69,8.59,7.85,7.67,7.88,7.73,5.02,50.79,74.35,50.19,31.29
1213037,CRDF,"Cardiff Oncology, Inc.",1.08,701156.0,False,8.56,,4.0,88.08,8.56,8.23,7.61,7.28,4.75,8.86,50.79,9.87,0.42,27.49
1760903,BNKK,"Bonk, Inc.",1.42,108787.5,False,8.5,,5.0,92.07,8.5,5.59,3.95,3.77,3.92,6.39,11.98,11.62,80.71,7.82
1711786,RKTO,Rocket One Inc.,0.65,253686.8,False,8.47,,5.0,96.05,8.47,6.98,6.57,6.57,7.61,4.19,50.79,29.27,88.38,23.51
1597846,GRNQ,Greenpro Capital Corp.,8.87,41176.5,False,8.32,,5.0,90.34,3.95,5.47,6.45,7.76,8.32,10.37,50.79,5.11,79.26,43.12
1833769,HYPR,"Hyperfine, Inc. ",0.93,483183.46,False,8.26,,5.0,93.67,4.28,6.45,8.05,8.26,7.82,10.46,50.79,87.28,71.23,24.19
1191070,NEUP,Neuphoria Therapeutics Inc.,3.36,90134.5,False,8.26,,4.0,86.27,6.86,7.28,8.14,7.9,8.26,8.5,50.79,53.16,50.19,14.06
1099160,BBGI,"Beasley Broadcast Group, Inc.",10.03,538203.5,False,8.23,,5.0,97.71,8.23,5.65,5.08,3.71,2.26,2.7,87.19,2.82,17.5,99.64
1398805,BEEM,Beam Global,1.07,390387.0,False,8.23,,4.0,87.93,4.64,4.52,5.44,7.99,8.23,19.23,50.79,0.36,50.19,24.01
1799011,LUCD,Lucid Diagnostics Inc.,0.64,995152.5,False,8.2,,4.0,85.44,5.23,6.84,8.2,7.7,7.37,7.22,50.79,84.4,50.19,34.77
1610820,BCTX,BriaCell Therapeutics Corp.,3.91,365710.01,False,8.2,,4.0,88.5,8.2,8.02,7.73,6.69,6.45,9.18,50.79,53.16,15.27,17.89
1469443,RKDA,"Arcadia Biosciences, Inc.",0.26,30284.2,False,8.17,,5.0,97.77,8.17,7.4,6.98,7.61,7.67,8.41,50.79,28.95,10.22,11.8
2022626,UPB,"Upstream Bio, Inc.",4.7,3711657.11,False,8.11,,4.0,83.27,8.11,6.42,4.75,3.33,2.73,6.66,50.79,36.29,50.19,9.0
1419554,BBLG,Bone Biologics Corp,0.47,30717.3,False,8.11,,5.0,94.21,4.34,5.38,6.42,7.01,8.11,5.05,50.79,53.16,28.95,18.9
1824293,GRI,"GRI Bio, Inc.",1.68,84836.5,False,8.08,,4.0,88.05,8.08,5.32,5.17,4.96,5.91,3.18,50.79,81.4,50.19,5.32
1951667,CTNT,Cheetah Net Supply Chain Service Inc.,2.64,502332.0,False,8.02,,5.0,91.17,2.85,3.54,5.5,6.84,8.02,8.17,50.79,8.38,18.81,5.38
1530766,STEX,Streamex Corp.,0.49,579974.65,False,7.99,,5.0,93.14,7.99,5.02,3.48,3.27,3.66,1.07,50.79,40.48,91.41,4.61
1053691,CRVO,CervoMed Inc.,3.22,716102.98,False,7.96,,4.0,89.33,2.05,3.24,7.4,7.96,6.3,4.25,50.79,82.08,1.6,21.31
1799448,ALGS,"Aligos Therapeutics, Inc.",5.34,341561.99,False,7.96,,4.0,85.74,7.96,7.9,7.34,7.82,7.25,10.58,50.79,7.09,68.38,30.76
1828673,HCWB,HCW Biologics Inc.,1.6,180980.0,False,7.93,,5.0,97.5,7.93,5.5,4.84,3.95,2.64,17.44,50.79,3.15,50.19,1.66
1970622,USAR,"USA Rare Earth, Inc.",12.56,184502204.03,True,7.9,,3.0,67.37,7.9,4.96,2.97,2.41,2.44,20.39,15.01,3.09,50.19,11.5
1810560,REVB,"Revelation Biosciences, Inc.",0.76,26042.2,False,7.9,,4.0,88.53,3.8,4.37,5.85,7.34,7.9,4.99,50.79,75.75,19.41,16.11
1692415,CODX,"Co-Diagnostics, Inc.",1.12,268165.5,False,7.88,,5.0,90.64,1.78,2.88,5.23,6.21,7.88,6.15,15.42,71.95,24.16,13.67
1817004,NXXT,"NextNRG, Inc.",0.64,434458.0,False,7.85,,5.0,99.29,7.85,5.17,3.51,3.09,3.33,7.34,50.79,5.94,26.09,1.72
1853816,DRMA,"Dermata Therapeutics, Inc.",1.02,54327.5,False,7.82,,5.0,91.59,7.82,6.78,5.65,5.35,5.05,5.79,9.39,76.08,77.62,19.55
1422892,SGLY,Singularity Future Technology Ltd.,0.72,345576.0,False,7.79,,5.0,98.6,5.44,6.89,7.76,7.37,7.79,9.57,50.79,53.16,16.02,15.9
1695295,HYFM,"Hydrofarm Holdings Group, Inc.",0.84,55875.0,False,7.79,,5.0,98.01,7.79,5.94,5.26,5.94,6.54,2.08,50.79,72.63,83.71,19.2
1599298,SMMT,Summit Therapeutics Inc. ,17.59,74427480.87,True,7.73,,2.0,51.41,3.83,4.78,6.92,7.73,6.36,28.92,50.79,0.71,26.3,33.67
1847345,ASBP,"Aspire-Lakewood Holdings, Inc.",8.3,233230.0,False,7.7,,4.0,87.76,7.7,6.09,6.15,5.71,5.59,0.56,50.79,81.4,50.19,38.69
1671584,APVO,Aptevo Therapeutics Inc.,1.79,82459.0,False,7.67,,4.0,87.19,2.62,4.19,7.22,7.67,7.64,7.61,50.79,27.37,7.34,12.36
1346830,TVRD,"Tvardi Therapeutics, Inc.",1.03,321751.5,False,7.67,,4.0,89.39,7.67,6.48,6.03,5.59,5.17,4.31,50.79,64.58,28.41,5.26
1838987,SPWR,SunPower Inc.,0.28,1011898.97,False,7.64,,5.0,98.84,7.64,6.33,6.51,6.86,6.98,3.36,90.58,20.12,50.19,11.35
1659617,MBRX,"Moleculin Biotech, Inc.",0.42,357861.39,False,7.58,,5.0,95.6,7.58,5.74,5.91,5.23,5.94,2.17,50.79,79.64,29.66,7.1
1652935,ACTU,"Actuate Therapeutics, Inc.",0.61,226065.75,False,7.55,,5.0,97.0,7.55,5.29,4.25,4.31,3.8,2.32,50.79,73.31,74.18,8.44
1460702,FFR,FF EAI Robotics Ecosystem Inc.,1.8,147235.65,False,7.52,,5.0,92.99,1.52,2.53,5.11,6.6,7.52,3.06,50.79,81.4,50.19,16.7
1526119,VSTM,"Verastem, Inc.",8.38,14195154.34,True,7.43,,4.0,78.13,4.93,6.86,7.43,6.63,5.62,6.6,50.79,30.25,73.34,42.17
1410428,XWEL,"XWELL, Inc.",0.82,26312.0,False,7.43,,5.0,92.01,5.71,6.18,6.24,7.43,6.66,3.45,50.79,7.93,69.87,65.05
1074871,MODD,"Modular Medical, Inc.",2.66,364668.76,False,7.43,,4.0,88.8,1.46,2.73,4.4,5.91,7.43,3.66,11.11,22.38,69.39,14.77
38264,FWDI,"Forward Industries, Inc.",7.34,9329019.33,True,7.43,,4.0,83.42,7.43,3.51,2.2,1.78,1.43,7.9,96.4,8.71,22.38,7.76
1817760,SMTK,"SmartKem, Inc.",1.15,264729.4,False,7.4,,5.0,99.2,7.4,4.73,2.91,2.91,4.19,2.02,50.79,26.3,96.67,2.05
1840877,COCH,"Envoy Medical, Inc.",0.66,48118.85,False,7.37,,5.0,93.94,7.37,6.36,6.89,6.98,6.57,0.42,50.79,26.98,29.75,47.49
1490161,SOWG,Sow Good Inc.,2.24,23480.0,False,7.28,,5.0,99.61,4.4,5.2,6.12,6.06,7.28,4.34,50.79,30.34,29.39,17.24
1617867,AMIX,"Autonomix Medical, Inc.",3.11,609854.98,False,7.25,,4.0,89.66,7.25,5.56,4.87,5.56,6.03,0.77,50.79,24.43,68.02,13.73
798528,OMEX,"Odyssey Marine Exploration, Inc.",0.67,206637.2,False,7.22,,5.0,96.52,2.88,3.48,4.46,5.85,7.22,3.09,11.17,16.14,89.21,17.15
1840563,ELAB,PMGC Holdings Inc.,3.08,193306.1,False,7.16,,4.0,88.95,7.16,5.23,5.2,4.84,5.56,4.87,50.79,85.3,50.19,2.08
1862463,AMOD,"Alpha Modus Holdings, Inc.",2.19,92376.0,False,7.1,,5.0,94.98,7.1,4.4,2.7,2.38,3.57,2.64,50.79,15.6,84.28,4.67
1527728,LNAI,Lunai Bioworks Inc.,1.23,71632.0,False,7.07,,5.0,98.28,7.07,6.57,5.71,5.08,5.23,5.38,50.79,53.16,17.8,14.32
1514183,SILO,"Silo Pharma, Inc.",1.47,82330.0,False,7.04,,3.0,63.09,1.1,2.44,4.93,7.04,6.63,14.15,50.79,1.04,6.15,21.04
1178697,SONM,"DNA X, Inc.",3.64,33403.0,False,7.04,,5.0,99.26,7.04,5.68,4.61,3.6,3.27,2.85,50.79,40.83,0.09,18.28
1546296,IPDN,"Professional Diversity Network, Inc.",4.21,137894.0,False,7.01,,5.0,94.74,1.13,2.29,4.01,6.24,7.01,7.7,50.79,7.56,50.19,6.21
1527702,IQST,iQSTEL Inc.,1.05,414429.89,False,6.92,,5.0,93.79,2.29,2.97,4.64,6.03,6.92,3.6,50.79,20.09,50.19,15.36
1782223,PYXS,"Pyxis Oncology, Inc.",2.03,2233412.91,False,6.89,,4.0,88.71,6.89,4.9,3.89,3.06,2.62,1.72,50.79,6.78,16.08,44.46
1829635,RNAZ,"TransCode Therapeutics, Inc.",1.86,75196.0,False,6.84,,5.0,98.99,0.71,1.84,2.76,5.29,6.84,4.61,50.79,5.65,74.35,16.4
1831979,SDST,Stardust Power Inc.,0.06,406274.41,False,6.81,,5.0,95.99,6.81,4.64,3.83,3.89,5.2,2.56,50.79,33.11,94.5,5.79
1425287,WKHS,"Workhorse Group, Inc.",2.95,210953.0,False,6.81,,5.0,91.03,3.48,3.6,3.92,4.7,6.81,1.93,13.85,22.23,23.48,15.63
1554818,AUUD,Auddia Inc.,1.06,280157.0,False,6.78,,5.0,90.82,6.78,4.22,3.6,3.63,4.7,2.11,50.79,30.67,90.73,6.81
812796,SNGX,"Soligenix, Inc.",0.36,64644.0,False,6.75,,5.0,97.15,4.52,4.87,5.53,5.68,6.75,4.9,50.79,29.57,32.6,16.2
2036042,SION,"Sionna Therapeutics, Inc.",4.9,11732732.52,False,6.69,,4.0,88.59,5.82,6.6,6.69,6.27,5.32,11.41,50.79,21.37,12.99,10.4
1728328,INM,InMed Pharmaceuticals Inc.,1.33,82375.0,False,6.69,,5.0,95.9,3.06,3.66,5.14,4.9,6.69,0.74,50.79,27.28,79.7,37.38
1513525,ADIL,"Adial Pharmaceuticals, Inc",3.9,216992.0,False,6.69,,5.0,92.57,6.69,5.41,4.28,4.46,5.77,3.71,50.79,8.56,7.64,30.46
1615165,VERI,"Veritone, Inc.",0.55,2993788.05,False,6.63,,5.0,97.38,6.63,3.45,2.5,1.99,1.93,0.48,0.86,11.47,93.85,8.86
1417926,IVF,"INVO Fertility, Inc.",0.74,120190.2,False,6.54,,5.0,99.44,6.54,4.61,3.68,4.22,5.5,3.86,50.79,77.44,50.19,5.71
1420565,RNTX,"Rein Therapeutics, Inc.",0.79,272459.95,False,6.54,,5.0,95.04,5.85,5.97,6.54,6.0,6.15,4.16,50.79,84.55,73.73,32.07
1506492,NUWE,"Nuwellis, Inc.",0.69,299164.99,False,6.42,,5.0,91.56,2.5,3.06,3.86,5.05,6.42,3.0,50.79,53.16,68.62,6.89
1894562,PRME,"Prime Medicine, Inc.",3.99,9554561.22,False,6.39,,4.0,84.61,3.24,4.81,6.39,6.36,5.11,6.42,50.79,34.86,50.19,25.02
1527352,NXL,"Nexalin Technology, Inc.",3.63,56267.25,False,6.33,,5.0,97.3,6.33,3.71,3.3,2.97,2.11,4.49,6.36,8.35,23.24,3.03
1604191,GRDX,GridAI Technologies Corp. ,4.8,290755.0,False,6.33,,5.0,98.07,1.63,2.91,4.31,6.33,5.74,6.12,50.79,7.9,73.25,34.21
1516551,SKYE,"Skye Bioscience, Inc.",1.69,97965.5,False,6.3,,5.0,95.84,2.73,3.09,4.49,6.3,6.18,5.41,10.94,18.81,23.06,9.51
1411690,BNGO,"Bionano Genomics, Inc.",1.43,198932.5,False,6.27,,4.0,86.03,5.91,5.82,6.27,6.12,4.58,1.96,50.79,88.02,16.14,35.27
1903595,HODO,House of Doge Inc.,0.11,135113.1,False,6.24,,5.0,98.16,6.24,3.89,3.15,3.42,3.68,0.51,50.79,67.13,50.19,3.74
1822791,CLNN,Clene Inc.,3.86,348691.0,False,6.21,,4.0,87.07,6.21,4.93,3.18,3.18,2.5,7.85,11.8,6.42,4.73,21.46
1653909,BIRD,"Smartbird, Inc.",2.93,761841.0,False,6.18,,5.0,97.03,6.18,4.31,3.33,3.0,2.97,1.01,50.79,75.36,27.93,24.9
1595248,GNPX,"Genprex, Inc.",2.75,284810.0,False,6.09,,5.0,93.31,1.6,2.7,3.98,4.04,6.09,4.07,50.79,29.75,11.74,9.72
1818844,DWTX,"Dogwood Therapeutics, Inc. ",1.4,100351.0,False,6.09,,4.0,89.96,6.09,5.79,5.38,5.17,5.02,5.11,50.79,74.12,27.79,19.67
1775734,BENF,Beneficient,1.05,49134.0,False,6.06,,5.0,96.67,6.06,3.21,2.62,2.2,2.23,7.25,50.79,4.4,50.19,15.81
1755237,KRSA,"Korsana Biosciences, Inc.",33.92,367673.11,False,6.06,,4.0,75.87,3.12,5.14,6.06,5.41,3.18,12.69,50.79,0.33,12.9,98.22
1630212,CHGA,Change Agents Corporation ,2.02,109294.25,False,5.97,,5.0,95.48,5.97,3.42,2.53,2.29,3.12,12.27,50.79,3.21,50.19,3.3
1501697,XFOR,"X4 Pharmaceuticals, Inc.",2.91,2516052.48,False,5.97,,4.0,80.56,3.92,3.27,4.96,5.97,4.04,10.22,50.79,3.74,50.19,71.74
1937993,CVKD,"Cadrenal Therapeutics, Inc.",0.91,87247.0,False,5.88,,5.0,91.29,3.98,3.68,4.55,5.14,5.88,1.34,50.79,67.22,30.55,10.25
1668010,DBGI,"Digital Brands Group, Inc.",4.01,1108872.03,False,5.88,,5.0,96.73,5.88,3.74,3.24,2.5,3.77,1.75,50.79,83.63,50.19,4.49
2079013,HCAC,Hall Chadwick Acquisition Corp.,10.15,184107.0,False,5.82,,4.0,77.3,3.66,3.83,5.32,5.82,4.78,13.49,50.79,1.9,19.7,54.56
1854270,SNTI,"Senti Biosciences Holdings, Inc.",0.31,60037.15,False,5.79,,5.0,96.97,3.74,4.01,4.1,5.79,5.71,3.24,50.79,15.39,50.19,14.35
1807887,LASE,Laser Photonics Corporation,0.74,1698397.17,False,5.79,,5.0,99.88,5.79,3.8,3.12,2.62,3.42,1.31,3.95,80.06,97.36,9.24
1601485,ELTX,"Elicio Therapeutics, Inc.",1.89,760398.98,False,5.79,,5.0,90.7,4.46,4.55,5.05,4.99,5.79,6.0,50.79,26.69,26.63,12.39
1683553,SPRB,"Spruce Biosciences, Inc.",44.05,3379740.0,True,5.77,,4.0,80.95,5.77,4.46,3.39,2.56,3.03,6.78,50.79,42.41,20.33,13.25
1621221,ARTL,"Artelo Biosciences, Inc.",3.26,212788.41,False,5.74,,4.0,88.41,5.74,4.13,3.27,2.88,3.36,2.29,50.79,53.16,3.15,6.39
1673481,SEGG,Sports Entertainment Gaming Global Corporation ,1.6,134684.0,False,5.68,,5.0,98.75,5.68,3.3,2.85,2.35,3.0,0.45,50.79,27.79,50.19,8.77
1859807,PFSA,"Profusa, Inc.",1.42,519028.01,False,5.65,,5.0,98.45,5.65,3.57,2.94,2.23,3.63,0.03,50.79,29.0,9.45,3.12
1894954,XPON,"Expion Energy, Inc.",4.16,163230.5,False,5.65,,4.0,89.51,3.54,4.04,4.9,4.52,5.65,4.67,50.79,42.23,16.55,22.59
832489,GOVX,"GeoVax Labs, Inc.",0.29,152560.1,False,5.62,,5.0,99.02,5.62,4.43,4.19,3.83,4.46,2.67,2.05,29.03,78.1,5.85
1649989,OTLK,"Outlook Therapeutics, Inc.",0.6,5062586.9,False,5.62,,5.0,99.11,3.68,4.7,5.62,5.26,4.61,5.44,50.79,30.73,9.36,28.26
1907223,GRML,Greenland Mines Ltd,5.88,1954530.98,True,5.56,,5.0,95.93,5.56,2.64,1.1,0.65,0.48,14.12,85.41,1.55,94.15,0.56
1871638,BZAI,"Blaize Holdings, Inc.",0.29,1849821.02,False,5.53,,5.0,96.49,5.53,2.67,2.14,1.69,2.2,0.21,4.22,81.69,88.08,4.7
1533743,PCSA,"Processa Pharmaceuticals, Inc.",1.52,87357.5,False,5.5,,4.0,87.31,5.5,5.08,4.52,4.49,5.14,3.42,50.79,68.41,16.26,15.96
1704287,BJDX,"Bluejay Diagnostics, Inc.",0.82,288745.99,False,5.47,,5.0,91.32,2.91,2.82,3.63,4.34,5.47,2.82,50.79,13.82,83.45,11.08
1415404,ECHO,EchoStar Corporation,94.84,316116646.67,True,5.44,,3.0,62.29,5.32,5.44,3.57,2.64,2.05,11.62,0.27,4.75,94.09,67.88
1779372,BEAT,"Heartbeam, Inc.",0.48,203742.4,False,5.41,,5.0,94.32,1.25,2.35,3.45,4.37,5.41,2.44,50.79,66.63,25.02,18.99
1504678,LOOP,"Loop Industries, Inc.",0.42,59970.6,False,5.41,,5.0,93.7,5.41,4.28,4.37,4.1,4.34,1.37,4.16,82.76,72.24,17.3
1790169,ZSTK,ZeroStack Corp.,4.62,114304.0,False,5.35,,4.0,89.3,5.35,4.1,4.16,4.81,4.9,0.65,50.79,95.27,17.62,18.72
1719714,MREO,Mereo BioPharma Group plc,0.38,382376.41,False,5.29,,5.0,94.59,4.7,4.84,5.29,4.93,4.43,6.84,50.79,34.98,50.19,3.6
1086745,FABC,"Fabric.AI, Inc.",2.25,346372.5,False,5.29,,5.0,90.91,5.29,4.34,3.74,3.74,5.08,1.22,50.79,78.13,74.26,27.25
1789192,NXTS,Nexentis Technologies Inc.,0.86,35605.5,False,5.2,,5.0,96.82,5.2,3.12,2.41,2.14,2.29,2.59,50.79,7.09,74.15,6.69
1083743,FLUX,"Flux Power Holdings, Inc.",0.47,85550.7,False,5.05,,5.0,96.91,5.05,3.18,2.59,2.76,3.21,2.53,85.32,6.18,73.79,6.86
1497253,VIVS,"VivoSim Labs, Inc.",0.18,225080.0,False,5.02,,5.0,99.14,5.02,4.49,4.04,4.58,4.67,1.19,50.79,25.59,74.38,9.93
1231457,GNLX,Genelux Corporation,2.5,651079.0,False,4.99,,4.0,83.71,4.96,4.99,4.7,4.61,3.54,3.27,50.79,72.01,31.71,23.27
1427570,HIND,"Vyome Holdings, Inc.",2.09,15959.0,False,4.99,,4.0,84.58,0.89,1.99,3.09,4.28,4.99,0.39,50.79,74.68,50.19,27.76
1832511,PIII,P3 Health Partners Inc.,4.95,140781.0,False,4.99,,5.0,96.43,4.99,2.79,2.05,2.02,1.69,8.11,50.79,1.25,50.19,54.8
2019793,SAFX,"XCF Global, Inc.",0.31,1016042.71,False,4.9,,5.0,96.2,4.9,2.94,3.0,3.36,2.67,15.54,50.79,0.42,50.19,15.07
1187953,CELZ,"Creative Medical Technology Holdings, Inc.",0.84,195417.56,False,4.84,,4.0,79.64,4.84,3.95,4.07,4.67,4.16,22.23,50.79,0.03,74.47,18.87
2038439,VWAV,"VisionWave Holdings, Inc.",5.74,1516421.07,True,4.73,,5.0,93.49,0.62,1.19,2.08,3.12,4.73,10.76,87.79,3.54,97.3,3.66
1558569,ISPC,iSpecimen Inc.,1.09,131082.5,False,4.52,,5.0,97.09,1.01,1.96,2.64,3.68,4.52,3.74,50.79,7.09,50.19,10.82
1825452,ONFO,Onfolio Holdings Inc.,0.71,293295.8,False,4.43,,5.0,98.78,4.43,3.15,3.03,3.57,3.89,0.95,50.79,71.23,94.62,4.75
1843724,LNZA,"LanzaTech Global, Inc.",6.13,334325.0,False,4.34,,5.0,93.55,3.39,4.16,4.34,4.01,4.28,10.88,50.79,67.4,6.57,12.96
890821,ENVB,"Enveric Biosciences, Inc. ",1.45,91512.0,False,4.31,,5.0,91.86,3.71,3.92,3.77,3.48,4.31,4.46,50.79,68.32,14.32,15.66
1855509,VEEE,Twin Vee PowerCats Co.,9.86,625849.25,False,4.31,,5.0,94.23,4.31,3.39,3.42,4.07,4.1,1.78,50.79,8.26,50.19,9.45
1517681,PPCB,"Propanc Biopharma, Inc.",0.49,106632.57,False,4.25,,5.0,90.07,4.04,3.98,4.13,3.98,4.25,3.57,50.79,53.16,1.13,6.33
1541157,AKTX,Akari Therapeutics Plc,8.77,455232.01,False,4.25,,5.0,93.91,4.25,4.07,3.54,3.24,2.17,10.52,50.79,28.11,69.81,2.17
2020737,CABR,"Caring Brands, Inc.",1.16,39563.25,False,4.16,,5.0,92.78,1.99,2.2,2.79,4.16,3.45,6.63,50.79,1.63,80.68,62.35
923601,RIME,"Algorhythm Holdings, Inc.",0.14,138040.5,False,4.16,,5.0,99.82,4.16,2.47,1.84,1.52,2.14,10.34,93.28,2.88,70.79,9.57
1756180,NCRA,"Nocera, Inc.",1.61,135544.0,False,4.13,,5.0,98.81,2.2,2.23,2.38,2.32,4.13,3.33,50.79,5.68,87.46,9.6
1419275,RTB,"RTB Digital, Inc.",8.15,801827.0,False,4.13,,5.0,97.56,4.13,1.87,1.25,0.77,0.53,8.71,50.79,0.8,50.19,28.56
1997296,MDCX,Medicus Pharma Ltd.,4.6,1511583.32,False,4.1,,5.0,94.68,4.1,2.56,2.73,2.94,2.7,7.82,9.6,3.95,69.54,48.23
1589149,GWAV,"Greenwave Technology Solutions, Inc.",2.34,66637.0,False,4.07,,5.0,97.53,1.07,1.72,2.47,3.54,4.07,3.12,50.79,2.67,30.31,35.25
1329606,CETY,"Clean Energy Technologies, Inc.",0.99,17945.0,False,4.01,,5.0,98.9,1.84,2.32,2.88,3.45,4.01,11.05,50.79,3.66,27.22,28.14
1831868,ICU,SeaStar Medical Holding Corporation,3.49,198648.99,False,4.01,,4.0,83.89,4.01,2.17,1.75,1.46,1.13,7.31,50.79,0.83,92.51,28.83
2001557,INV,"Innventure, Inc.",0.3,4220615.42,False,3.89,,5.0,96.46,3.89,2.08,1.52,1.34,1.58,1.13,97.36,2.62,95.84,14.41
1782107,ONCO,"Onconetix, Inc. ",0.62,186560.4,False,3.86,,5.0,92.24,3.86,2.76,2.67,2.47,2.35,3.63,50.79,9.66,70.67,3.27
882291,AEMD,"Aethlon Medical, Inc.",6.05,153714.5,False,3.77,,4.0,87.04,3.77,2.85,2.29,2.08,2.53,3.95,50.79,8.14,69.21,7.16
1679628,JUNS,"Jupiter Neurosciences, Inc.",2.85,148706.83,False,3.71,,5.0,97.83,0.48,1.4,2.17,3.66,3.71,0.27,50.79,78.69,93.28,11.26
1805521,FFAI,Faraday Future Intelligent Electric Inc.,1.1,2689887.45,False,3.63,,5.0,98.93,3.63,2.38,2.56,3.39,2.88,1.46,99.67,6.3,21.16,3.98
1392694,SURG,"SurgePays, Inc.",0.14,483886.04,False,3.6,,5.0,99.97,2.59,2.62,2.26,2.85,3.6,6.03,50.79,5.32,98.57,9.27
1585608,JAGX,"Jaguar Health, Inc.",4.79,184977.88,False,3.51,,5.0,99.58,0.18,0.45,1.87,3.03,3.51,4.01,10.49,3.68,67.82,6.06
2033383,FUSE,Fusemachines Inc.,0.43,67058.3,False,3.51,,5.0,99.23,3.51,2.5,1.96,2.05,2.38,11.68,50.79,2.76,22.62,4.4
1527762,CD,Chaince Digital Holdings Inc.,8.66,693871.5,False,3.48,,4.0,87.96,2.08,3.03,3.06,3.3,3.48,14.18,50.79,5.2,50.19,2.82
1743745,GNLN,"Greenlane Holdings, Inc.",2.83,29716.5,False,3.39,,5.0,95.45,0.51,1.49,2.11,2.7,3.39,0.33,50.79,20.3,15.39,14.86
2006986,ADGM,"Adagio Medical Holdings, Inc",0.13,146143.8,False,3.33,,5.0,97.24,3.33,2.26,2.44,2.59,2.41,6.45,50.79,4.16,20.8,18.37
1014763,AIMD,"Ainos, Inc.",1.21,50893.2,False,3.3,,5.0,92.63,3.3,2.41,2.02,2.11,1.96,0.06,94.68,9.69,71.71,22.82
1757499,SHPH,"Shuttle Pharmaceuticals Holdings, Inc.",5.33,177331.0,False,3.24,,5.0,98.04,0.3,0.68,1.9,2.44,3.24,1.58,50.79,4.52,87.73,14.38
1019034,BKYI,"BIO-key International, Inc.",1.67,71849.5,False,3.18,,5.0,98.87,3.18,1.93,1.81,1.72,1.55,7.64,50.79,0.58,50.19,23.33
1971532,TELO,"Telomir Pharmaceuticals, Inc.",1.12,67032.0,False,3.09,,4.0,78.99,3.09,2.02,1.78,1.43,1.01,9.15,8.53,2.47,9.33,35.16
1959023,RENX,RenX Enterprises Corp.,1.67,127837.0,False,3.0,,5.0,92.18,3.0,1.81,1.37,1.28,1.46,8.56,50.79,1.28,90.1,6.75
1158780,PLUR,Pluri Inc.,0.95,22066.0,False,2.97,,5.0,95.81,2.97,2.59,2.35,1.96,1.6,0.09,50.79,74.53,1.4,17.8
1335105,NMAD,"Nomad Power Solutions, Inc.",4.53,921487.0,False,2.82,,4.0,87.58,0.95,1.66,2.32,2.82,2.82,10.67,50.79,2.11,50.19,42.97
1888654,FEAM,"5E Advanced Materials, Inc.",3.64,560340.01,False,2.79,,4.0,88.35,2.79,1.9,1.49,1.04,1.1,9.84,50.79,3.57,50.19,8.38
1435064,CETX,Cemtrex Inc.,2.05,91250.5,False,2.79,,4.0,83.03,0.59,0.92,1.69,1.9,2.79,4.04,50.79,4.21,91.29,10.49
1107421,TCRT,"Alaunos Therapeutics, Inc.",0.79,22104.0,False,2.73,,5.0,95.27,2.23,2.11,2.23,2.73,2.32,0.15,50.79,6.6,79.47,27.52
1749723,NFE,New Fortress Energy Inc.,4.35,753565.73,False,2.7,,5.0,98.54,2.7,1.16,0.33,0.15,0.06,6.92,50.79,2.53,50.19,1.22
1534525,XBIO,"Xenetic Biosciences, Inc.",2.13,74907.0,False,2.56,,4.0,86.75,2.56,2.05,1.99,2.17,1.72,8.2,50.79,2.5,88.83,36.23
320017,LSTA,"Lisata Therapeutics, Inc.",1.06,178132.0,False,2.53,,5.0,90.16,2.53,1.69,1.28,0.89,0.59,4.84,87.76,0.39,22.7,37.68
1690080,FRMM,"Forum Markets, Incorporated",4.48,651480.5,False,2.47,,5.0,95.66,2.47,1.55,1.66,1.49,1.78,1.43,50.79,4.58,50.19,10.67
1624512,BOXL,Boxlight Corporation,3.33,116072.5,False,2.44,,5.0,98.19,2.44,1.63,1.55,1.66,1.66,9.09,50.79,0.48,50.19,8.14
749647,IMNN,"Imunon, Inc.",1.07,90974.0,False,2.41,,4.0,86.78,2.41,1.6,1.16,1.25,0.95,8.95,50.79,1.4,6.51,18.69
1812727,EZRA,"Reliance Global Group, Inc.",1.95,143212.0,False,2.38,,4.0,86.95,2.38,1.75,1.43,0.74,1.31,0.3,50.79,5.38,2.67,8.74
1896212,CDT,CDT Equity Inc.,0.72,320842.07,False,2.35,,5.0,99.73,2.35,1.34,0.77,0.68,1.25,1.69,50.79,4.64,50.19,2.79
1650101,ATXG,Addentax Group Corp.,3.02,12714.0,False,2.26,,4.0,88.97,2.26,1.78,1.72,1.58,1.84,4.7,50.79,2.7,68.11,18.04
1674227,WORX,SCWorx Corp.,3.73,2399.3,False,2.17,,5.0,95.33,2.17,1.52,1.63,1.55,1.63,9.96,50.79,1.59,50.19,10.52
1853138,KDK,"Kodiak AI, Inc.",1.67,4343963.53,False,2.14,,4.0,89.45,2.02,2.14,1.93,1.84,1.87,0.71,50.79,64.49,88.74,18.19
1923891,NNE,Nano Nuclear Energy Inc.,15.34,31090843.2,True,2.11,,4.0,81.28,2.11,1.43,1.13,0.95,0.56,11.83,6.24,2.23,91.83,10.31
1095981,CNSY,"Cerenome, Inc.",1.93,234962.0,False,2.08,,4.0,88.11,0.24,0.36,1.34,1.93,2.08,1.84,50.79,3.51,92.07,14.71
1472091,PDSB,PDS Biotechnology Corporation,1.38,370657.44,False,2.02,,5.0,92.93,0.36,0.56,1.4,1.87,2.02,5.65,50.79,3.36,50.19,19.44
1662774,QNCX,"Quince Therapeutics, Inc.",31.73,746740.5,False,1.99,,5.0,95.57,0.45,1.31,1.6,1.63,1.99,0.89,50.79,17.74,4.84,10.04
1701756,SDOT,Sadot Group Inc.,9.08,1562522.99,True,1.9,,5.0,98.51,1.9,1.46,0.83,0.83,1.04,6.72,50.79,0.12,78.93,8.5
1763950,LTRN,Lantern Pharma Inc.,0.81,283751.99,False,1.87,,5.0,96.17,1.87,1.58,1.58,1.37,1.28,8.02,50.79,2.14,79.35,24.16
1828972,BZFD,"BuzzFeed, Inc.",1.19,393872.51,False,1.81,,5.0,91.68,0.42,0.77,1.46,1.81,1.4,7.88,50.79,2.26,4.01,35.87
1603978,AQB,"AquaBounty Technologies, Inc.",1.05,49516.4,False,1.75,,4.0,87.7,0.21,0.53,1.22,1.75,1.75,2.23,50.79,1.22,90.13,43.57
2022416,SLXN,Silexion Therapeutics Corp,0.21,158966.05,False,1.75,,5.0,97.62,1.75,1.13,1.04,1.07,0.98,3.98,50.79,1.49,73.85,4.25
1503802,KPTI,Karyopharm Therapeutics Inc.,0.61,2273910.57,False,1.72,,5.0,91.26,1.72,1.07,0.59,0.33,0.33,5.2,50.79,0.65,21.75,16.85
1218683,BGDE,"Big Digital Energy, Inc.",5.13,347483.5,False,1.66,,5.0,92.6,1.66,1.28,0.98,0.8,0.8,2.94,50.79,2.85,10.43,23.42
1716166,VVOS,"Vivos Therapeutics, Inc.",0.15,200122.7,False,1.6,,5.0,99.85,0.68,0.98,1.19,1.6,1.49,7.73,50.79,1.31,73.05,9.81
1211805,MYSZ,"My Size, Inc.",1.35,56293.5,False,1.58,,5.0,97.98,1.58,0.86,0.45,0.42,0.86,2.14,50.79,0.3,89.15,13.61
1934245,NWTG,"Newton Golf Company, Inc.",1.08,22036.0,False,1.55,,4.0,88.56,1.55,1.01,0.68,0.86,0.65,0.98,50.79,1.37,50.19,40.86
2022308,KIDZ,KIDZ AI Inc.,2.1,483170.89,False,1.52,,5.0,92.66,1.49,1.22,0.95,1.16,1.52,5.71,50.79,3.71,93.61,2.76
1857044,INDP,"Indaptus Therapeutics, Inc.",2.37,329541.19,False,1.43,,5.0,90.13,1.43,1.37,1.01,1.19,0.92,8.35,50.79,0.51,29.27,32.75
1714562,GAME,"GameSquare Holdings, Inc.",3.14,361482.5,False,1.4,,5.0,93.58,0.92,1.1,1.07,1.4,1.07,11.53,3.03,0.06,50.19,30.1
1544227,TPST,"Tempest Therapeutics, Inc.",0.76,188579.99,False,1.4,,5.0,96.26,1.4,1.04,0.86,0.71,0.68,5.29,50.79,0.92,67.93,7.4
1560293,TNON,"Tenon Medical, Inc.",3.41,724348.5,False,1.37,,5.0,95.07,1.37,0.95,0.65,0.51,0.74,5.88,2.35,0.77,71.8,13.19
1752828,CELU,Celularity Inc.,1.56,78274.14,False,1.37,,5.0,97.89,1.34,1.25,1.31,1.31,1.37,0.92,50.79,3.03,81.75,37.03
1809750,EDBL,Edible Garden AG Incorporated,1.07,223253.0,False,1.34,,5.0,94.03,1.19,0.8,0.48,0.48,1.34,1.9,50.79,3.18,76.67,4.19
1958777,FBLG,"FibroBiologics, Inc.",1.13,170786.75,False,1.31,,5.0,94.62,1.31,0.83,0.62,0.45,0.36,0.59,50.79,3.98,4.34,12.93
1627282,CWD,CaliberCos Inc.,0.51,120815.0,False,1.28,,5.0,97.33,1.28,0.74,0.53,0.53,0.51,3.15,50.79,2.02,50.19,10.43
1737523,BGLC,BioNexus Gene Lab Corp,1.29,6577.0,False,1.22,,5.0,93.11,0.27,0.27,0.8,1.22,1.22,2.79,50.79,1.9,50.19,24.58
2033770,DAIC,"CID HoldCo, Inc.",2.39,703509.52,False,1.22,,5.0,99.67,1.22,0.89,0.89,1.13,1.19,0.83,50.79,2.94,50.19,5.23
1938046,MGRX,"Mangoceuticals, Inc.",0.43,266218.09,False,1.16,,5.0,96.08,0.53,0.65,0.74,0.92,1.16,7.19,50.79,1.07,95.19,15.25
1615219,DCOY,Decoy Therapeutics Inc.,1.47,102391.5,False,1.16,,4.0,88.32,1.16,0.51,0.24,0.3,0.45,0.86,50.79,1.9,96.46,7.07
1348362,LEXX,Lexaria Bioscience Corp.,3.32,182765.19,False,1.1,,5.0,96.7,0.15,0.15,0.71,1.1,0.71,3.54,89.72,2.32,70.94,18.81
2030763,MEDS,"DataMeds AI, Inc.",3.4,264847.5,False,1.04,,5.0,99.49,1.04,0.71,0.92,1.01,0.77,1.66,96.85,3.92,22.35,4.58
1787740,VBIO,"Valion Bio, Inc.",2.14,413414.5,False,0.98,,5.0,91.8,0.98,0.33,0.15,0.06,0.12,2.41,87.46,1.34,20.83,4.04
1854445,BTLN,"Brightline Interactive, Inc.",5.38,76876.8,False,0.98,,5.0,93.88,0.12,0.12,0.51,0.98,0.83,0.24,2.44,2.56,96.26,38.4
1622345,POLA,"Polar Power, Inc.",1.14,120862.5,False,0.89,,5.0,98.1,0.39,0.18,0.42,0.62,0.89,1.25,50.79,2.44,92.75,21.01
1450704,VIVK,"Vivakor, Inc.",3.8,1709279.2,False,0.86,,5.0,98.37,0.86,0.3,0.09,0.12,0.24,1.16,50.79,1.43,93.58,2.62
1433607,NSPR,InspireMD Inc.,0.52,41899.0,False,0.83,,5.0,95.22,0.83,0.24,0.12,0.09,0.03,0.18,50.79,2.35,30.73,18.78
1534154,AUID,authID Inc.,0.35,107854.85,False,0.8,,5.0,95.87,0.8,0.48,0.39,0.27,0.18,0.53,50.79,1.1,50.19,11.23
1905956,TGL,Treasure Global Inc.,1.1,95464.0,False,0.77,,5.0,94.38,0.77,0.42,0.18,0.18,0.21,0.62,50.79,0.97,69.66,11.0
1506983,GCTK,"GlucoTrack, Inc.",1.11,342580.11,False,0.74,,5.0,97.47,0.74,0.59,0.3,0.21,0.3,0.68,50.79,3.8,24.4,4.55
1879403,LRHC,La Rosa Holdings Corp.,1.2,89667.0,False,0.65,,5.0,100.0,0.65,0.21,0.06,0.03,0.09,1.55,50.79,0.22,50.19,3.09
1709628,CSAI,"Cloudastructure, Inc.",2.59,108519.75,False,0.62,,5.0,98.96,0.56,0.39,0.36,0.36,0.62,1.4,50.79,0.89,99.58,11.89
1759186,ZSQR,Z Squared Inc.,5.66,1496891.97,True,0.62,,4.0,87.82,0.33,0.62,0.56,0.56,0.39,12.78,50.79,1.19,75.25,8.53
1889123,FLD,"Fold Holdings, Inc.",0.59,61181.5,False,0.59,,5.0,95.16,0.06,0.06,0.27,0.59,0.42,1.1,50.79,1.01,50.19,13.37
1591956,DRK,DarkHorse Technologies Inc.,2.75,670662.0,False,0.39,,4.0,88.62,0.09,0.09,0.21,0.39,0.27,1.63,50.79,1.75,50.19,22.38
1826011,PARA,"Banzai International, Inc.",0.66,198699.0,False,0.24,,5.0,92.15,0.03,0.03,0.03,0.24,0.15,0.12,93.14,1.46,82.91,10.55
